roundID,correct,gameID,index,numTrials,repNum,response,target,targetNum,trialNum,tangramURLs
01J1G2JBRWXWR3DE53QXM9PJQH,TRUE,01J1G1WHT9T93BKEMYX1GA4C93,17,65,1,/tangrams/3_17.png,/tangrams/3_17.png,2,17,"[""/tangrams/2_17.png"",""/tangrams/2_19.png"",""/tangrams/3_17.png"",""/tangrams/3_19.png""]"
01J1G2KBPB0Q0FCVYY8MVZG04R,TRUE,01J1G2BFP1PWCGVSRMBF7V50Z5,32,65,2,/tangrams/2_19.png,/tangrams/2_19.png,1,32,"[""/tangrams/2_19.png"",""/tangrams/3_19.png"",""/tangrams/3_18.png"",""/tangrams/2_18.png""]"
01J1G2W2A6NYFHGP0K9SA1BA3X,TRUE,01J1G1WHTAFKTGHBG3KKSCJSTE,13,65,0,/tangrams/12_28.png,/tangrams/12_28.png,14,13,"[""/tangrams/9_25.png"",""/tangrams/2_18.png"",""/tangrams/12_28.png"",""/tangrams/6_22.png""]"
01J1G3CMR5MNHT9GBSDNBSVSXS,TRUE,01J1G2BFNZX85J152SRG2XMJ7M,5,65,0,/tangrams/0_16.png,/tangrams/0_16.png,6,5,"[""/tangrams/3_19.png"",""/tangrams/0_16.png"",""/tangrams/1_18.png"",""/tangrams/2_17.png""]"
01J1G2YX33HJ8QD55HXNBS0HYM,TRUE,01J1G2BFP2D4J7V9H0V3XJEAHQ,10,65,0,/tangrams/14_30.png,/tangrams/14_30.png,11,10,"[""/tangrams/14_30.png"",""/tangrams/1_17.png"",""/tangrams/11_27.png"",""/tangrams/5_21.png""]"
01J1G3EE07PYTJJDXQJXD17ZN4,TRUE,01J1G2YKN01DFX61RSJD6JCCFB,27,65,1,/tangrams/0_19.png,/tangrams/0_19.png,12,27,"[""/tangrams/0_19.png"",""/tangrams/2_16.png"",""/tangrams/1_17.png"",""/tangrams/3_18.png""]"
01J1G3EE25A5ZG6Q1XZ9YNR388,TRUE,01J1G2YKN01DFX61RSJD6JCCFB,34,65,2,/tangrams/0_16.png,/tangrams/0_16.png,3,34,"[""/tangrams/2_19.png"",""/tangrams/1_17.png"",""/tangrams/3_18.png"",""/tangrams/0_16.png""]"
01J1G3EE7PXGBWNJ9DKEB63W5D,TRUE,01J1G2YKN01DFX61RSJD6JCCFB,55,65,3,/tangrams/1_17.png,/tangrams/1_17.png,8,55,"[""/tangrams/3_18.png"",""/tangrams/0_16.png"",""/tangrams/2_19.png"",""/tangrams/1_17.png""]"
01J1G2J4TPVHMM53Z0VCV5V3QB,FALSE,01J1G1WHT4GZEZV213005AZ1MM,35,65,2,NA,/tangrams/3_17.png,4,35,"[""/tangrams/1_18.png"",""/tangrams/2_19.png"",""/tangrams/3_17.png"",""/tangrams/0_16.png""]"
01J1G2J4V7F4BR91VT05FK0JKD,NA,01J1G1WHT4GZEZV213005AZ1MM,63,65,3,NA,/tangrams/3_18.png,16,63,"[""/tangrams/0_19.png"",""/tangrams/2_16.png"",""/tangrams/1_17.png"",""/tangrams/3_18.png""]"
01J1G2JBS85476NGFA2R7SZFVF,TRUE,01J1G1WHT9T93BKEMYX1GA4C93,34,65,2,/tangrams/0_16.png,/tangrams/0_16.png,3,34,"[""/tangrams/0_16.png"",""/tangrams/3_18.png"",""/tangrams/0_18.png"",""/tangrams/3_16.png""]"
01J1G2W2BYMYDQNYV2NQNT591G,TRUE,01J1G1WHTAFKTGHBG3KKSCJSTE,32,65,2,/tangrams/5_21.png,/tangrams/5_21.png,1,32,"[""/tangrams/8_24.png"",""/tangrams/2_18.png"",""/tangrams/9_25.png"",""/tangrams/5_21.png""]"
01J1G2J4T277PH8PDRP6KW1D92,FALSE,01J1G1WHT4GZEZV213005AZ1MM,2,65,0,NA,/tangrams/1_18.png,3,2,"[""/tangrams/3_19.png"",""/tangrams/1_18.png"",""/tangrams/2_16.png"",""/tangrams/0_17.png""]"
01J1G2KBP435BJ5PYT1WFK5XJV,TRUE,01J1G2BFP1PWCGVSRMBF7V50Z5,23,65,1,/tangrams/0_16.png,/tangrams/0_16.png,8,23,"[""/tangrams/0_18.png"",""/tangrams/2_18.png"",""/tangrams/0_16.png"",""/tangrams/2_16.png""]"
01J1G3CMX0FPGX3SEWG6JMZYEC,TRUE,01J1G2BFNZX85J152SRG2XMJ7M,17,65,1,/tangrams/2_19.png,/tangrams/2_19.png,2,17,"[""/tangrams/1_17.png"",""/tangrams/0_16.png"",""/tangrams/3_18.png"",""/tangrams/2_19.png""]"
01J1G3CMZ935ZK18CJ1XEYRW53,TRUE,01J1G2BFNZX85J152SRG2XMJ7M,39,65,2,/tangrams/0_17.png,/tangrams/0_17.png,8,39,"[""/tangrams/1_18.png"",""/tangrams/3_19.png"",""/tangrams/2_16.png"",""/tangrams/0_17.png""]"
01J1G2KBPP5PHWZAP44M0TJRNN,TRUE,01J1G2BFP1PWCGVSRMBF7V50Z5,43,65,2,/tangrams/0_19.png,/tangrams/0_19.png,12,43,"[""/tangrams/0_19.png"",""/tangrams/1_16.png"",""/tangrams/0_16.png"",""/tangrams/1_19.png""]"
01J1G2W2A9KWFZX4D8GHC1BRSV,TRUE,01J1G1WHTAFKTGHBG3KKSCJSTE,16,65,1,/tangrams/1_17.png,/tangrams/1_17.png,1,16,"[""/tangrams/0_16.png"",""/tangrams/15_31.png"",""/tangrams/3_19.png"",""/tangrams/1_17.png""]"
01J1G2W2C5KTMSNNRXHVXBND70,TRUE,01J1G1WHTAFKTGHBG3KKSCJSTE,38,65,2,/tangrams/6_22.png,/tangrams/6_22.png,7,38,"[""/tangrams/6_22.png"",""/tangrams/9_25.png"",""/tangrams/7_23.png"",""/tangrams/11_27.png""]"
01J1G2YX3ESA7CZRC4AZCMZWHZ,TRUE,01J1G2BFP2D4J7V9H0V3XJEAHQ,12,65,0,/tangrams/8_24.png,/tangrams/8_24.png,13,12,"[""/tangrams/8_24.png"",""/tangrams/13_29.png"",""/tangrams/2_18.png"",""/tangrams/4_20.png""]"
01J1G2YX4ZHSZ9MKVPNZ715A2M,TRUE,01J1G2BFP2D4J7V9H0V3XJEAHQ,25,65,1,/tangrams/14_30.png,/tangrams/14_30.png,10,25,"[""/tangrams/9_25.png"",""/tangrams/15_31.png"",""/tangrams/14_30.png"",""/tangrams/13_29.png""]"
01J1G3EE2V5WQY45PDR8GKVY8C,TRUE,01J1G2YKN01DFX61RSJD6JCCFB,35,65,2,/tangrams/2_17.png,/tangrams/2_17.png,4,35,"[""/tangrams/3_16.png"",""/tangrams/1_18.png"",""/tangrams/0_19.png"",""/tangrams/2_17.png""]"
01J1G2J4THYT2XRQKR7DZ9KYR6,FALSE,01J1G1WHT4GZEZV213005AZ1MM,29,65,1,NA,/tangrams/1_19.png,14,29,"[""/tangrams/2_16.png"",""/tangrams/3_18.png"",""/tangrams/0_17.png"",""/tangrams/1_19.png""]"
01J1G2J4TPVHMM53Z0W0TJVQH1,FALSE,01J1G1WHT4GZEZV213005AZ1MM,45,65,2,NA,/tangrams/2_18.png,14,45,"[""/tangrams/2_18.png"",""/tangrams/1_16.png"",""/tangrams/3_17.png"",""/tangrams/0_19.png""]"
01J1G2JBRWXWR3DE53RQ90KV98,TRUE,01J1G1WHT9T93BKEMYX1GA4C93,15,65,0,/tangrams/2_19.png,/tangrams/2_19.png,16,15,"[""/tangrams/0_19.png"",""/tangrams/2_18.png"",""/tangrams/0_18.png"",""/tangrams/2_19.png""]"
01J1G2KBP240CQ18VC4BH7EF3W,TRUE,01J1G2BFP1PWCGVSRMBF7V50Z5,22,65,1,/tangrams/2_17.png,/tangrams/2_17.png,7,22,"[""/tangrams/1_17.png"",""/tangrams/2_16.png"",""/tangrams/1_16.png"",""/tangrams/2_17.png""]"
01J1G3CMT7YAZR6VYYECKVYXGQ,TRUE,01J1G2BFNZX85J152SRG2XMJ7M,54,65,3,/tangrams/2_19.png,/tangrams/2_19.png,7,54,"[""/tangrams/1_18.png"",""/tangrams/0_16.png"",""/tangrams/3_17.png"",""/tangrams/2_19.png""]"
01J1G2KBPFC4M2GYD4DYDA3PZR,TRUE,01J1G2BFP1PWCGVSRMBF7V50Z5,35,65,2,/tangrams/0_18.png,/tangrams/0_18.png,4,35,"[""/tangrams/1_18.png"",""/tangrams/0_18.png"",""/tangrams/1_16.png"",""/tangrams/0_16.png""]"
01J1G2KBPT1AXCR1SRPC2QGK2G,FALSE,01J1G2BFP1PWCGVSRMBF7V50Z5,5,65,0,/tangrams/0_18.png,/tangrams/3_18.png,6,5,"[""/tangrams/0_18.png"",""/tangrams/0_19.png"",""/tangrams/3_19.png"",""/tangrams/3_18.png""]"
01J1G2KBPY94JP867EAKNQXVYM,TRUE,01J1G2BFP1PWCGVSRMBF7V50Z5,50,65,3,/tangrams/1_17.png,/tangrams/1_17.png,3,50,"[""/tangrams/1_16.png"",""/tangrams/2_17.png"",""/tangrams/2_16.png"",""/tangrams/1_17.png""]"
01J1G2W29VVB9WRHMA1EWZY8WK,TRUE,01J1G1WHTAFKTGHBG3KKSCJSTE,6,65,0,/tangrams/13_29.png,/tangrams/13_29.png,7,6,"[""/tangrams/2_18.png"",""/tangrams/5_21.png"",""/tangrams/13_29.png"",""/tangrams/1_17.png""]"
01J1G2J4TVQ98G9Q0H6P1STFGN,NA,01J1G1WHT4GZEZV213005AZ1MM,51,65,3,NA,/tangrams/0_16.png,4,51,"[""/tangrams/3_19.png"",""/tangrams/2_17.png"",""/tangrams/1_18.png"",""/tangrams/0_16.png""]"
01J1G2JBSB00KJV75W3AFCT8GQ,TRUE,01J1G1WHT9T93BKEMYX1GA4C93,37,65,2,/tangrams/3_18.png,/tangrams/3_18.png,6,37,"[""/tangrams/3_19.png"",""/tangrams/3_18.png"",""/tangrams/0_18.png"",""/tangrams/0_19.png""]"
01J1G3EE6KGJGX7VVW1JJPV2QA,TRUE,01J1G2YKN01DFX61RSJD6JCCFB,49,65,3,/tangrams/0_16.png,/tangrams/0_16.png,2,49,"[""/tangrams/2_19.png"",""/tangrams/1_17.png"",""/tangrams/0_16.png"",""/tangrams/3_18.png""]"
01J1G2JBSFMQ6YMPAD6NQA7BFX,TRUE,01J1G1WHT9T93BKEMYX1GA4C93,43,65,2,/tangrams/3_17.png,/tangrams/3_17.png,12,43,"[""/tangrams/2_18.png"",""/tangrams/3_17.png"",""/tangrams/2_17.png"",""/tangrams/3_18.png""]"
01J1G2KBPSFFWXWVA1NPS2RFKT,TRUE,01J1G2BFP1PWCGVSRMBF7V50Z5,44,65,2,/tangrams/1_16.png,/tangrams/1_16.png,13,44,"[""/tangrams/1_19.png"",""/tangrams/2_19.png"",""/tangrams/1_16.png"",""/tangrams/2_16.png""]"
01J1G2YX74N2MTCRJ5F30QEWB5,TRUE,01J1G2BFP2D4J7V9H0V3XJEAHQ,46,65,2,/tangrams/10_26.png,/tangrams/10_26.png,15,46,"[""/tangrams/6_22.png"",""/tangrams/14_30.png"",""/tangrams/10_26.png"",""/tangrams/3_19.png""]"
01J1G3CMW9CX1KCEH91SPV6TBF,TRUE,01J1G2BFNZX85J152SRG2XMJ7M,31,65,1,/tangrams/0_17.png,/tangrams/0_17.png,16,31,"[""/tangrams/3_19.png"",""/tangrams/1_18.png"",""/tangrams/2_16.png"",""/tangrams/0_17.png""]"
01J1G2KBPDAGFXSKTRSBTJ11J6,TRUE,01J1G2BFP1PWCGVSRMBF7V50Z5,33,65,2,/tangrams/0_16.png,/tangrams/0_16.png,2,33,"[""/tangrams/0_17.png"",""/tangrams/3_16.png"",""/tangrams/0_16.png"",""/tangrams/3_17.png""]"
01J1G3EDYBMKRX81HRP1KFS821,TRUE,01J1G2YKN01DFX61RSJD6JCCFB,18,65,1,/tangrams/0_16.png,/tangrams/0_16.png,3,18,"[""/tangrams/0_16.png"",""/tangrams/1_19.png"",""/tangrams/3_18.png"",""/tangrams/2_17.png""]"
01J1G3EE014NS8KCA9QG81TADJ,TRUE,01J1G2YKN01DFX61RSJD6JCCFB,26,65,1,/tangrams/2_18.png,/tangrams/2_18.png,11,26,"[""/tangrams/1_19.png"",""/tangrams/0_16.png"",""/tangrams/3_17.png"",""/tangrams/2_18.png""]"
01J1G3EE8XMNX84QP39Y0NZFGP,TRUE,01J1G2YKN01DFX61RSJD6JCCFB,63,65,3,/tangrams/0_18.png,/tangrams/0_18.png,16,63,"[""/tangrams/3_17.png"",""/tangrams/0_18.png"",""/tangrams/2_16.png"",""/tangrams/1_19.png""]"
01J1G2J4TQW0FDESB1NAQ76VDQ,FALSE,01J1G1WHT4GZEZV213005AZ1MM,44,65,2,NA,/tangrams/0_19.png,13,44,"[""/tangrams/3_16.png"",""/tangrams/1_18.png"",""/tangrams/0_19.png"",""/tangrams/2_17.png""]"
01J1G3EDVFS95VFBJ6H44M7C1X,TRUE,01J1G2YKN01DFX61RSJD6JCCFB,9,65,0,/tangrams/1_18.png,/tangrams/1_18.png,10,9,"[""/tangrams/3_19.png"",""/tangrams/1_18.png"",""/tangrams/0_16.png"",""/tangrams/2_17.png""]"
01J1G3EE48A6SR7S87Y0M3W8PP,TRUE,01J1G2YKN01DFX61RSJD6JCCFB,40,65,2,/tangrams/2_19.png,/tangrams/2_19.png,9,40,"[""/tangrams/1_16.png"",""/tangrams/2_19.png"",""/tangrams/0_17.png"",""/tangrams/3_18.png""]"
01J1G3CMZF2TMPBNJ52D05PNW7,TRUE,01J1G2BFNZX85J152SRG2XMJ7M,27,65,1,/tangrams/0_18.png,/tangrams/0_18.png,12,27,"[""/tangrams/2_19.png"",""/tangrams/0_18.png"",""/tangrams/3_17.png"",""/tangrams/1_16.png""]"
01J1G3EDT0GY60ZB1P1N7YFYVQ,TRUE,01J1G2YKN01DFX61RSJD6JCCFB,3,65,0,/tangrams/0_19.png,/tangrams/0_19.png,4,3,"[""/tangrams/0_19.png"",""/tangrams/2_17.png"",""/tangrams/1_16.png"",""/tangrams/3_18.png""]"
01J1G2J4THYT2XRQKR6FVBSXDA,FALSE,01J1G1WHT4GZEZV213005AZ1MM,34,65,2,NA,/tangrams/0_18.png,3,34,"[""/tangrams/0_18.png"",""/tangrams/1_19.png"",""/tangrams/3_17.png"",""/tangrams/2_16.png""]"
01J1G2J4TWQ182PRJGXQHRH22V,NA,01J1G1WHT4GZEZV213005AZ1MM,55,65,3,NA,/tangrams/2_17.png,8,55,"[""/tangrams/2_17.png"",""/tangrams/3_16.png"",""/tangrams/0_19.png"",""/tangrams/1_18.png""]"
01J1G2JBRSYN3152BWAMK668JM,TRUE,01J1G1WHT9T93BKEMYX1GA4C93,10,65,0,/tangrams/0_17.png,/tangrams/0_17.png,11,10,"[""/tangrams/0_19.png"",""/tangrams/1_17.png"",""/tangrams/1_19.png"",""/tangrams/0_17.png""]"
01J1G3CMW5GG9BVVMFEGMBS5YQ,TRUE,01J1G2BFNZX85J152SRG2XMJ7M,52,65,3,/tangrams/3_18.png,/tangrams/3_18.png,5,52,"[""/tangrams/3_18.png"",""/tangrams/1_17.png"",""/tangrams/0_16.png"",""/tangrams/2_19.png""]"
01J1G2KBNP2R1CBCFE7QCAQCR1,TRUE,01J1G2BFP1PWCGVSRMBF7V50Z5,8,65,0,/tangrams/1_18.png,/tangrams/1_18.png,9,8,"[""/tangrams/2_18.png"",""/tangrams/1_18.png"",""/tangrams/1_19.png"",""/tangrams/2_19.png""]"
01J1G2YX6WPCMC99E3H8ETG5RQ,TRUE,01J1G2BFP2D4J7V9H0V3XJEAHQ,42,65,2,/tangrams/14_30.png,/tangrams/14_30.png,11,42,"[""/tangrams/14_30.png"",""/tangrams/10_26.png"",""/tangrams/12_28.png"",""/tangrams/13_29.png""]"
01J1G2YX8P9NXA8639HVC8RT97,TRUE,01J1G2BFP2D4J7V9H0V3XJEAHQ,55,65,3,/tangrams/10_26.png,/tangrams/10_26.png,8,55,"[""/tangrams/5_21.png"",""/tangrams/7_23.png"",""/tangrams/10_26.png"",""/tangrams/11_27.png""]"
01J1G2KBNA9Z6EVR95N8JG04DD,FALSE,01J1G2BFP1PWCGVSRMBF7V50Z5,25,65,1,/tangrams/1_18.png,/tangrams/1_17.png,10,25,"[""/tangrams/1_17.png"",""/tangrams/3_18.png"",""/tangrams/3_17.png"",""/tangrams/1_18.png""]"
01J1G2W2CTANKMV5EP7SFDAH7G,TRUE,01J1G1WHTAFKTGHBG3KKSCJSTE,49,65,3,/tangrams/7_23.png,/tangrams/7_23.png,2,49,"[""/tangrams/7_23.png"",""/tangrams/5_21.png"",""/tangrams/15_31.png"",""/tangrams/1_17.png""]"
01J1G2W29XS1D5B0MQVXMZ7XYN,TRUE,01J1G1WHTAFKTGHBG3KKSCJSTE,7,65,0,/tangrams/1_17.png,/tangrams/1_17.png,8,7,"[""/tangrams/3_19.png"",""/tangrams/6_22.png"",""/tangrams/15_31.png"",""/tangrams/1_17.png""]"
01J1G2J4TTR273RMA0HWTS9RQN,NA,01J1G1WHT4GZEZV213005AZ1MM,48,65,3,NA,/tangrams/1_18.png,1,48,"[""/tangrams/0_16.png"",""/tangrams/3_19.png"",""/tangrams/1_18.png"",""/tangrams/2_17.png""]"
01J1G2KBP3E1JBJ61KMSPPMSRW,TRUE,01J1G2BFP1PWCGVSRMBF7V50Z5,19,65,1,/tangrams/0_18.png,/tangrams/0_18.png,4,19,"[""/tangrams/0_16.png"",""/tangrams/2_16.png"",""/tangrams/2_18.png"",""/tangrams/0_18.png""]"
01J1G3EE0JW6068C69CVP7BWKT,TRUE,01J1G2YKN01DFX61RSJD6JCCFB,28,65,1,/tangrams/3_16.png,/tangrams/3_16.png,13,28,"[""/tangrams/3_16.png"",""/tangrams/1_18.png"",""/tangrams/2_19.png"",""/tangrams/0_17.png""]"
01J1G3CMTK7TQT6QFRHF0P7G7D,TRUE,01J1G2BFNZX85J152SRG2XMJ7M,51,65,3,/tangrams/2_16.png,/tangrams/2_16.png,4,51,"[""/tangrams/0_17.png"",""/tangrams/2_16.png"",""/tangrams/3_19.png"",""/tangrams/1_18.png""]"
01J1G3CMWQZ57ZCWY8VER40871,TRUE,01J1G2BFNZX85J152SRG2XMJ7M,35,65,2,/tangrams/1_19.png,/tangrams/1_19.png,4,35,"[""/tangrams/1_19.png"",""/tangrams/0_18.png"",""/tangrams/3_16.png"",""/tangrams/2_17.png""]"
01J1G3EDY2G6DN8XX41220YDKY,TRUE,01J1G2YKN01DFX61RSJD6JCCFB,17,65,1,/tangrams/0_18.png,/tangrams/0_18.png,2,17,"[""/tangrams/2_16.png"",""/tangrams/0_18.png"",""/tangrams/3_17.png"",""/tangrams/1_19.png""]"
01J1G2JBRVZQMFP25GZ2AK8MVM,TRUE,01J1G1WHT9T93BKEMYX1GA4C93,16,65,1,/tangrams/2_17.png,/tangrams/2_17.png,1,16,"[""/tangrams/1_16.png"",""/tangrams/1_17.png"",""/tangrams/2_17.png"",""/tangrams/2_16.png""]"
01J1G2KBQDZV9PFPTX0HA56R7R,TRUE,01J1G2BFP1PWCGVSRMBF7V50Z5,63,65,3,/tangrams/0_18.png,/tangrams/0_18.png,16,63,"[""/tangrams/0_19.png"",""/tangrams/2_19.png"",""/tangrams/0_18.png"",""/tangrams/2_18.png""]"
01J1G2W2CFG2E3F4MZK4MN2ZXY,TRUE,01J1G1WHTAFKTGHBG3KKSCJSTE,43,65,2,/tangrams/7_23.png,/tangrams/7_23.png,12,43,"[""/tangrams/8_24.png"",""/tangrams/7_23.png"",""/tangrams/0_16.png"",""/tangrams/2_18.png""]"
01J1G2YX47TR6RW28C7X9XSAW7,TRUE,01J1G2BFP2D4J7V9H0V3XJEAHQ,20,65,1,/tangrams/12_28.png,/tangrams/12_28.png,5,20,"[""/tangrams/10_26.png"",""/tangrams/6_22.png"",""/tangrams/12_28.png"",""/tangrams/11_27.png""]"
01J1G3EDYNN4PK1WEQT2GY747B,FALSE,01J1G2YKN01DFX61RSJD6JCCFB,0,65,0,NA,/tangrams/3_19.png,1,0,"[""/tangrams/3_19.png"",""/tangrams/1_17.png"",""/tangrams/0_18.png"",""/tangrams/2_16.png""]"
01J1G3EE4R1XANK372DR78J1W1,TRUE,01J1G2YKN01DFX61RSJD6JCCFB,45,65,2,/tangrams/1_18.png,/tangrams/1_18.png,14,45,"[""/tangrams/1_18.png"",""/tangrams/2_19.png"",""/tangrams/3_17.png"",""/tangrams/0_16.png""]"
01J1G3EE69Q7HB1MPMMMX2HHGG,TRUE,01J1G2YKN01DFX61RSJD6JCCFB,47,65,2,/tangrams/1_19.png,/tangrams/1_19.png,16,47,"[""/tangrams/3_16.png"",""/tangrams/0_18.png"",""/tangrams/1_19.png"",""/tangrams/2_17.png""]"
01J1G2W2AE5VTDDMETHPJVKJEQ,TRUE,01J1G1WHTAFKTGHBG3KKSCJSTE,20,65,1,/tangrams/6_22.png,/tangrams/6_22.png,5,20,"[""/tangrams/6_22.png"",""/tangrams/12_28.png"",""/tangrams/13_29.png"",""/tangrams/10_26.png""]"
01J1G3EDWBX9CB18YHXHCMA5AW,TRUE,01J1G2YKN01DFX61RSJD6JCCFB,13,65,0,/tangrams/3_18.png,/tangrams/3_18.png,14,13,"[""/tangrams/2_16.png"",""/tangrams/0_19.png"",""/tangrams/3_18.png"",""/tangrams/1_17.png""]"
01J1G2J4TNTXQ3AHKRJ8DKHEMG,FALSE,01J1G1WHT4GZEZV213005AZ1MM,41,65,2,NA,/tangrams/2_17.png,10,41,"[""/tangrams/0_18.png"",""/tangrams/3_19.png"",""/tangrams/2_17.png"",""/tangrams/1_16.png""]"
01J1G2JBSA21HA4T4HT28XTC58,TRUE,01J1G1WHT9T93BKEMYX1GA4C93,36,65,2,/tangrams/1_16.png,/tangrams/1_16.png,5,36,"[""/tangrams/0_16.png"",""/tangrams/0_17.png"",""/tangrams/1_16.png"",""/tangrams/1_17.png""]"
01J1G2KBNGJ6MS1Y1G059HYVE2,TRUE,01J1G2BFP1PWCGVSRMBF7V50Z5,6,65,0,/tangrams/1_17.png,/tangrams/1_17.png,7,6,"[""/tangrams/1_19.png"",""/tangrams/0_19.png"",""/tangrams/1_17.png"",""/tangrams/0_17.png""]"
01J1G2KBPEM30E829MYR83836T,TRUE,01J1G2BFP1PWCGVSRMBF7V50Z5,34,65,2,/tangrams/3_19.png,/tangrams/3_19.png,3,34,"[""/tangrams/2_18.png"",""/tangrams/3_19.png"",""/tangrams/3_18.png"",""/tangrams/2_19.png""]"
01J1G2J4T5JJQ3ZSSXMYDNSSZT,FALSE,01J1G1WHT4GZEZV213005AZ1MM,3,65,0,NA,/tangrams/3_18.png,4,3,"[""/tangrams/1_16.png"",""/tangrams/3_18.png"",""/tangrams/0_17.png"",""/tangrams/2_19.png""]"
01J1G2JBSGRMK7XV87DQY57KYF,TRUE,01J1G1WHT9T93BKEMYX1GA4C93,46,65,2,/tangrams/3_16.png,/tangrams/3_16.png,15,46,"[""/tangrams/2_16.png"",""/tangrams/3_17.png"",""/tangrams/2_17.png"",""/tangrams/3_16.png""]"
01J1G2W2D7QQPZ74DFTYBAKS4F,TRUE,01J1G1WHTAFKTGHBG3KKSCJSTE,57,65,3,/tangrams/14_30.png,/tangrams/14_30.png,10,57,"[""/tangrams/15_31.png"",""/tangrams/14_30.png"",""/tangrams/7_23.png"",""/tangrams/12_28.png""]"
01J1G3EE38S8HYXD6GF5V4CN0S,TRUE,01J1G2YKN01DFX61RSJD6JCCFB,37,65,2,/tangrams/1_17.png,/tangrams/1_17.png,6,37,"[""/tangrams/0_16.png"",""/tangrams/3_18.png"",""/tangrams/2_19.png"",""/tangrams/1_17.png""]"
01J1G3EDVW1G72XRS8VTY4H4BF,TRUE,01J1G2YKN01DFX61RSJD6JCCFB,10,65,0,/tangrams/2_16.png,/tangrams/2_16.png,11,10,"[""/tangrams/2_16.png"",""/tangrams/0_17.png"",""/tangrams/3_18.png"",""/tangrams/1_19.png""]"
01J1G2J4SX747H9S7KP1FN4M2X,FALSE,01J1G1WHT4GZEZV213005AZ1MM,7,65,0,NA,/tangrams/3_17.png,8,7,"[""/tangrams/1_18.png"",""/tangrams/0_16.png"",""/tangrams/2_19.png"",""/tangrams/3_17.png""]"
01J1G2W2AVC7QP9EX8EZ45BWDT,TRUE,01J1G1WHTAFKTGHBG3KKSCJSTE,25,65,1,/tangrams/7_23.png,/tangrams/7_23.png,10,25,"[""/tangrams/10_26.png"",""/tangrams/15_31.png"",""/tangrams/9_25.png"",""/tangrams/7_23.png""]"
01J1G3CMWDYFFP712MNA5DZRTR,TRUE,01J1G2BFNZX85J152SRG2XMJ7M,42,65,2,/tangrams/0_19.png,/tangrams/0_19.png,11,42,"[""/tangrams/2_18.png"",""/tangrams/0_19.png"",""/tangrams/1_17.png"",""/tangrams/3_16.png""]"
01J1G3CN0Q5Y9GNYSAA2YRD535,TRUE,01J1G2BFNZX85J152SRG2XMJ7M,8,65,0,/tangrams/3_19.png,/tangrams/3_19.png,9,8,"[""/tangrams/0_18.png"",""/tangrams/3_19.png"",""/tangrams/1_17.png"",""/tangrams/2_16.png""]"
01J1G3EDSPWJGE9VQ077G8HXH1,TRUE,01J1G2YKN01DFX61RSJD6JCCFB,20,65,1,/tangrams/2_16.png,/tangrams/2_16.png,5,20,"[""/tangrams/2_16.png"",""/tangrams/3_18.png"",""/tangrams/1_19.png"",""/tangrams/0_17.png""]"
01J1G2J4SYA7QKATDJSV7GD66P,FALSE,01J1G1WHT4GZEZV213005AZ1MM,22,65,1,NA,/tangrams/3_19.png,7,22,"[""/tangrams/1_18.png"",""/tangrams/2_17.png"",""/tangrams/0_16.png"",""/tangrams/3_19.png""]"
01J1G2J4SZY3FW7469PMB1TGYJ,FALSE,01J1G1WHT4GZEZV213005AZ1MM,5,65,0,NA,/tangrams/1_19.png,6,5,"[""/tangrams/2_18.png"",""/tangrams/0_17.png"",""/tangrams/3_16.png"",""/tangrams/1_19.png""]"
01J1G2J4TAWWM30067H07NFSVV,FALSE,01J1G1WHT4GZEZV213005AZ1MM,4,65,0,NA,/tangrams/0_18.png,5,4,"[""/tangrams/2_16.png"",""/tangrams/0_18.png"",""/tangrams/1_19.png"",""/tangrams/3_17.png""]"
01J1G2JBSH12YE7HT16GWVF9RW,TRUE,01J1G1WHT9T93BKEMYX1GA4C93,47,65,2,/tangrams/1_18.png,/tangrams/1_18.png,16,47,"[""/tangrams/1_18.png"",""/tangrams/2_17.png"",""/tangrams/2_18.png"",""/tangrams/1_17.png""]"
01J1G2KBP53MDWB70Z9QKVT2EV,TRUE,01J1G2BFP1PWCGVSRMBF7V50Z5,27,65,1,/tangrams/2_18.png,/tangrams/2_18.png,12,27,"[""/tangrams/3_18.png"",""/tangrams/2_18.png"",""/tangrams/2_17.png"",""/tangrams/3_17.png""]"
01J1G2YX2M641341SFGA9NGYRA,TRUE,01J1G2BFP2D4J7V9H0V3XJEAHQ,1,65,0,/tangrams/10_26.png,/tangrams/10_26.png,2,1,"[""/tangrams/13_29.png"",""/tangrams/1_17.png"",""/tangrams/10_26.png"",""/tangrams/14_30.png""]"
01J1G2YX2RERTRBBYXBEH7SHXW,TRUE,01J1G2BFP2D4J7V9H0V3XJEAHQ,2,65,0,/tangrams/7_23.png,/tangrams/7_23.png,3,2,"[""/tangrams/4_20.png"",""/tangrams/7_23.png"",""/tangrams/0_16.png"",""/tangrams/5_21.png""]"
01J1G3CMQERDSPNP4NV6X8S2R0,TRUE,01J1G2BFNZX85J152SRG2XMJ7M,1,65,0,/tangrams/0_19.png,/tangrams/0_19.png,2,1,"[""/tangrams/3_16.png"",""/tangrams/0_19.png"",""/tangrams/2_18.png"",""/tangrams/1_17.png""]"
01J1G3CN0VK4KZBWG7VVNE5TP6,TRUE,01J1G2BFNZX85J152SRG2XMJ7M,11,65,0,/tangrams/2_18.png,/tangrams/2_18.png,12,11,"[""/tangrams/3_19.png"",""/tangrams/0_16.png"",""/tangrams/2_18.png"",""/tangrams/1_17.png""]"
01J1G3EDYV0SPG8RKJ0ZDHGVQ2,TRUE,01J1G2YKN01DFX61RSJD6JCCFB,22,65,1,/tangrams/3_17.png,/tangrams/3_17.png,7,22,"[""/tangrams/2_19.png"",""/tangrams/1_18.png"",""/tangrams/0_16.png"",""/tangrams/3_17.png""]"
01J1G2KBPXX5N7MBZAWK6TBQ46,TRUE,01J1G2BFP1PWCGVSRMBF7V50Z5,49,65,3,/tangrams/2_17.png,/tangrams/2_17.png,2,49,"[""/tangrams/2_17.png"",""/tangrams/0_16.png"",""/tangrams/0_17.png"",""/tangrams/2_16.png""]"
01J1G2KBQCT5Z28CX2VAJW7N41,TRUE,01J1G2BFP1PWCGVSRMBF7V50Z5,55,65,3,/tangrams/3_16.png,/tangrams/3_16.png,8,55,"[""/tangrams/0_16.png"",""/tangrams/0_19.png"",""/tangrams/3_19.png"",""/tangrams/3_16.png""]"
01J1G2W29T0Q8D4EQQVS0Y6T9F,FALSE,01J1G1WHTAFKTGHBG3KKSCJSTE,5,65,0,/tangrams/13_29.png,/tangrams/5_21.png,6,5,"[""/tangrams/12_28.png"",""/tangrams/6_22.png"",""/tangrams/5_21.png"",""/tangrams/13_29.png""]"
01J1G2W2A5Q4XW7QZFS764MBH8,TRUE,01J1G1WHTAFKTGHBG3KKSCJSTE,12,65,0,/tangrams/8_24.png,/tangrams/8_24.png,13,12,"[""/tangrams/0_16.png"",""/tangrams/6_22.png"",""/tangrams/8_24.png"",""/tangrams/11_27.png""]"
01J1G2J4T7872TNP1PKEZG5RP0,FALSE,01J1G1WHT4GZEZV213005AZ1MM,9,65,0,NA,/tangrams/3_19.png,10,9,"[""/tangrams/2_16.png"",""/tangrams/0_18.png"",""/tangrams/1_17.png"",""/tangrams/3_19.png""]"
01J1G2J4T961CVBWF23B88WJRW,FALSE,01J1G1WHT4GZEZV213005AZ1MM,13,65,0,NA,/tangrams/3_16.png,14,13,"[""/tangrams/1_17.png"",""/tangrams/0_18.png"",""/tangrams/3_16.png"",""/tangrams/2_19.png""]"
01J1G3CN00WDMRY34CGHX9MT74,TRUE,01J1G2BFNZX85J152SRG2XMJ7M,13,65,0,/tangrams/0_18.png,/tangrams/0_18.png,14,13,"[""/tangrams/0_18.png"",""/tangrams/2_19.png"",""/tangrams/1_17.png"",""/tangrams/3_16.png""]"
01J1G2JBSFMQ6YMPAD5VZQNG6T,TRUE,01J1G1WHT9T93BKEMYX1GA4C93,42,65,2,/tangrams/0_17.png,/tangrams/0_17.png,11,42,"[""/tangrams/0_17.png"",""/tangrams/1_18.png"",""/tangrams/0_18.png"",""/tangrams/1_17.png""]"
01J1G2YX96GWB8F7GEG69ZNQKW,TRUE,01J1G2BFP2D4J7V9H0V3XJEAHQ,60,65,3,/tangrams/8_24.png,/tangrams/8_24.png,13,60,"[""/tangrams/8_24.png"",""/tangrams/0_16.png"",""/tangrams/10_26.png"",""/tangrams/13_29.png""]"
01J1G3CMTWK4BQ9N2DW3PAN3FZ,TRUE,01J1G2BFNZX85J152SRG2XMJ7M,45,65,2,/tangrams/0_18.png,/tangrams/0_18.png,14,45,"[""/tangrams/0_18.png"",""/tangrams/2_19.png"",""/tangrams/3_16.png"",""/tangrams/1_17.png""]"
01J1G2J4TJ4HE598X4SQPJTMNA,FALSE,01J1G1WHT4GZEZV213005AZ1MM,39,65,2,NA,/tangrams/1_16.png,8,39,"[""/tangrams/0_17.png"",""/tangrams/1_16.png"",""/tangrams/3_19.png"",""/tangrams/2_18.png""]"
01J1G2W2A30GNYYB304604G8H9,TRUE,01J1G1WHTAFKTGHBG3KKSCJSTE,9,65,0,/tangrams/10_26.png,/tangrams/10_26.png,10,9,"[""/tangrams/10_26.png"",""/tangrams/9_25.png"",""/tangrams/14_30.png"",""/tangrams/15_31.png""]"
01J1G2W2D99M3RVMA2NTA152MV,TRUE,01J1G1WHTAFKTGHBG3KKSCJSTE,58,65,3,/tangrams/9_25.png,/tangrams/9_25.png,11,58,"[""/tangrams/4_20.png"",""/tangrams/12_28.png"",""/tangrams/9_25.png"",""/tangrams/14_30.png""]"
01J1G2YX9AVFAXNPRCSDYCMJ0P,TRUE,01J1G2BFP2D4J7V9H0V3XJEAHQ,58,65,3,/tangrams/0_16.png,/tangrams/0_16.png,11,58,"[""/tangrams/10_26.png"",""/tangrams/0_16.png"",""/tangrams/12_28.png"",""/tangrams/11_27.png""]"
01J1G2J4TFDTMKS0MYA76CEAZT,FALSE,01J1G1WHT4GZEZV213005AZ1MM,19,65,1,NA,/tangrams/1_17.png,4,19,"[""/tangrams/1_17.png"",""/tangrams/2_18.png"",""/tangrams/3_19.png"",""/tangrams/0_16.png""]"
01J1G2KBPK2Q1B44PWXPV62V73,FALSE,01J1G2BFP1PWCGVSRMBF7V50Z5,40,65,2,/tangrams/2_18.png,/tangrams/2_17.png,9,40,"[""/tangrams/3_17.png"",""/tangrams/2_18.png"",""/tangrams/2_17.png"",""/tangrams/3_18.png""]"
01J1G2KBQ1V37F93Z91SK76SGM,TRUE,01J1G2BFP1PWCGVSRMBF7V50Z5,48,65,3,/tangrams/3_19.png,/tangrams/3_19.png,1,48,"[""/tangrams/3_18.png"",""/tangrams/2_18.png"",""/tangrams/3_19.png"",""/tangrams/2_19.png""]"
01J1G3CN0K76GYPQ85BG5BBS9S,TRUE,01J1G2BFNZX85J152SRG2XMJ7M,9,65,0,/tangrams/2_17.png,/tangrams/2_17.png,10,9,"[""/tangrams/3_19.png"",""/tangrams/2_17.png"",""/tangrams/1_18.png"",""/tangrams/0_16.png""]"
01J1G3EDSV55MP7J414T5G7CF7,TRUE,01J1G2YKN01DFX61RSJD6JCCFB,2,65,0,/tangrams/0_17.png,/tangrams/0_17.png,3,2,"[""/tangrams/1_18.png"",""/tangrams/2_16.png"",""/tangrams/0_17.png"",""/tangrams/3_19.png""]"
01J1G3EDZ676FAMX0F8SDQSS0H,TRUE,01J1G2YKN01DFX61RSJD6JCCFB,23,65,1,/tangrams/1_18.png,/tangrams/1_18.png,8,23,"[""/tangrams/1_18.png"",""/tangrams/0_19.png"",""/tangrams/3_16.png"",""/tangrams/2_17.png""]"
01J1G2J4TRD08YGCS4M7DH0ZKF,FALSE,01J1G1WHT4GZEZV213005AZ1MM,46,65,2,NA,/tangrams/0_16.png,15,46,"[""/tangrams/2_18.png"",""/tangrams/0_16.png"",""/tangrams/3_19.png"",""/tangrams/1_17.png""]"
01J1G2KBQ38GRKE0JJGGAQ9JDH,TRUE,01J1G2BFP1PWCGVSRMBF7V50Z5,51,65,3,/tangrams/3_18.png,/tangrams/3_18.png,4,51,"[""/tangrams/2_19.png"",""/tangrams/3_18.png"",""/tangrams/3_19.png"",""/tangrams/2_18.png""]"
01J1G2YX86HMW9BZ73CQ4MBE99,TRUE,01J1G2BFP2D4J7V9H0V3XJEAHQ,52,65,3,/tangrams/1_17.png,/tangrams/1_17.png,5,52,"[""/tangrams/14_30.png"",""/tangrams/15_31.png"",""/tangrams/1_17.png"",""/tangrams/9_25.png""]"
01J1G3CMWGXDA42HYRP60V4R6B,TRUE,01J1G2BFNZX85J152SRG2XMJ7M,57,65,3,/tangrams/1_16.png,/tangrams/1_16.png,10,57,"[""/tangrams/2_18.png"",""/tangrams/3_19.png"",""/tangrams/0_17.png"",""/tangrams/1_16.png""]"
01J1G2J4TMFR2HWBHWK9KGFJ9P,FALSE,01J1G1WHT4GZEZV213005AZ1MM,38,65,2,NA,/tangrams/3_16.png,7,38,"[""/tangrams/0_17.png"",""/tangrams/2_18.png"",""/tangrams/1_19.png"",""/tangrams/3_16.png""]"
01J1G2JBS4G402APSQ5Y9MAV18,TRUE,01J1G1WHT9T93BKEMYX1GA4C93,29,65,1,/tangrams/2_16.png,/tangrams/2_16.png,14,29,"[""/tangrams/2_17.png"",""/tangrams/0_17.png"",""/tangrams/2_16.png"",""/tangrams/0_16.png""]"
01J1G2KBNXRE933VHF1KXAHDET,TRUE,01J1G2BFP1PWCGVSRMBF7V50Z5,18,65,1,/tangrams/3_19.png,/tangrams/3_19.png,3,18,"[""/tangrams/1_18.png"",""/tangrams/3_18.png"",""/tangrams/1_19.png"",""/tangrams/3_19.png""]"
01J1G2JBSB00KJV75W2E27K7TZ,TRUE,01J1G1WHT9T93BKEMYX1GA4C93,38,65,2,/tangrams/0_19.png,/tangrams/0_19.png,7,38,"[""/tangrams/2_18.png"",""/tangrams/2_19.png"",""/tangrams/0_19.png"",""/tangrams/0_18.png""]"
01J1G2YX7EVPW4Y94VG1BVY7Z2,TRUE,01J1G2BFP2D4J7V9H0V3XJEAHQ,49,65,3,/tangrams/3_19.png,/tangrams/3_19.png,2,49,"[""/tangrams/13_29.png"",""/tangrams/4_20.png"",""/tangrams/3_19.png"",""/tangrams/5_21.png""]"
01J1G3CMZVXS8W4KSEX7FQYDG1,TRUE,01J1G2BFNZX85J152SRG2XMJ7M,26,65,1,/tangrams/0_19.png,/tangrams/0_19.png,11,26,"[""/tangrams/2_17.png"",""/tangrams/1_16.png"",""/tangrams/3_18.png"",""/tangrams/0_19.png""]"
01J1G2J4SVA7NM41C190V5RF5D,FALSE,01J1G1WHT4GZEZV213005AZ1MM,24,65,1,NA,/tangrams/0_17.png,9,24,"[""/tangrams/1_18.png"",""/tangrams/0_17.png"",""/tangrams/3_16.png"",""/tangrams/2_19.png""]"
01J1G2J4TECBCDPG5WEGDKPP8F,FALSE,01J1G1WHT4GZEZV213005AZ1MM,21,65,1,NA,/tangrams/2_18.png,6,21,"[""/tangrams/3_17.png"",""/tangrams/2_18.png"",""/tangrams/1_16.png"",""/tangrams/0_19.png""]"
01J1G2JBR9C2PRS08YBFPW09W9,FALSE,01J1G1WHT9T93BKEMYX1GA4C93,0,65,0,/tangrams/3_18.png,/tangrams/3_19.png,1,0,"[""/tangrams/3_18.png"",""/tangrams/2_19.png"",""/tangrams/3_19.png"",""/tangrams/2_18.png""]"
01J1G2JBS5KZB677YGMPEXM5CZ,TRUE,01J1G1WHT9T93BKEMYX1GA4C93,30,65,1,/tangrams/1_18.png,/tangrams/1_18.png,15,30,"[""/tangrams/1_16.png"",""/tangrams/2_18.png"",""/tangrams/1_18.png"",""/tangrams/2_16.png""]"
01J1G2KBQ4EBCTXKMS189JS44B,TRUE,01J1G2BFP1PWCGVSRMBF7V50Z5,53,65,3,/tangrams/2_19.png,/tangrams/2_19.png,6,53,"[""/tangrams/2_17.png"",""/tangrams/2_19.png"",""/tangrams/1_19.png"",""/tangrams/1_17.png""]"
01J1G2W293EB780BNR1WKARE6R,FALSE,01J1G1WHTAFKTGHBG3KKSCJSTE,0,65,0,/tangrams/3_19.png,/tangrams/2_18.png,1,0,"[""/tangrams/2_18.png"",""/tangrams/3_19.png"",""/tangrams/6_22.png"",""/tangrams/13_29.png""]"
01J1G2YX4H9D9D4K0M89ZAGEQD,TRUE,01J1G2BFP2D4J7V9H0V3XJEAHQ,22,65,1,/tangrams/5_21.png,/tangrams/5_21.png,7,22,"[""/tangrams/14_30.png"",""/tangrams/5_21.png"",""/tangrams/3_19.png"",""/tangrams/4_20.png""]"
01J1G3EE0CE5NRT04M9J70PATY,TRUE,01J1G2YKN01DFX61RSJD6JCCFB,25,65,1,/tangrams/1_19.png,/tangrams/1_19.png,10,25,"[""/tangrams/3_16.png"",""/tangrams/1_19.png"",""/tangrams/2_18.png"",""/tangrams/0_17.png""]"
01J1G2KBP8MCTZRM95GXT9EQ4S,TRUE,01J1G2BFP1PWCGVSRMBF7V50Z5,28,65,1,/tangrams/3_16.png,/tangrams/3_16.png,13,28,"[""/tangrams/0_19.png"",""/tangrams/3_16.png"",""/tangrams/3_19.png"",""/tangrams/0_16.png""]"
01J1G2W2ASABZ44BRR3NZGVF6Q,TRUE,01J1G1WHTAFKTGHBG3KKSCJSTE,26,65,1,/tangrams/15_31.png,/tangrams/15_31.png,11,26,"[""/tangrams/14_30.png"",""/tangrams/15_31.png"",""/tangrams/1_17.png"",""/tangrams/8_24.png""]"
01J1G2YX57379JMNEY4C8XSJ9Z,TRUE,01J1G2BFP2D4J7V9H0V3XJEAHQ,26,65,1,/tangrams/11_27.png,/tangrams/11_27.png,11,26,"[""/tangrams/11_27.png"",""/tangrams/12_28.png"",""/tangrams/13_29.png"",""/tangrams/7_23.png""]"
01J1G2YX8VQDSEY5X4WEE94RA9,TRUE,01J1G2BFP2D4J7V9H0V3XJEAHQ,56,65,3,/tangrams/12_28.png,/tangrams/12_28.png,9,56,"[""/tangrams/5_21.png"",""/tangrams/10_26.png"",""/tangrams/3_19.png"",""/tangrams/12_28.png""]"
01J1G2W2AJYJJCWTPN83A6534A,TRUE,01J1G1WHTAFKTGHBG3KKSCJSTE,23,65,1,/tangrams/0_16.png,/tangrams/0_16.png,8,23,"[""/tangrams/10_26.png"",""/tangrams/0_16.png"",""/tangrams/7_23.png"",""/tangrams/11_27.png""]"
01J1G2YX3KX7VSJM0KSX8BPTV5,TRUE,01J1G2BFP2D4J7V9H0V3XJEAHQ,7,65,0,/tangrams/5_21.png,/tangrams/5_21.png,8,7,"[""/tangrams/0_16.png"",""/tangrams/1_17.png"",""/tangrams/5_21.png"",""/tangrams/3_19.png""]"
01J1G2JBRNXQ6TW3TYZX0YBEM1,TRUE,01J1G1WHT9T93BKEMYX1GA4C93,21,65,1,/tangrams/2_19.png,/tangrams/2_19.png,6,21,"[""/tangrams/2_17.png"",""/tangrams/1_17.png"",""/tangrams/2_19.png"",""/tangrams/1_19.png""]"
01J1G2JBS3X2MVY98XE92WV5JH,TRUE,01J1G1WHT9T93BKEMYX1GA4C93,27,65,1,/tangrams/3_16.png,/tangrams/3_16.png,12,27,"[""/tangrams/1_17.png"",""/tangrams/1_16.png"",""/tangrams/3_16.png"",""/tangrams/3_17.png""]"
01J1G2JBT16FZ11BZY0QV1G0KV,TRUE,01J1G1WHT9T93BKEMYX1GA4C93,57,65,3,/tangrams/3_16.png,/tangrams/3_16.png,10,57,"[""/tangrams/3_16.png"",""/tangrams/0_18.png"",""/tangrams/0_16.png"",""/tangrams/3_18.png""]"
01J1G2W2CH8P5JD4S8B2RCF88F,TRUE,01J1G1WHTAFKTGHBG3KKSCJSTE,45,65,2,/tangrams/8_24.png,/tangrams/8_24.png,14,45,"[""/tangrams/10_26.png"",""/tangrams/13_29.png"",""/tangrams/8_24.png"",""/tangrams/2_18.png""]"
01J1G2YX55MFR2YJHB560M1Z8W,TRUE,01J1G2BFP2D4J7V9H0V3XJEAHQ,27,65,1,/tangrams/15_31.png,/tangrams/15_31.png,12,27,"[""/tangrams/10_26.png"",""/tangrams/15_31.png"",""/tangrams/12_28.png"",""/tangrams/6_22.png""]"
01J1G2YX5FZP724401A4434D23,TRUE,01J1G2BFP2D4J7V9H0V3XJEAHQ,30,65,1,/tangrams/8_24.png,/tangrams/8_24.png,15,30,"[""/tangrams/2_18.png"",""/tangrams/8_24.png"",""/tangrams/3_19.png"",""/tangrams/6_22.png""]"
01J1G2YX6MB54KPEAJSVYGGRA6,TRUE,01J1G2BFP2D4J7V9H0V3XJEAHQ,40,65,2,/tangrams/9_25.png,/tangrams/9_25.png,9,40,"[""/tangrams/9_25.png"",""/tangrams/10_26.png"",""/tangrams/2_18.png"",""/tangrams/6_22.png""]"
01J1G2KBQ6TAJATQ67KQDGED6Q,TRUE,01J1G2BFP1PWCGVSRMBF7V50Z5,60,65,3,/tangrams/0_16.png,/tangrams/0_16.png,13,60,"[""/tangrams/0_16.png"",""/tangrams/0_17.png"",""/tangrams/2_17.png"",""/tangrams/2_16.png""]"
01J1G2W29KPD1W547FN9P8FEF9,TRUE,01J1G1WHTAFKTGHBG3KKSCJSTE,8,65,0,/tangrams/3_19.png,/tangrams/3_19.png,9,8,"[""/tangrams/8_24.png"",""/tangrams/3_19.png"",""/tangrams/5_21.png"",""/tangrams/4_20.png""]"
01J1G2W2C160XPCY0E20ZQQG1X,TRUE,01J1G1WHTAFKTGHBG3KKSCJSTE,35,65,2,/tangrams/0_16.png,/tangrams/0_16.png,4,35,"[""/tangrams/0_16.png"",""/tangrams/13_29.png"",""/tangrams/14_30.png"",""/tangrams/2_18.png""]"
01J1G2W2CK7WNQJQV19CY2581F,TRUE,01J1G1WHTAFKTGHBG3KKSCJSTE,44,65,2,/tangrams/12_28.png,/tangrams/12_28.png,13,44,"[""/tangrams/10_26.png"",""/tangrams/14_30.png"",""/tangrams/1_17.png"",""/tangrams/12_28.png""]"
01J1G2W2C4983CBEZRVKWS891F,TRUE,01J1G1WHTAFKTGHBG3KKSCJSTE,37,65,2,/tangrams/15_31.png,/tangrams/15_31.png,6,37,"[""/tangrams/12_28.png"",""/tangrams/1_17.png"",""/tangrams/13_29.png"",""/tangrams/15_31.png""]"
01J1G2W2CRY2161Q6SWAX2WEA5,TRUE,01J1G1WHTAFKTGHBG3KKSCJSTE,46,65,2,/tangrams/4_20.png,/tangrams/4_20.png,15,46,"[""/tangrams/7_23.png"",""/tangrams/4_20.png"",""/tangrams/10_26.png"",""/tangrams/9_25.png""]"
01J1G2YX40KBD4NSN4XX0H6XDH,TRUE,01J1G2BFP2D4J7V9H0V3XJEAHQ,17,65,1,/tangrams/3_19.png,/tangrams/3_19.png,2,17,"[""/tangrams/8_24.png"",""/tangrams/4_20.png"",""/tangrams/14_30.png"",""/tangrams/3_19.png""]"
01J1G3CMZ1DCN9SB4W88CCA98N,TRUE,01J1G2BFNZX85J152SRG2XMJ7M,25,65,1,/tangrams/3_17.png,/tangrams/3_17.png,10,25,"[""/tangrams/1_19.png"",""/tangrams/3_17.png"",""/tangrams/2_18.png"",""/tangrams/0_16.png""]"
01J1G2J4SVA7NM41C19V7Y2PYR,FALSE,01J1G1WHT4GZEZV213005AZ1MM,27,65,1,NA,/tangrams/1_18.png,12,27,"[""/tangrams/1_18.png"",""/tangrams/3_16.png"",""/tangrams/2_19.png"",""/tangrams/0_17.png""]"
01J1G3CMTB36T0MZVXS0BSVR87,TRUE,01J1G2BFNZX85J152SRG2XMJ7M,33,65,2,/tangrams/1_16.png,/tangrams/1_16.png,2,33,"[""/tangrams/0_19.png"",""/tangrams/1_16.png"",""/tangrams/2_17.png"",""/tangrams/3_18.png""]"
01J1G2J4SRGE3CPRXRVMRDWXB1,FALSE,01J1G1WHT4GZEZV213005AZ1MM,12,65,0,NA,/tangrams/0_16.png,13,12,"[""/tangrams/2_17.png"",""/tangrams/3_18.png"",""/tangrams/1_19.png"",""/tangrams/0_16.png""]"
01J1G2J4TDPSS7K0Z4X02MHN1D,FALSE,01J1G1WHT4GZEZV213005AZ1MM,11,65,0,NA,/tangrams/2_18.png,12,11,"[""/tangrams/3_16.png"",""/tangrams/2_18.png"",""/tangrams/1_17.png"",""/tangrams/0_19.png""]"
01J1G2KBP7C5Q5NK1Z3EAJ12J5,TRUE,01J1G2BFP1PWCGVSRMBF7V50Z5,2,65,0,/tangrams/0_16.png,/tangrams/0_16.png,3,2,"[""/tangrams/2_17.png"",""/tangrams/0_16.png"",""/tangrams/2_16.png"",""/tangrams/0_17.png""]"
01J1G2J4TNTXQ3AHKRHD2FSSDR,FALSE,01J1G1WHT4GZEZV213005AZ1MM,42,65,2,NA,/tangrams/1_18.png,11,42,"[""/tangrams/0_19.png"",""/tangrams/1_18.png"",""/tangrams/3_16.png"",""/tangrams/2_17.png""]"
01J1G2JBS1JQ24R4FK07XCN0D3,TRUE,01J1G1WHT9T93BKEMYX1GA4C93,25,65,1,/tangrams/3_19.png,/tangrams/3_19.png,10,25,"[""/tangrams/2_18.png"",""/tangrams/3_19.png"",""/tangrams/3_18.png"",""/tangrams/2_19.png""]"
01J1G3CMY8XDV1KQC3N9VF4YTF,TRUE,01J1G2BFNZX85J152SRG2XMJ7M,22,65,1,/tangrams/2_17.png,/tangrams/2_17.png,7,22,"[""/tangrams/1_16.png"",""/tangrams/2_17.png"",""/tangrams/0_18.png"",""/tangrams/3_19.png""]"
01J1G2KBPB0Q0FCVYY99X5QB9K,TRUE,01J1G2BFP1PWCGVSRMBF7V50Z5,29,65,1,/tangrams/3_17.png,/tangrams/3_17.png,14,29,"[""/tangrams/3_19.png"",""/tangrams/2_19.png"",""/tangrams/3_17.png"",""/tangrams/2_17.png""]"
01J1G2YX3C7AVHQYJAAH7ZJ5Y0,TRUE,01J1G2BFP2D4J7V9H0V3XJEAHQ,11,65,0,/tangrams/11_27.png,/tangrams/11_27.png,12,11,"[""/tangrams/11_27.png"",""/tangrams/8_24.png"",""/tangrams/0_16.png"",""/tangrams/9_25.png""]"
01J1G3CMRQJXXSTSSAPMK600YC,TRUE,01J1G2BFNZX85J152SRG2XMJ7M,63,65,3,/tangrams/3_17.png,/tangrams/3_17.png,16,63,"[""/tangrams/0_19.png"",""/tangrams/1_18.png"",""/tangrams/3_17.png"",""/tangrams/2_16.png""]"
01J1G3EDWQ809BBDMTYNXF90RK,TRUE,01J1G2YKN01DFX61RSJD6JCCFB,15,65,0,/tangrams/3_16.png,/tangrams/3_16.png,16,15,"[""/tangrams/3_16.png"",""/tangrams/0_17.png"",""/tangrams/2_19.png"",""/tangrams/1_18.png""]"
01J1G2J4V25GQEPCVFTBYX2QT9,NA,01J1G1WHT4GZEZV213005AZ1MM,54,65,3,NA,/tangrams/3_17.png,7,54,"[""/tangrams/2_19.png"",""/tangrams/3_17.png"",""/tangrams/0_18.png"",""/tangrams/1_16.png""]"
01J1G2JBRQN7JTT1ESAYGQ6CWM,TRUE,01J1G1WHT9T93BKEMYX1GA4C93,9,65,0,/tangrams/2_16.png,/tangrams/2_16.png,10,9,"[""/tangrams/0_18.png"",""/tangrams/0_16.png"",""/tangrams/2_16.png"",""/tangrams/2_18.png""]"
01J1G2JBS5KZB677YGKXXGTZ40,TRUE,01J1G1WHT9T93BKEMYX1GA4C93,28,65,1,/tangrams/2_18.png,/tangrams/2_18.png,13,28,"[""/tangrams/1_18.png"",""/tangrams/1_16.png"",""/tangrams/2_18.png"",""/tangrams/2_16.png""]"
01J1G2YX2TB1MGCKXXXTYWXC28,TRUE,01J1G2BFP2D4J7V9H0V3XJEAHQ,6,65,0,/tangrams/13_29.png,/tangrams/13_29.png,7,6,"[""/tangrams/0_16.png"",""/tangrams/7_23.png"",""/tangrams/13_29.png"",""/tangrams/9_25.png""]"
01J1G2YX926ZT0XJ7XG0EAV9ES,TRUE,01J1G2BFP2D4J7V9H0V3XJEAHQ,59,65,3,/tangrams/7_23.png,/tangrams/7_23.png,12,59,"[""/tangrams/8_24.png"",""/tangrams/11_27.png"",""/tangrams/7_23.png"",""/tangrams/9_25.png""]"
01J1G3CMWWC1MTXDKPAVX3C663,TRUE,01J1G2BFNZX85J152SRG2XMJ7M,56,65,3,/tangrams/0_18.png,/tangrams/0_18.png,9,56,"[""/tangrams/3_16.png"",""/tangrams/1_19.png"",""/tangrams/2_17.png"",""/tangrams/0_18.png""]"
01J1G2YX9DMTNTXS7T4H197KFT,TRUE,01J1G2BFP2D4J7V9H0V3XJEAHQ,61,65,3,/tangrams/6_22.png,/tangrams/6_22.png,14,61,"[""/tangrams/14_30.png"",""/tangrams/5_21.png"",""/tangrams/6_22.png"",""/tangrams/2_18.png""]"
01J1G3EE3KSQSZN3BTTJFBDMX5,TRUE,01J1G2YKN01DFX61RSJD6JCCFB,38,65,2,/tangrams/0_17.png,/tangrams/0_17.png,7,38,"[""/tangrams/2_16.png"",""/tangrams/3_18.png"",""/tangrams/0_17.png"",""/tangrams/1_19.png""]"
01J1G2KBPWKBDB5B1XQAQGPHRQ,TRUE,01J1G2BFP1PWCGVSRMBF7V50Z5,47,65,2,/tangrams/3_16.png,/tangrams/3_16.png,16,47,"[""/tangrams/3_16.png"",""/tangrams/0_16.png"",""/tangrams/3_17.png"",""/tangrams/0_17.png""]"
01J1G2J4TKEEDWF0V2PQN5REJW,FALSE,01J1G1WHT4GZEZV213005AZ1MM,28,65,1,NA,/tangrams/1_16.png,13,28,"[""/tangrams/2_17.png"",""/tangrams/0_19.png"",""/tangrams/1_16.png"",""/tangrams/3_18.png""]"
01J1G2J4V3BVKJHPQBBWJZTQF3,NA,01J1G1WHT4GZEZV213005AZ1MM,58,65,3,NA,/tangrams/0_18.png,11,58,"[""/tangrams/1_16.png"",""/tangrams/0_18.png"",""/tangrams/2_19.png"",""/tangrams/3_17.png""]"
01J1G2JBRXKDRDVW80NPMSHBJD,TRUE,01J1G1WHT9T93BKEMYX1GA4C93,18,65,1,/tangrams/0_16.png,/tangrams/0_16.png,3,18,"[""/tangrams/0_17.png"",""/tangrams/3_17.png"",""/tangrams/0_16.png"",""/tangrams/3_16.png""]"
01J1G2YX7P3ZHJ0T9R2MRC6888,TRUE,01J1G2BFP2D4J7V9H0V3XJEAHQ,50,65,3,/tangrams/2_18.png,/tangrams/2_18.png,3,50,"[""/tangrams/0_16.png"",""/tangrams/2_18.png"",""/tangrams/4_20.png"",""/tangrams/13_29.png""]"
01J1G3EE8BW94FDC8M6VPG1C2M,TRUE,01J1G2YKN01DFX61RSJD6JCCFB,60,65,3,/tangrams/1_19.png,/tangrams/1_19.png,13,60,"[""/tangrams/0_17.png"",""/tangrams/1_19.png"",""/tangrams/2_18.png"",""/tangrams/3_16.png""]"
01J1G2KBNR3J0MPBP9TV4H33JE,TRUE,01J1G2BFP1PWCGVSRMBF7V50Z5,14,65,0,/tangrams/0_18.png,/tangrams/0_18.png,15,14,"[""/tangrams/2_18.png"",""/tangrams/2_16.png"",""/tangrams/0_16.png"",""/tangrams/0_18.png""]"
01J1G2W2B37KAMDT09NHE9F7BF,TRUE,01J1G1WHTAFKTGHBG3KKSCJSTE,28,65,1,/tangrams/2_18.png,/tangrams/2_18.png,13,28,"[""/tangrams/6_22.png"",""/tangrams/10_26.png"",""/tangrams/2_18.png"",""/tangrams/5_21.png""]"
01J1G3CMYB9JE8252Y7C56WQ7D,TRUE,01J1G2BFNZX85J152SRG2XMJ7M,40,65,2,/tangrams/0_16.png,/tangrams/0_16.png,9,40,"[""/tangrams/2_18.png"",""/tangrams/0_16.png"",""/tangrams/3_17.png"",""/tangrams/1_19.png""]"
01J1G3EE3TMVPE28F4BSK9FY78,TRUE,01J1G2YKN01DFX61RSJD6JCCFB,39,65,2,/tangrams/0_18.png,/tangrams/0_18.png,8,39,"[""/tangrams/1_17.png"",""/tangrams/0_18.png"",""/tangrams/3_16.png"",""/tangrams/2_19.png""]"
01J1G2JBRYYZX3ZGJPWYWS64MK,TRUE,01J1G1WHT9T93BKEMYX1GA4C93,20,65,1,/tangrams/1_17.png,/tangrams/1_17.png,5,20,"[""/tangrams/1_17.png"",""/tangrams/1_19.png"",""/tangrams/3_19.png"",""/tangrams/3_17.png""]"
01J1G2YX6D62ANQARHTE0CZCBF,TRUE,01J1G2BFP2D4J7V9H0V3XJEAHQ,38,65,2,/tangrams/11_27.png,/tangrams/11_27.png,7,38,"[""/tangrams/11_27.png"",""/tangrams/12_28.png"",""/tangrams/2_18.png"",""/tangrams/8_24.png""]"
01J1G3EE5TYAKV3BD14TGH1FKR,TRUE,01J1G2YKN01DFX61RSJD6JCCFB,46,65,2,/tangrams/3_18.png,/tangrams/3_18.png,15,46,"[""/tangrams/3_18.png"",""/tangrams/2_17.png"",""/tangrams/1_19.png"",""/tangrams/0_16.png""]"
01J1G2KBQ8TDTEEPC802PT7PVV,TRUE,01J1G2BFP1PWCGVSRMBF7V50Z5,62,65,3,/tangrams/2_16.png,/tangrams/2_16.png,15,62,"[""/tangrams/2_17.png"",""/tangrams/2_16.png"",""/tangrams/1_17.png"",""/tangrams/1_16.png""]"
01J1G3CMWMFKYE2MC9E5GHC8TV,TRUE,01J1G2BFNZX85J152SRG2XMJ7M,36,65,2,/tangrams/3_17.png,/tangrams/3_17.png,5,36,"[""/tangrams/0_16.png"",""/tangrams/2_18.png"",""/tangrams/1_19.png"",""/tangrams/3_17.png""]"
01J1G2JBS2FR14G92DCXQMX0T8,TRUE,01J1G1WHT9T93BKEMYX1GA4C93,26,65,1,/tangrams/1_19.png,/tangrams/1_19.png,11,26,"[""/tangrams/2_19.png"",""/tangrams/1_19.png"",""/tangrams/1_18.png"",""/tangrams/2_18.png""]"
01J1G2KBPJVTJYS1GVG7JD37VA,TRUE,01J1G2BFP1PWCGVSRMBF7V50Z5,38,65,2,/tangrams/1_18.png,/tangrams/1_18.png,7,38,"[""/tangrams/1_18.png"",""/tangrams/0_18.png"",""/tangrams/0_19.png"",""/tangrams/1_19.png""]"
01J1G3CMVTY964XVHASNMX82KB,TRUE,01J1G2BFNZX85J152SRG2XMJ7M,43,65,2,/tangrams/3_19.png,/tangrams/3_19.png,12,43,"[""/tangrams/2_17.png"",""/tangrams/3_19.png"",""/tangrams/1_16.png"",""/tangrams/0_18.png""]"
01J1G2W2D1TE96GMP9S3RSM5K9,TRUE,01J1G1WHTAFKTGHBG3KKSCJSTE,54,65,3,/tangrams/5_21.png,/tangrams/5_21.png,7,54,"[""/tangrams/5_21.png"",""/tangrams/4_20.png"",""/tangrams/9_25.png"",""/tangrams/3_19.png""]"
01J1G2YX5B9MDZCFJPV2FD7CFQ,TRUE,01J1G2BFP2D4J7V9H0V3XJEAHQ,28,65,1,/tangrams/9_25.png,/tangrams/9_25.png,13,28,"[""/tangrams/9_25.png"",""/tangrams/4_20.png"",""/tangrams/12_28.png"",""/tangrams/14_30.png""]"
01J1G2YX7A634W3527YD43WV33,TRUE,01J1G2BFP2D4J7V9H0V3XJEAHQ,47,65,2,/tangrams/1_17.png,/tangrams/1_17.png,16,47,"[""/tangrams/1_17.png"",""/tangrams/7_23.png"",""/tangrams/10_26.png"",""/tangrams/15_31.png""]"
01J1G3EE108PVHY6TRH237YDJ9,TRUE,01J1G2YKN01DFX61RSJD6JCCFB,30,65,1,/tangrams/1_17.png,/tangrams/1_17.png,15,30,"[""/tangrams/1_17.png"",""/tangrams/3_18.png"",""/tangrams/0_19.png"",""/tangrams/2_16.png""]"
01J1G2KBND2MK80WEBDJBGABZS,TRUE,01J1G2BFP1PWCGVSRMBF7V50Z5,57,65,3,/tangrams/0_17.png,/tangrams/0_17.png,10,57,"[""/tangrams/0_18.png"",""/tangrams/0_17.png"",""/tangrams/2_17.png"",""/tangrams/2_18.png""]"
01J1G2YX5SYG37M0CFSJNQPKCR,TRUE,01J1G2BFP2D4J7V9H0V3XJEAHQ,33,65,2,/tangrams/7_23.png,/tangrams/7_23.png,2,33,"[""/tangrams/15_31.png"",""/tangrams/7_23.png"",""/tangrams/5_21.png"",""/tangrams/14_30.png""]"
01J1G3EE1F6NFBV0PHXVN37TTE,TRUE,01J1G2YKN01DFX61RSJD6JCCFB,31,65,1,/tangrams/3_19.png,/tangrams/3_19.png,16,31,"[""/tangrams/0_18.png"",""/tangrams/3_19.png"",""/tangrams/1_17.png"",""/tangrams/2_16.png""]"
01J1G2JBRQN7JTT1ES9ZWPN2J3,TRUE,01J1G1WHT9T93BKEMYX1GA4C93,6,65,0,/tangrams/0_19.png,/tangrams/0_19.png,7,6,"[""/tangrams/0_18.png"",""/tangrams/0_19.png"",""/tangrams/3_19.png"",""/tangrams/3_18.png""]"
01J1G2YX69RTS2J9TCH0A4DQBG,TRUE,01J1G2BFP2D4J7V9H0V3XJEAHQ,37,65,2,/tangrams/3_19.png,/tangrams/3_19.png,6,37,"[""/tangrams/7_23.png"",""/tangrams/13_29.png"",""/tangrams/3_19.png"",""/tangrams/1_17.png""]"
01J1G2JBRVZQMFP25GY75P6DD8,TRUE,01J1G1WHT9T93BKEMYX1GA4C93,13,65,0,/tangrams/2_17.png,/tangrams/2_17.png,14,13,"[""/tangrams/0_17.png"",""/tangrams/2_17.png"",""/tangrams/0_18.png"",""/tangrams/2_18.png""]"
01J1G2KBP0SDWDP62TWBC6MK89,TRUE,01J1G2BFP1PWCGVSRMBF7V50Z5,21,65,1,/tangrams/3_18.png,/tangrams/3_18.png,6,21,"[""/tangrams/3_16.png"",""/tangrams/2_18.png"",""/tangrams/2_16.png"",""/tangrams/3_18.png""]"
01J1G3EDT80JWX0C57YCRSEXY1,TRUE,01J1G2YKN01DFX61RSJD6JCCFB,5,65,0,/tangrams/0_18.png,/tangrams/0_18.png,6,5,"[""/tangrams/3_19.png"",""/tangrams/2_17.png"",""/tangrams/0_18.png"",""/tangrams/1_16.png""]"
01J1G2W2A71SQ7WAH1FNXBWA0E,TRUE,01J1G1WHTAFKTGHBG3KKSCJSTE,14,65,0,/tangrams/6_22.png,/tangrams/6_22.png,15,14,"[""/tangrams/13_29.png"",""/tangrams/6_22.png"",""/tangrams/1_17.png"",""/tangrams/5_21.png""]"
01J1G2J4TS14KV08NB7ZT0HX1Z,FALSE,01J1G1WHT4GZEZV213005AZ1MM,43,65,2,NA,/tangrams/3_19.png,12,43,"[""/tangrams/2_16.png"",""/tangrams/0_18.png"",""/tangrams/3_19.png"",""/tangrams/1_17.png""]"
01J1G2J4V41GJ4PRGGKJFBCM06,NA,01J1G1WHT4GZEZV213005AZ1MM,59,65,3,NA,/tangrams/3_16.png,12,59,"[""/tangrams/1_19.png"",""/tangrams/2_18.png"",""/tangrams/3_16.png"",""/tangrams/0_17.png""]"
01J1G2KBNM6SRNA1369D8QTA4C,TRUE,01J1G2BFP1PWCGVSRMBF7V50Z5,10,65,0,/tangrams/1_19.png,/tangrams/1_19.png,11,10,"[""/tangrams/1_19.png"",""/tangrams/3_16.png"",""/tangrams/1_16.png"",""/tangrams/3_19.png""]"
01J1G2W29R5CTJ4GE8B7YZJ7Z1,TRUE,01J1G1WHTAFKTGHBG3KKSCJSTE,3,65,0,/tangrams/4_20.png,/tangrams/4_20.png,4,3,"[""/tangrams/4_20.png"",""/tangrams/1_17.png"",""/tangrams/0_16.png"",""/tangrams/12_28.png""]"
01J1G2JBS6KQT006B4Y1YG9S7P,TRUE,01J1G1WHT9T93BKEMYX1GA4C93,31,65,1,/tangrams/0_18.png,/tangrams/0_18.png,16,31,"[""/tangrams/2_16.png"",""/tangrams/0_18.png"",""/tangrams/0_16.png"",""/tangrams/2_18.png""]"
01J1G2JBT056DNT2FTGBGS3WVE,TRUE,01J1G1WHT9T93BKEMYX1GA4C93,60,65,3,/tangrams/3_18.png,/tangrams/3_18.png,13,60,"[""/tangrams/2_18.png"",""/tangrams/3_19.png"",""/tangrams/3_18.png"",""/tangrams/2_19.png""]"
01J1G2W2C7MP41WMD9DVVTJE5P,TRUE,01J1G1WHTAFKTGHBG3KKSCJSTE,39,65,2,/tangrams/3_19.png,/tangrams/3_19.png,8,39,"[""/tangrams/15_31.png"",""/tangrams/3_19.png"",""/tangrams/11_27.png"",""/tangrams/10_26.png""]"
01J1G2YX5NB8V5SB4BEPGGX4X1,TRUE,01J1G2BFP2D4J7V9H0V3XJEAHQ,31,65,1,/tangrams/0_16.png,/tangrams/0_16.png,16,31,"[""/tangrams/0_16.png"",""/tangrams/13_29.png"",""/tangrams/1_17.png"",""/tangrams/10_26.png""]"
01J1G2J4V3BVKJHPQBB1NRF4FE,NA,01J1G1WHT4GZEZV213005AZ1MM,52,65,3,NA,/tangrams/3_19.png,5,52,"[""/tangrams/0_18.png"",""/tangrams/1_17.png"",""/tangrams/3_19.png"",""/tangrams/2_16.png""]"
01J1G2W2CB4G85EW91H6QTA68J,TRUE,01J1G1WHTAFKTGHBG3KKSCJSTE,41,65,2,/tangrams/9_25.png,/tangrams/9_25.png,10,41,"[""/tangrams/11_27.png"",""/tangrams/12_28.png"",""/tangrams/9_25.png"",""/tangrams/7_23.png""]"
01J1G3CMVCD3CJDD9A97XF2FQK,TRUE,01J1G2BFNZX85J152SRG2XMJ7M,53,65,3,/tangrams/0_19.png,/tangrams/0_19.png,6,53,"[""/tangrams/0_19.png"",""/tangrams/3_16.png"",""/tangrams/2_18.png"",""/tangrams/1_17.png""]"
01J1G3CMY06R0N6396NKEJ093Y,TRUE,01J1G2BFNZX85J152SRG2XMJ7M,29,65,1,/tangrams/3_16.png,/tangrams/3_16.png,14,29,"[""/tangrams/2_18.png"",""/tangrams/0_17.png"",""/tangrams/3_16.png"",""/tangrams/1_19.png""]"
01J1G2J4TECBCDPG5WDZPZ943S,FALSE,01J1G1WHT4GZEZV213005AZ1MM,20,65,1,NA,/tangrams/2_17.png,5,20,"[""/tangrams/2_17.png"",""/tangrams/1_16.png"",""/tangrams/0_19.png"",""/tangrams/3_18.png""]"
01J1G2JBRMR6T2T12RJNG3MEJV,TRUE,01J1G1WHT9T93BKEMYX1GA4C93,7,65,0,/tangrams/1_19.png,/tangrams/1_19.png,8,7,"[""/tangrams/1_16.png"",""/tangrams/1_19.png"",""/tangrams/0_19.png"",""/tangrams/0_16.png""]"
01J1G2JBRZPZ423W1EH36Q2ZGZ,TRUE,01J1G1WHT9T93BKEMYX1GA4C93,24,65,1,/tangrams/0_19.png,/tangrams/0_19.png,9,24,"[""/tangrams/0_16.png"",""/tangrams/3_16.png"",""/tangrams/3_19.png"",""/tangrams/0_19.png""]"
01J1G2JBS9SCEPX8JN17WSMYKG,TRUE,01J1G1WHT9T93BKEMYX1GA4C93,35,65,2,/tangrams/2_19.png,/tangrams/2_19.png,4,35,"[""/tangrams/2_19.png"",""/tangrams/1_17.png"",""/tangrams/2_17.png"",""/tangrams/1_19.png""]"
01J1G3EE5JNR87T4GH206WAF0W,TRUE,01J1G2YKN01DFX61RSJD6JCCFB,44,65,2,/tangrams/0_19.png,/tangrams/0_19.png,13,44,"[""/tangrams/2_18.png"",""/tangrams/3_17.png"",""/tangrams/0_19.png"",""/tangrams/1_16.png""]"
01J1G2YX31XTWZY7ERSW15VHAX,TRUE,01J1G2BFP2D4J7V9H0V3XJEAHQ,4,65,0,/tangrams/0_16.png,/tangrams/0_16.png,5,4,"[""/tangrams/8_24.png"",""/tangrams/0_16.png"",""/tangrams/6_22.png"",""/tangrams/15_31.png""]"
01J1G2YX3NM6WBEB1W0VHJPQF3,TRUE,01J1G2BFP2D4J7V9H0V3XJEAHQ,14,65,0,/tangrams/15_31.png,/tangrams/15_31.png,15,14,"[""/tangrams/15_31.png"",""/tangrams/4_20.png"",""/tangrams/0_16.png"",""/tangrams/13_29.png""]"
01J1G2YX8DZRCXTMJJ7QKKXHPP,TRUE,01J1G2BFP2D4J7V9H0V3XJEAHQ,54,65,3,/tangrams/13_29.png,/tangrams/13_29.png,7,54,"[""/tangrams/14_30.png"",""/tangrams/9_25.png"",""/tangrams/13_29.png"",""/tangrams/4_20.png""]"
01J1G3CMSJ3V7D2ASKG0EMJM25,TRUE,01J1G2BFNZX85J152SRG2XMJ7M,34,65,2,/tangrams/2_16.png,/tangrams/2_16.png,3,34,"[""/tangrams/2_16.png"",""/tangrams/0_19.png"",""/tangrams/3_17.png"",""/tangrams/1_18.png""]"
01J1G2KBQCT5Z28CX2W5MBHPJ3,TRUE,01J1G2BFP1PWCGVSRMBF7V50Z5,56,65,3,/tangrams/0_19.png,/tangrams/0_19.png,9,56,"[""/tangrams/0_16.png"",""/tangrams/0_19.png"",""/tangrams/1_16.png"",""/tangrams/1_19.png""]"
01J1G2YX5JF9YCG7S3KFTVSXCZ,TRUE,01J1G2BFP2D4J7V9H0V3XJEAHQ,29,65,1,/tangrams/10_26.png,/tangrams/10_26.png,14,29,"[""/tangrams/7_23.png"",""/tangrams/10_26.png"",""/tangrams/3_19.png"",""/tangrams/4_20.png""]"
01J1G3CMR1GEJVN400H2VVQVH7,TRUE,01J1G2BFNZX85J152SRG2XMJ7M,3,65,0,/tangrams/2_19.png,/tangrams/2_19.png,4,3,"[""/tangrams/1_18.png"",""/tangrams/3_16.png"",""/tangrams/0_17.png"",""/tangrams/2_19.png""]"
01J1G3EE7A6X8G39YPVS4JVZNZ,TRUE,01J1G2YKN01DFX61RSJD6JCCFB,54,65,3,/tangrams/2_19.png,/tangrams/2_19.png,7,54,"[""/tangrams/0_18.png"",""/tangrams/1_17.png"",""/tangrams/3_16.png"",""/tangrams/2_19.png""]"
01J1G2W2ANP50VGZ3J3SDFKZ1Z,TRUE,01J1G1WHTAFKTGHBG3KKSCJSTE,24,65,1,/tangrams/4_20.png,/tangrams/4_20.png,9,24,"[""/tangrams/4_20.png"",""/tangrams/0_16.png"",""/tangrams/9_25.png"",""/tangrams/12_28.png""]"
01J1G3CMQQMXQ4YM1WWCXMS9YF,TRUE,01J1G2BFNZX85J152SRG2XMJ7M,0,65,0,/tangrams/3_17.png,/tangrams/3_17.png,1,0,"[""/tangrams/1_16.png"",""/tangrams/3_17.png"",""/tangrams/2_18.png"",""/tangrams/0_19.png""]"
01J1G3CMZ5N4PE9BRP4YTA2JC3,TRUE,01J1G2BFNZX85J152SRG2XMJ7M,18,65,1,/tangrams/2_16.png,/tangrams/2_16.png,3,18,"[""/tangrams/2_16.png"",""/tangrams/0_19.png"",""/tangrams/3_18.png"",""/tangrams/1_17.png""]"
01J1G2J4ST1D1RZCM8MMWTD0BK,FALSE,01J1G1WHT4GZEZV213005AZ1MM,16,65,1,NA,/tangrams/2_19.png,1,16,"[""/tangrams/0_18.png"",""/tangrams/1_17.png"",""/tangrams/3_16.png"",""/tangrams/2_19.png""]"
01J1G2J4ST1D1RZCM8N55ZKNJB,FALSE,01J1G1WHT4GZEZV213005AZ1MM,18,65,1,NA,/tangrams/0_18.png,3,18,"[""/tangrams/0_18.png"",""/tangrams/2_17.png"",""/tangrams/3_16.png"",""/tangrams/1_19.png""]"
01J1G2J4V91R2P8GGNZV1NE0G5,NA,01J1G1WHT4GZEZV213005AZ1MM,60,65,3,NA,/tangrams/0_17.png,13,60,"[""/tangrams/0_17.png"",""/tangrams/1_19.png"",""/tangrams/3_18.png"",""/tangrams/2_16.png""]"
01J1G2KBP6NY024H4M04EB3J79,TRUE,01J1G2BFP1PWCGVSRMBF7V50Z5,3,65,0,/tangrams/0_17.png,/tangrams/0_17.png,4,3,"[""/tangrams/2_17.png"",""/tangrams/2_16.png"",""/tangrams/0_16.png"",""/tangrams/0_17.png""]"
01J1G2J4TTR273RMA0JP62QN3M,NA,01J1G1WHT4GZEZV213005AZ1MM,49,65,3,NA,/tangrams/2_19.png,2,49,"[""/tangrams/2_19.png"",""/tangrams/3_17.png"",""/tangrams/0_16.png"",""/tangrams/1_18.png""]"
01J1G2JBT5CCFYM90R17Y80R6A,TRUE,01J1G1WHT9T93BKEMYX1GA4C93,63,65,3,/tangrams/0_17.png,/tangrams/0_17.png,16,63,"[""/tangrams/0_18.png"",""/tangrams/0_17.png"",""/tangrams/1_18.png"",""/tangrams/1_17.png""]"
01J1G2JBT6HAXYHJ3E18F9JMFQ,TRUE,01J1G1WHT9T93BKEMYX1GA4C93,39,65,2,/tangrams/2_17.png,/tangrams/2_17.png,8,39,"[""/tangrams/2_16.png"",""/tangrams/2_17.png"",""/tangrams/1_17.png"",""/tangrams/1_16.png""]"
01J1G2YX4M31997181XV3F1KYK,TRUE,01J1G2BFP2D4J7V9H0V3XJEAHQ,23,65,1,/tangrams/1_17.png,/tangrams/1_17.png,8,23,"[""/tangrams/2_18.png"",""/tangrams/8_24.png"",""/tangrams/7_23.png"",""/tangrams/1_17.png""]"
01J1G2JBT2XQKK4ZMXECPPR6K9,TRUE,01J1G1WHT9T93BKEMYX1GA4C93,62,65,3,/tangrams/3_19.png,/tangrams/3_19.png,15,62,"[""/tangrams/3_19.png"",""/tangrams/3_18.png"",""/tangrams/2_18.png"",""/tangrams/2_19.png""]"
01J1G2KBNTPCN81D1KK99VMXRP,FALSE,01J1G2BFP1PWCGVSRMBF7V50Z5,13,65,0,/tangrams/3_18.png,/tangrams/3_17.png,14,13,"[""/tangrams/2_18.png"",""/tangrams/3_18.png"",""/tangrams/2_17.png"",""/tangrams/3_17.png""]"
01J1G2W2AD572T4ZCB0T91XR3J,TRUE,01J1G1WHTAFKTGHBG3KKSCJSTE,18,65,1,/tangrams/8_24.png,/tangrams/8_24.png,3,18,"[""/tangrams/13_29.png"",""/tangrams/8_24.png"",""/tangrams/2_18.png"",""/tangrams/14_30.png""]"
01J1G2W2DAZDYB1WJB10FWC7TK,TRUE,01J1G1WHTAFKTGHBG3KKSCJSTE,59,65,3,/tangrams/10_26.png,/tangrams/10_26.png,12,59,"[""/tangrams/8_24.png"",""/tangrams/10_26.png"",""/tangrams/1_17.png"",""/tangrams/4_20.png""]"
01J1G2J4SWERT7VZZGGG9VW48H,FALSE,01J1G1WHT4GZEZV213005AZ1MM,23,65,1,NA,/tangrams/0_16.png,8,23,"[""/tangrams/3_18.png"",""/tangrams/1_17.png"",""/tangrams/2_19.png"",""/tangrams/0_16.png""]"
01J1G3EDTYDTA1VXQ507HWQJEJ,TRUE,01J1G2YKN01DFX61RSJD6JCCFB,8,65,0,/tangrams/1_16.png,/tangrams/1_16.png,9,8,"[""/tangrams/3_18.png"",""/tangrams/1_16.png"",""/tangrams/2_17.png"",""/tangrams/0_19.png""]"
01J1G2W2AKXJDCRE4K6AGNTPKK,TRUE,01J1G1WHTAFKTGHBG3KKSCJSTE,22,65,1,/tangrams/9_25.png,/tangrams/9_25.png,7,22,"[""/tangrams/8_24.png"",""/tangrams/9_25.png"",""/tangrams/12_28.png"",""/tangrams/14_30.png""]"
01J1G2JBRPZMPDRRYV8GVJTV6D,TRUE,01J1G1WHT9T93BKEMYX1GA4C93,5,65,0,/tangrams/3_18.png,/tangrams/3_18.png,6,5,"[""/tangrams/1_18.png"",""/tangrams/1_16.png"",""/tangrams/3_16.png"",""/tangrams/3_18.png""]"
01J1G2YX9P6NZZ9NZ1JV07N6J3,TRUE,01J1G2BFP2D4J7V9H0V3XJEAHQ,63,65,3,/tangrams/14_30.png,/tangrams/14_30.png,16,63,"[""/tangrams/13_29.png"",""/tangrams/8_24.png"",""/tangrams/14_30.png"",""/tangrams/9_25.png""]"
01J1G3CMXWDAFE58CP95TJNBB7,TRUE,01J1G2BFNZX85J152SRG2XMJ7M,16,65,1,/tangrams/1_17.png,/tangrams/1_17.png,1,16,"[""/tangrams/0_19.png"",""/tangrams/2_16.png"",""/tangrams/1_17.png"",""/tangrams/3_18.png""]"
01J1G3CMTSSWK82XB9AAANZED8,TRUE,01J1G2BFNZX85J152SRG2XMJ7M,50,65,3,/tangrams/3_16.png,/tangrams/3_16.png,3,50,"[""/tangrams/3_16.png"",""/tangrams/0_18.png"",""/tangrams/2_19.png"",""/tangrams/1_17.png""]"
01J1G2J4TJ4HE598X4RXTBJY2H,FALSE,01J1G1WHT4GZEZV213005AZ1MM,33,65,2,NA,/tangrams/1_19.png,2,33,"[""/tangrams/0_17.png"",""/tangrams/2_18.png"",""/tangrams/3_16.png"",""/tangrams/1_19.png""]"
01J1G2JBRRN2QSY1DX0NANFN38,TRUE,01J1G1WHT9T93BKEMYX1GA4C93,11,65,0,/tangrams/1_17.png,/tangrams/1_17.png,12,11,"[""/tangrams/1_17.png"",""/tangrams/1_16.png"",""/tangrams/3_16.png"",""/tangrams/3_17.png""]"
01J1G2JBSYNHR46P7HVT4WFAGB,TRUE,01J1G1WHT9T93BKEMYX1GA4C93,56,65,3,/tangrams/2_16.png,/tangrams/2_16.png,9,56,"[""/tangrams/2_18.png"",""/tangrams/3_18.png"",""/tangrams/2_16.png"",""/tangrams/3_16.png""]"
01J1G2KBPMEGP0ANY5TZSYWE5H,TRUE,01J1G2BFP1PWCGVSRMBF7V50Z5,41,65,2,/tangrams/2_16.png,/tangrams/2_16.png,10,41,"[""/tangrams/0_16.png"",""/tangrams/2_16.png"",""/tangrams/2_18.png"",""/tangrams/0_18.png""]"
01J1G2KBQF0B7PTEHXBFFZ1FD6,TRUE,01J1G2BFP1PWCGVSRMBF7V50Z5,37,65,2,/tangrams/0_17.png,/tangrams/0_17.png,6,37,"[""/tangrams/0_19.png"",""/tangrams/2_17.png"",""/tangrams/0_17.png"",""/tangrams/2_19.png""]"
01J1G2J4TGKK62CPP20QDCHKDY,FALSE,01J1G1WHT4GZEZV213005AZ1MM,30,65,1,NA,/tangrams/3_17.png,15,30,"[""/tangrams/2_19.png"",""/tangrams/1_18.png"",""/tangrams/3_17.png"",""/tangrams/0_16.png""]"
01J1G2JBSA21HA4T4HS8R8Z8YT,TRUE,01J1G1WHT9T93BKEMYX1GA4C93,33,65,2,/tangrams/2_18.png,/tangrams/2_18.png,2,33,"[""/tangrams/2_18.png"",""/tangrams/3_18.png"",""/tangrams/3_19.png"",""/tangrams/2_19.png""]"
01J1G2W2AQF4H345WPZSHMWY4G,TRUE,01J1G1WHTAFKTGHBG3KKSCJSTE,21,65,1,/tangrams/10_26.png,/tangrams/10_26.png,6,21,"[""/tangrams/10_26.png"",""/tangrams/12_28.png"",""/tangrams/13_29.png"",""/tangrams/5_21.png""]"
01J1G2JBSVTF5AM75J99WW5PGX,TRUE,01J1G1WHT9T93BKEMYX1GA4C93,53,65,3,/tangrams/0_16.png,/tangrams/0_16.png,6,53,"[""/tangrams/1_17.png"",""/tangrams/0_17.png"",""/tangrams/1_16.png"",""/tangrams/0_16.png""]"
01J1G2JBSX4DK891Q99KAHE8BS,TRUE,01J1G1WHT9T93BKEMYX1GA4C93,49,65,3,/tangrams/1_19.png,/tangrams/1_19.png,2,49,"[""/tangrams/3_19.png"",""/tangrams/3_18.png"",""/tangrams/1_19.png"",""/tangrams/1_18.png""]"
01J1G2KBN87KZ7F44AEA3NA56Q,TRUE,01J1G2BFP1PWCGVSRMBF7V50Z5,1,65,0,/tangrams/3_16.png,/tangrams/3_16.png,2,1,"[""/tangrams/1_18.png"",""/tangrams/1_16.png"",""/tangrams/3_16.png"",""/tangrams/3_18.png""]"
01J1G2W29PZP5XZHYY2TQ09FKW,TRUE,01J1G1WHTAFKTGHBG3KKSCJSTE,4,65,0,/tangrams/11_27.png,/tangrams/11_27.png,5,4,"[""/tangrams/1_17.png"",""/tangrams/8_24.png"",""/tangrams/3_19.png"",""/tangrams/11_27.png""]"
01J1G3CMX7C4CPX45ZYT9CKE8C,TRUE,01J1G2BFNZX85J152SRG2XMJ7M,24,65,1,/tangrams/1_19.png,/tangrams/1_19.png,9,24,"[""/tangrams/1_19.png"",""/tangrams/0_16.png"",""/tangrams/2_17.png"",""/tangrams/3_18.png""]"
01J1G2KBQBZK1BS2SXYSVC1P96,TRUE,01J1G2BFP1PWCGVSRMBF7V50Z5,61,65,3,/tangrams/1_16.png,/tangrams/1_16.png,14,61,"[""/tangrams/3_18.png"",""/tangrams/3_16.png"",""/tangrams/1_18.png"",""/tangrams/1_16.png""]"
01J1G2W2B0N5VA2ZJ3HFEKG0A0,TRUE,01J1G1WHTAFKTGHBG3KKSCJSTE,27,65,1,/tangrams/3_19.png,/tangrams/3_19.png,12,27,"[""/tangrams/6_22.png"",""/tangrams/3_19.png"",""/tangrams/13_29.png"",""/tangrams/4_20.png""]"
01J1G2W2DEQ7500TPWZZFSMEH3,TRUE,01J1G1WHTAFKTGHBG3KKSCJSTE,62,65,3,/tangrams/15_31.png,/tangrams/15_31.png,15,62,"[""/tangrams/6_22.png"",""/tangrams/9_25.png"",""/tangrams/15_31.png"",""/tangrams/10_26.png""]"
01J1G2YX6YH8TAYP2N0J44P8QE,TRUE,01J1G2BFP2D4J7V9H0V3XJEAHQ,44,65,2,/tangrams/2_18.png,/tangrams/2_18.png,13,44,"[""/tangrams/10_26.png"",""/tangrams/5_21.png"",""/tangrams/6_22.png"",""/tangrams/2_18.png""]"
01J1G2W2CP9JPJBPBMSZNQF8ZW,TRUE,01J1G1WHTAFKTGHBG3KKSCJSTE,47,65,2,/tangrams/11_27.png,/tangrams/11_27.png,16,47,"[""/tangrams/12_28.png"",""/tangrams/1_17.png"",""/tangrams/10_26.png"",""/tangrams/11_27.png""]"
01J1G2YX2XHB0EYFHP1FB4BD9R,TRUE,01J1G2BFP2D4J7V9H0V3XJEAHQ,5,65,0,/tangrams/6_22.png,/tangrams/6_22.png,6,5,"[""/tangrams/15_31.png"",""/tangrams/6_22.png"",""/tangrams/7_23.png"",""/tangrams/9_25.png""]"
01J1G3CMZQJ3EHJ85Q4410VCN4,TRUE,01J1G2BFNZX85J152SRG2XMJ7M,38,65,2,/tangrams/1_17.png,/tangrams/1_17.png,7,38,"[""/tangrams/3_16.png"",""/tangrams/0_18.png"",""/tangrams/1_17.png"",""/tangrams/2_19.png""]"
01J1G3EE4JMJQKDCF8XSJT51ZW,TRUE,01J1G2YKN01DFX61RSJD6JCCFB,43,65,2,/tangrams/3_16.png,/tangrams/3_16.png,12,43,"[""/tangrams/0_17.png"",""/tangrams/3_16.png"",""/tangrams/2_19.png"",""/tangrams/1_18.png""]"
01J1G3CMRWD6EPBEZ8SFHNCW8E,TRUE,01J1G2BFNZX85J152SRG2XMJ7M,2,65,0,/tangrams/1_19.png,/tangrams/1_19.png,3,2,"[""/tangrams/0_16.png"",""/tangrams/1_19.png"",""/tangrams/2_18.png"",""/tangrams/3_17.png""]"
01J1G3CMVGW1SY9MDDGYQH292D,TRUE,01J1G2BFNZX85J152SRG2XMJ7M,44,65,2,/tangrams/1_18.png,/tangrams/1_18.png,13,44,"[""/tangrams/1_18.png"",""/tangrams/2_19.png"",""/tangrams/3_16.png"",""/tangrams/0_17.png""]"
01J1G3CN0AT2GSQ8FCKRCN2SXN,TRUE,01J1G2BFNZX85J152SRG2XMJ7M,10,65,0,/tangrams/1_18.png,/tangrams/1_18.png,11,10,"[""/tangrams/1_18.png"",""/tangrams/0_17.png"",""/tangrams/2_16.png"",""/tangrams/3_19.png""]"
01J1G2J4TQW0FDESB1P18B3Y25,FALSE,01J1G1WHT4GZEZV213005AZ1MM,40,65,2,NA,/tangrams/3_18.png,9,40,"[""/tangrams/2_17.png"",""/tangrams/0_19.png"",""/tangrams/1_16.png"",""/tangrams/3_18.png""]"
01J1G2KBNJ99QMEC8070PKC9GR,TRUE,01J1G2BFP1PWCGVSRMBF7V50Z5,7,65,0,/tangrams/0_19.png,/tangrams/0_19.png,8,7,"[""/tangrams/2_18.png"",""/tangrams/2_19.png"",""/tangrams/0_19.png"",""/tangrams/0_18.png""]"
01J1G2KBNYYKF716Z0W4A50NQK,TRUE,01J1G2BFP1PWCGVSRMBF7V50Z5,17,65,1,/tangrams/0_17.png,/tangrams/0_17.png,2,17,"[""/tangrams/0_17.png"",""/tangrams/3_17.png"",""/tangrams/0_16.png"",""/tangrams/3_16.png""]"
01J1G3CMY4V9ECWCE8VDW2E7QD,TRUE,01J1G2BFNZX85J152SRG2XMJ7M,23,65,1,/tangrams/2_18.png,/tangrams/2_18.png,8,23,"[""/tangrams/2_18.png"",""/tangrams/0_17.png"",""/tangrams/3_16.png"",""/tangrams/1_19.png""]"
01J1G2YX63X07NZBNWQTKJZCKF,TRUE,01J1G2BFP2D4J7V9H0V3XJEAHQ,35,65,2,/tangrams/13_29.png,/tangrams/13_29.png,4,35,"[""/tangrams/1_17.png"",""/tangrams/13_29.png"",""/tangrams/15_31.png"",""/tangrams/14_30.png""]"
01J1G2J4SRGE3CPRXRTRWPHYYP,FALSE,01J1G1WHT4GZEZV213005AZ1MM,8,65,0,NA,/tangrams/2_17.png,9,8,"[""/tangrams/3_19.png"",""/tangrams/2_17.png"",""/tangrams/0_16.png"",""/tangrams/1_18.png""]"
01J1G2KBNR3J0MPBP9VSSD9QEH,TRUE,01J1G2BFP1PWCGVSRMBF7V50Z5,12,65,0,/tangrams/2_19.png,/tangrams/2_19.png,13,12,"[""/tangrams/1_17.png"",""/tangrams/1_19.png"",""/tangrams/2_19.png"",""/tangrams/2_17.png""]"
01J1G2W29Y4YZ1JAC8PMTN5TMR,TRUE,01J1G1WHTAFKTGHBG3KKSCJSTE,11,65,0,/tangrams/0_16.png,/tangrams/0_16.png,12,11,"[""/tangrams/10_26.png"",""/tangrams/2_18.png"",""/tangrams/15_31.png"",""/tangrams/0_16.png""]"
01J1G2W2D0C1Z451A9HR21T3V4,TRUE,01J1G1WHTAFKTGHBG3KKSCJSTE,52,65,3,/tangrams/8_24.png,/tangrams/8_24.png,5,52,"[""/tangrams/12_28.png"",""/tangrams/8_24.png"",""/tangrams/11_27.png"",""/tangrams/10_26.png""]"
01J1G3EDZGQTX15BH95S7NYX3M,TRUE,01J1G2YKN01DFX61RSJD6JCCFB,21,65,1,/tangrams/1_16.png,/tangrams/1_16.png,6,21,"[""/tangrams/3_19.png"",""/tangrams/1_16.png"",""/tangrams/2_18.png"",""/tangrams/0_17.png""]"
01J1G3EE8GXZ15V0BGS0FPJ5EK,TRUE,01J1G2YKN01DFX61RSJD6JCCFB,62,65,3,/tangrams/3_17.png,/tangrams/3_17.png,15,62,"[""/tangrams/2_19.png"",""/tangrams/3_17.png"",""/tangrams/0_16.png"",""/tangrams/1_18.png""]"
01J1G2J4TMFR2HWBHWJPQHA7WE,FALSE,01J1G1WHT4GZEZV213005AZ1MM,36,65,2,NA,/tangrams/1_17.png,5,36,"[""/tangrams/2_16.png"",""/tangrams/3_19.png"",""/tangrams/0_18.png"",""/tangrams/1_17.png""]"
01J1G2W2A8NFAYJ9WXWZKGEB72,TRUE,01J1G1WHTAFKTGHBG3KKSCJSTE,15,65,0,/tangrams/15_31.png,/tangrams/15_31.png,16,15,"[""/tangrams/1_17.png"",""/tangrams/4_20.png"",""/tangrams/13_29.png"",""/tangrams/15_31.png""]"
01J1G3CMYKAV7X329ZBYJ2N9NS,TRUE,01J1G2BFNZX85J152SRG2XMJ7M,15,65,0,/tangrams/1_16.png,/tangrams/1_16.png,16,15,"[""/tangrams/0_17.png"",""/tangrams/1_16.png"",""/tangrams/3_19.png"",""/tangrams/2_18.png""]"
01J1G3EDSJ2SD67X1HJDDTBCGD,TRUE,01J1G2YKN01DFX61RSJD6JCCFB,58,65,3,/tangrams/3_19.png,/tangrams/3_19.png,11,58,"[""/tangrams/1_18.png"",""/tangrams/3_19.png"",""/tangrams/2_17.png"",""/tangrams/0_16.png""]"
01J1G3EE1ARFWQQQQX8RN5S8VM,TRUE,01J1G2YKN01DFX61RSJD6JCCFB,32,65,2,/tangrams/1_16.png,/tangrams/1_16.png,1,32,"[""/tangrams/1_16.png"",""/tangrams/2_19.png"",""/tangrams/3_17.png"",""/tangrams/0_18.png""]"
01J1G3EE6ZJ04V0WBX49DRYRHE,TRUE,01J1G2YKN01DFX61RSJD6JCCFB,53,65,3,/tangrams/0_19.png,/tangrams/0_19.png,6,53,"[""/tangrams/0_19.png"",""/tangrams/1_16.png"",""/tangrams/2_18.png"",""/tangrams/3_17.png""]"
01J1G2JBSJYAHCN7Y8VD38YG76,TRUE,01J1G1WHT9T93BKEMYX1GA4C93,45,65,2,/tangrams/2_16.png,/tangrams/2_16.png,14,45,"[""/tangrams/3_19.png"",""/tangrams/2_16.png"",""/tangrams/2_19.png"",""/tangrams/3_16.png""]"
01J1G2KBQ5ZCAMHQG65D51ZG05,TRUE,01J1G2BFP1PWCGVSRMBF7V50Z5,59,65,3,/tangrams/1_18.png,/tangrams/1_18.png,12,59,"[""/tangrams/0_17.png"",""/tangrams/1_17.png"",""/tangrams/0_18.png"",""/tangrams/1_18.png""]"
01J1G2W2BTYVSVN2Q3GXRMXZM9,TRUE,01J1G1WHTAFKTGHBG3KKSCJSTE,30,65,1,/tangrams/14_30.png,/tangrams/14_30.png,15,30,"[""/tangrams/4_20.png"",""/tangrams/11_27.png"",""/tangrams/13_29.png"",""/tangrams/14_30.png""]"
01J1G2YX3GXVNKXA3EVCCH676T,TRUE,01J1G2BFP2D4J7V9H0V3XJEAHQ,13,65,0,/tangrams/12_28.png,/tangrams/12_28.png,14,13,"[""/tangrams/4_20.png"",""/tangrams/12_28.png"",""/tangrams/3_19.png"",""/tangrams/9_25.png""]"
01J1G2KBPHJ6X08MTNYTTBGX8X,TRUE,01J1G2BFP1PWCGVSRMBF7V50Z5,36,65,2,/tangrams/3_18.png,/tangrams/3_18.png,5,36,"[""/tangrams/1_16.png"",""/tangrams/3_16.png"",""/tangrams/3_18.png"",""/tangrams/1_18.png""]"
01J1G2YX3RRCKGGANJ5C4ZGS60,TRUE,01J1G2BFP2D4J7V9H0V3XJEAHQ,15,65,0,/tangrams/3_19.png,/tangrams/3_19.png,16,15,"[""/tangrams/2_18.png"",""/tangrams/9_25.png"",""/tangrams/1_17.png"",""/tangrams/3_19.png""]"
01J1G2YX42XA3E1JQBA5SF3DYE,TRUE,01J1G2BFP2D4J7V9H0V3XJEAHQ,19,65,1,/tangrams/7_23.png,/tangrams/7_23.png,4,19,"[""/tangrams/8_24.png"",""/tangrams/6_22.png"",""/tangrams/11_27.png"",""/tangrams/7_23.png""]"
01J1G2W2CCY8H6EFG120ZH784M,TRUE,01J1G1WHTAFKTGHBG3KKSCJSTE,33,65,2,/tangrams/13_29.png,/tangrams/13_29.png,2,33,"[""/tangrams/15_31.png"",""/tangrams/7_23.png"",""/tangrams/9_25.png"",""/tangrams/13_29.png""]"
01J1G2YX8H8WPS6EXHP36WNMQM,TRUE,01J1G2BFP2D4J7V9H0V3XJEAHQ,53,65,3,/tangrams/9_25.png,/tangrams/9_25.png,6,53,"[""/tangrams/9_25.png"",""/tangrams/12_28.png"",""/tangrams/6_22.png"",""/tangrams/2_18.png""]"
01J1G2W2CW8HSSYXCS0GPGF9AT,TRUE,01J1G1WHTAFKTGHBG3KKSCJSTE,50,65,3,/tangrams/2_18.png,/tangrams/2_18.png,3,50,"[""/tangrams/1_17.png"",""/tangrams/15_31.png"",""/tangrams/0_16.png"",""/tangrams/2_18.png""]"
01J1G3CMS37X7PGDQ7F5G6T1EN,TRUE,01J1G2BFNZX85J152SRG2XMJ7M,61,65,3,/tangrams/1_17.png,/tangrams/1_17.png,14,61,"[""/tangrams/1_17.png"",""/tangrams/0_19.png"",""/tangrams/3_16.png"",""/tangrams/2_18.png""]"
01J1G3EE61ZBZM49RCQAFJ17TK,TRUE,01J1G2YKN01DFX61RSJD6JCCFB,48,65,3,/tangrams/1_18.png,/tangrams/1_18.png,1,48,"[""/tangrams/3_16.png"",""/tangrams/2_19.png"",""/tangrams/0_17.png"",""/tangrams/1_18.png""]"
01J1G3EE7G5T73YHFNQ8FW4BYF,TRUE,01J1G2YKN01DFX61RSJD6JCCFB,56,65,3,/tangrams/2_18.png,/tangrams/2_18.png,9,56,"[""/tangrams/3_16.png"",""/tangrams/0_19.png"",""/tangrams/2_18.png"",""/tangrams/1_17.png""]"
01J1G2J4TGKK62CPP1ZWADVG96,FALSE,01J1G1WHT4GZEZV213005AZ1MM,25,65,1,NA,/tangrams/2_16.png,10,25,"[""/tangrams/2_16.png"",""/tangrams/3_18.png"",""/tangrams/1_19.png"",""/tangrams/0_17.png""]"
01J1G2JBRSYN3152BWBEKQ7DA4,TRUE,01J1G1WHT9T93BKEMYX1GA4C93,12,65,0,/tangrams/1_18.png,/tangrams/1_18.png,13,12,"[""/tangrams/1_18.png"",""/tangrams/0_18.png"",""/tangrams/0_19.png"",""/tangrams/1_19.png""]"
01J1G2JBSS23HMTQ3H8VS71HVG,TRUE,01J1G1WHT9T93BKEMYX1GA4C93,50,65,3,/tangrams/2_17.png,/tangrams/2_17.png,3,50,"[""/tangrams/2_17.png"",""/tangrams/1_17.png"",""/tangrams/2_19.png"",""/tangrams/1_19.png""]"
01J1G2W2C8KBSRZ0V8G58VA9AH,TRUE,01J1G1WHTAFKTGHBG3KKSCJSTE,40,65,2,/tangrams/10_26.png,/tangrams/10_26.png,9,40,"[""/tangrams/5_21.png"",""/tangrams/0_16.png"",""/tangrams/6_22.png"",""/tangrams/10_26.png""]"
01J1G3EDS4JK1AEKZFA75XZAVZ,FALSE,01J1G2YKN01DFX61RSJD6JCCFB,1,65,0,NA,/tangrams/0_16.png,2,1,"[""/tangrams/2_18.png"",""/tangrams/0_16.png"",""/tangrams/3_17.png"",""/tangrams/1_19.png""]"
01J1G2KBNBZFKPSS2R9KCAVGAH,TRUE,01J1G2BFP1PWCGVSRMBF7V50Z5,24,65,1,/tangrams/0_19.png,/tangrams/0_19.png,9,24,"[""/tangrams/0_18.png"",""/tangrams/2_18.png"",""/tangrams/0_19.png"",""/tangrams/2_19.png""]"
01J1G2YX72X3CCP9G08MAM9MPF,TRUE,01J1G2BFP2D4J7V9H0V3XJEAHQ,45,65,2,/tangrams/4_20.png,/tangrams/4_20.png,14,45,"[""/tangrams/8_24.png"",""/tangrams/4_20.png"",""/tangrams/10_26.png"",""/tangrams/5_21.png""]"
01J1G2YX9FR5884JFWTBAMPXY0,TRUE,01J1G2BFP2D4J7V9H0V3XJEAHQ,62,65,3,/tangrams/15_31.png,/tangrams/15_31.png,15,62,"[""/tangrams/13_29.png"",""/tangrams/7_23.png"",""/tangrams/12_28.png"",""/tangrams/15_31.png""]"
01J1G3CMSZQR9Q2EV8YBA6DSBJ,TRUE,01J1G2BFNZX85J152SRG2XMJ7M,46,65,2,/tangrams/2_18.png,/tangrams/2_18.png,15,46,"[""/tangrams/2_18.png"",""/tangrams/0_17.png"",""/tangrams/3_16.png"",""/tangrams/1_19.png""]"
01J1G2KBPNYVN33C53R4ZTZ9M2,TRUE,01J1G2BFP1PWCGVSRMBF7V50Z5,39,65,2,/tangrams/2_18.png,/tangrams/2_18.png,8,39,"[""/tangrams/2_16.png"",""/tangrams/3_18.png"",""/tangrams/2_18.png"",""/tangrams/3_16.png""]"
01J1G2YX2D9XCB1WV2FMK46GCN,FALSE,01J1G2BFP2D4J7V9H0V3XJEAHQ,0,65,0,NA,/tangrams/9_25.png,1,0,"[""/tangrams/7_23.png"",""/tangrams/6_22.png"",""/tangrams/2_18.png"",""/tangrams/9_25.png""]"
01J1G2J4SS4RWX426PSAR0HGRT,FALSE,01J1G1WHT4GZEZV213005AZ1MM,14,65,0,NA,/tangrams/2_19.png,15,14,"[""/tangrams/3_17.png"",""/tangrams/2_19.png"",""/tangrams/0_18.png"",""/tangrams/1_16.png""]"
01J1G2JBSGRMK7XV87CYZBN099,TRUE,01J1G1WHT9T93BKEMYX1GA4C93,44,65,2,/tangrams/1_19.png,/tangrams/1_19.png,13,44,"[""/tangrams/2_16.png"",""/tangrams/1_16.png"",""/tangrams/2_19.png"",""/tangrams/1_19.png""]"
01J1G2KBN19TSWCM20F83SNW8S,TRUE,01J1G2BFP1PWCGVSRMBF7V50Z5,0,65,0,/tangrams/2_17.png,/tangrams/2_17.png,1,0,"[""/tangrams/1_17.png"",""/tangrams/2_17.png"",""/tangrams/2_16.png"",""/tangrams/1_16.png""]"
01J1G2KBNW4W1039BQGCBQZ7CJ,TRUE,01J1G2BFP1PWCGVSRMBF7V50Z5,16,65,1,/tangrams/2_19.png,/tangrams/2_19.png,1,16,"[""/tangrams/3_19.png"",""/tangrams/3_16.png"",""/tangrams/2_16.png"",""/tangrams/2_19.png""]"
01J1G3CMX33ED24VB1Z0JPST10,TRUE,01J1G2BFNZX85J152SRG2XMJ7M,30,65,1,/tangrams/3_19.png,/tangrams/3_19.png,15,30,"[""/tangrams/3_19.png"",""/tangrams/0_18.png"",""/tangrams/1_17.png"",""/tangrams/2_16.png""]"
01J1G2JBS0H1YV0Y95TVBWC7JW,TRUE,01J1G1WHT9T93BKEMYX1GA4C93,22,65,1,/tangrams/0_17.png,/tangrams/0_17.png,7,22,"[""/tangrams/3_17.png"",""/tangrams/0_17.png"",""/tangrams/0_19.png"",""/tangrams/3_19.png""]"
01J1G2J4V88Y5MPPBDFH5DSJZZ,NA,01J1G1WHT4GZEZV213005AZ1MM,62,65,3,NA,/tangrams/2_16.png,15,62,"[""/tangrams/1_19.png"",""/tangrams/2_16.png"",""/tangrams/3_18.png"",""/tangrams/0_17.png""]"
01J1G2KBP9CXN3SEDJ5EJETF6K,TRUE,01J1G2BFP1PWCGVSRMBF7V50Z5,30,65,1,/tangrams/1_16.png,/tangrams/1_16.png,15,30,"[""/tangrams/1_19.png"",""/tangrams/2_16.png"",""/tangrams/1_16.png"",""/tangrams/2_19.png""]"
01J1G2JBRRN2QSY1DWZW7P99JE,TRUE,01J1G1WHT9T93BKEMYX1GA4C93,8,65,0,/tangrams/1_16.png,/tangrams/1_16.png,9,8,"[""/tangrams/1_18.png"",""/tangrams/0_18.png"",""/tangrams/1_16.png"",""/tangrams/0_16.png""]"
01J1G2YX4DSKPTW6G2A6Q1CKPX,TRUE,01J1G2BFP2D4J7V9H0V3XJEAHQ,21,65,1,/tangrams/2_18.png,/tangrams/2_18.png,6,21,"[""/tangrams/2_18.png"",""/tangrams/15_31.png"",""/tangrams/0_16.png"",""/tangrams/13_29.png""]"
01J1G2JBSYNHR46P7HWR66RETV,TRUE,01J1G1WHT9T93BKEMYX1GA4C93,54,65,3,/tangrams/2_18.png,/tangrams/2_18.png,7,54,"[""/tangrams/1_17.png"",""/tangrams/1_18.png"",""/tangrams/2_17.png"",""/tangrams/2_18.png""]"
01J1G2KBNN3A0XPY0XMBY3Z28P,TRUE,01J1G2BFP1PWCGVSRMBF7V50Z5,11,65,0,/tangrams/1_16.png,/tangrams/1_16.png,12,11,"[""/tangrams/3_16.png"",""/tangrams/3_19.png"",""/tangrams/1_19.png"",""/tangrams/1_16.png""]"
01J1G3EE7VTVXZ4YNMDVPYR2YJ,TRUE,01J1G2YKN01DFX61RSJD6JCCFB,57,65,3,/tangrams/2_16.png,/tangrams/2_16.png,10,57,"[""/tangrams/3_19.png"",""/tangrams/2_16.png"",""/tangrams/0_18.png"",""/tangrams/1_17.png""]"
01J1G2JBSJYAHCN7Y8TFKFT9GA,TRUE,01J1G1WHT9T93BKEMYX1GA4C93,48,65,3,/tangrams/1_16.png,/tangrams/1_16.png,1,48,"[""/tangrams/0_17.png"",""/tangrams/0_16.png"",""/tangrams/1_16.png"",""/tangrams/1_17.png""]"
01J1G2JBSTR19SK2QSA5W7V1JP,TRUE,01J1G1WHT9T93BKEMYX1GA4C93,52,65,3,/tangrams/0_19.png,/tangrams/0_19.png,5,52,"[""/tangrams/1_17.png"",""/tangrams/0_19.png"",""/tangrams/0_17.png"",""/tangrams/1_19.png""]"
01J1G2YX60KK5BP551KP8HZ3QQ,TRUE,01J1G2BFP2D4J7V9H0V3XJEAHQ,34,65,2,/tangrams/5_21.png,/tangrams/5_21.png,3,34,"[""/tangrams/12_28.png"",""/tangrams/5_21.png"",""/tangrams/3_19.png"",""/tangrams/13_29.png""]"
01J1G3CMSS8Z8DNRC0SJ00VZV2,TRUE,01J1G2BFNZX85J152SRG2XMJ7M,47,65,2,/tangrams/3_16.png,/tangrams/3_16.png,16,47,"[""/tangrams/1_18.png"",""/tangrams/0_19.png"",""/tangrams/2_17.png"",""/tangrams/3_16.png""]"
01J1G3EDVP28J6XN0TWM7D01ZA,TRUE,01J1G2YKN01DFX61RSJD6JCCFB,11,65,0,/tangrams/2_18.png,/tangrams/2_18.png,12,11,"[""/tangrams/1_17.png"",""/tangrams/0_16.png"",""/tangrams/2_18.png"",""/tangrams/3_19.png""]"
01J1G3EE741S3S0EA4TMRTRYW4,TRUE,01J1G2YKN01DFX61RSJD6JCCFB,52,65,3,/tangrams/3_18.png,/tangrams/3_18.png,5,52,"[""/tangrams/2_16.png"",""/tangrams/0_19.png"",""/tangrams/3_18.png"",""/tangrams/1_17.png""]"
01J1G3EE85871NHMK6CY3TN8K0,TRUE,01J1G2YKN01DFX61RSJD6JCCFB,61,65,3,/tangrams/1_16.png,/tangrams/1_16.png,14,61,"[""/tangrams/1_16.png"",""/tangrams/2_18.png"",""/tangrams/3_19.png"",""/tangrams/0_17.png""]"
01J1G2J4SS4RWX426PT213MZ7E,FALSE,01J1G1WHT4GZEZV213005AZ1MM,17,65,1,NA,/tangrams/0_19.png,2,17,"[""/tangrams/3_16.png"",""/tangrams/1_18.png"",""/tangrams/0_19.png"",""/tangrams/2_17.png""]"
01J1G2J4TVQ98G9Q0H7H1NVHCP,NA,01J1G1WHT4GZEZV213005AZ1MM,50,65,3,NA,/tangrams/1_17.png,3,50,"[""/tangrams/3_16.png"",""/tangrams/1_17.png"",""/tangrams/0_19.png"",""/tangrams/2_18.png""]"
01J1G2KBP15YQ3QJY27W9TSAZW,TRUE,01J1G2BFP1PWCGVSRMBF7V50Z5,20,65,1,/tangrams/1_18.png,/tangrams/1_18.png,5,20,"[""/tangrams/3_18.png"",""/tangrams/1_18.png"",""/tangrams/3_17.png"",""/tangrams/1_17.png""]"
01J1G3EDV60Z3DESZSJ5FCG6B6,TRUE,01J1G2YKN01DFX61RSJD6JCCFB,7,65,0,/tangrams/1_17.png,/tangrams/1_17.png,8,7,"[""/tangrams/3_19.png"",""/tangrams/1_17.png"",""/tangrams/0_18.png"",""/tangrams/2_16.png""]"
01J1G2KBPGT0CADE97V01NAJPY,TRUE,01J1G2BFP1PWCGVSRMBF7V50Z5,26,65,1,/tangrams/2_16.png,/tangrams/2_16.png,11,26,"[""/tangrams/0_16.png"",""/tangrams/2_16.png"",""/tangrams/2_17.png"",""/tangrams/0_17.png""]"
01J1G3CMXBJ233VMW521MET84N,TRUE,01J1G2BFNZX85J152SRG2XMJ7M,21,65,1,/tangrams/3_18.png,/tangrams/3_18.png,6,21,"[""/tangrams/3_18.png"",""/tangrams/2_17.png"",""/tangrams/0_16.png"",""/tangrams/1_19.png""]"
01J1G2JBSW39XXMD1741WRDK8R,TRUE,01J1G1WHT9T93BKEMYX1GA4C93,55,65,3,/tangrams/1_17.png,/tangrams/1_17.png,8,55,"[""/tangrams/3_17.png"",""/tangrams/3_16.png"",""/tangrams/1_16.png"",""/tangrams/1_17.png""]"
01J1G2YX39CCTT6X7M1853Z6QQ,TRUE,01J1G2BFP2D4J7V9H0V3XJEAHQ,9,65,0,/tangrams/1_17.png,/tangrams/1_17.png,10,9,"[""/tangrams/10_26.png"",""/tangrams/1_17.png"",""/tangrams/12_28.png"",""/tangrams/2_18.png""]"
01J1G3EDSC1KFVVVFC1ETT2NKD,TRUE,01J1G2YKN01DFX61RSJD6JCCFB,19,65,1,/tangrams/0_17.png,/tangrams/0_17.png,4,19,"[""/tangrams/2_19.png"",""/tangrams/3_16.png"",""/tangrams/1_18.png"",""/tangrams/0_17.png""]"
01J1G2J4TGKK62CPP1YV0VEPXX,FALSE,01J1G1WHT4GZEZV213005AZ1MM,31,65,1,NA,/tangrams/3_18.png,16,31,"[""/tangrams/2_17.png"",""/tangrams/0_16.png"",""/tangrams/3_18.png"",""/tangrams/1_19.png""]"
01J1G3CMQKW02169MA0055Q3XF,TRUE,01J1G2BFNZX85J152SRG2XMJ7M,7,65,0,/tangrams/3_16.png,/tangrams/3_16.png,8,7,"[""/tangrams/0_17.png"",""/tangrams/2_19.png"",""/tangrams/3_16.png"",""/tangrams/1_18.png""]"
01J1G2W2D6Z1099307RDAVVY79,TRUE,01J1G1WHTAFKTGHBG3KKSCJSTE,56,65,3,/tangrams/0_16.png,/tangrams/0_16.png,9,56,"[""/tangrams/7_23.png"",""/tangrams/0_16.png"",""/tangrams/2_18.png"",""/tangrams/12_28.png""]"
01J1G2YX6QHVYG9CFSRTQJMN8W,TRUE,01J1G2BFP2D4J7V9H0V3XJEAHQ,41,65,2,/tangrams/12_28.png,/tangrams/12_28.png,10,41,"[""/tangrams/12_28.png"",""/tangrams/15_31.png"",""/tangrams/6_22.png"",""/tangrams/13_29.png""]"
01J1G3CMYFRP8J6KXB7ZBR73GF,TRUE,01J1G2BFNZX85J152SRG2XMJ7M,28,65,1,/tangrams/0_16.png,/tangrams/0_16.png,13,28,"[""/tangrams/0_16.png"",""/tangrams/1_19.png"",""/tangrams/3_17.png"",""/tangrams/2_18.png""]"
01J1G2J4V88Y5MPPBDG9VS0MV3,NA,01J1G1WHT4GZEZV213005AZ1MM,61,65,3,NA,/tangrams/0_19.png,14,61,"[""/tangrams/2_17.png"",""/tangrams/3_18.png"",""/tangrams/0_19.png"",""/tangrams/1_16.png""]"
01J1G2W29MM321JCN0EBA69VWK,TRUE,01J1G1WHTAFKTGHBG3KKSCJSTE,2,65,0,/tangrams/14_30.png,/tangrams/14_30.png,3,2,"[""/tangrams/7_23.png"",""/tangrams/2_18.png"",""/tangrams/12_28.png"",""/tangrams/14_30.png""]"
01J1G2W2BWFVPPBFNWYD3EEN32,TRUE,01J1G1WHTAFKTGHBG3KKSCJSTE,31,65,1,/tangrams/12_28.png,/tangrams/12_28.png,16,31,"[""/tangrams/4_20.png"",""/tangrams/12_28.png"",""/tangrams/5_21.png"",""/tangrams/8_24.png""]"
01J1G2W2D3DHEJX3Y41J3RYTTV,TRUE,01J1G1WHTAFKTGHBG3KKSCJSTE,55,65,3,/tangrams/13_29.png,/tangrams/13_29.png,8,55,"[""/tangrams/12_28.png"",""/tangrams/13_29.png"",""/tangrams/11_27.png"",""/tangrams/10_26.png""]"
01J1G2JBT16FZ11BZXZT74XZ2J,TRUE,01J1G1WHT9T93BKEMYX1GA4C93,61,65,3,/tangrams/3_17.png,/tangrams/3_17.png,14,61,"[""/tangrams/1_16.png"",""/tangrams/3_16.png"",""/tangrams/1_17.png"",""/tangrams/3_17.png""]"
01J1G2KBNED1NYAT33TA7C59VN,TRUE,01J1G2BFP1PWCGVSRMBF7V50Z5,46,65,2,/tangrams/3_17.png,/tangrams/3_17.png,15,46,"[""/tangrams/3_16.png"",""/tangrams/0_17.png"",""/tangrams/0_16.png"",""/tangrams/3_17.png""]"
01J1G2JBS85476NGFA1T4GS1X6,TRUE,01J1G1WHT9T93BKEMYX1GA4C93,32,65,2,/tangrams/3_19.png,/tangrams/3_19.png,1,32,"[""/tangrams/2_17.png"",""/tangrams/3_19.png"",""/tangrams/3_17.png"",""/tangrams/2_19.png""]"
01J1G2W2D43XH5HR1PCYE1QC41,TRUE,01J1G1WHTAFKTGHBG3KKSCJSTE,53,65,3,/tangrams/6_22.png,/tangrams/6_22.png,6,53,"[""/tangrams/14_30.png"",""/tangrams/11_27.png"",""/tangrams/7_23.png"",""/tangrams/6_22.png""]"
01J1G3CMQY0A32YP3ZYP26224Z,TRUE,01J1G2BFNZX85J152SRG2XMJ7M,62,65,3,/tangrams/2_17.png,/tangrams/2_17.png,15,62,"[""/tangrams/2_17.png"",""/tangrams/0_18.png"",""/tangrams/3_16.png"",""/tangrams/1_19.png""]"
01J1G3CMV9ZW9JJ1SEXZ1NTA1J,TRUE,01J1G2BFNZX85J152SRG2XMJ7M,32,65,2,/tangrams/2_19.png,/tangrams/2_19.png,1,32,"[""/tangrams/1_17.png"",""/tangrams/0_18.png"",""/tangrams/2_19.png"",""/tangrams/3_16.png""]"
01J1G3CMXFJ718K1RN18XHR6MR,TRUE,01J1G2BFNZX85J152SRG2XMJ7M,41,65,2,/tangrams/2_17.png,/tangrams/2_17.png,10,41,"[""/tangrams/0_16.png"",""/tangrams/1_18.png"",""/tangrams/2_17.png"",""/tangrams/3_19.png""]"
01J1G3EE2HAQ07WJKM29FYAATP,TRUE,01J1G2YKN01DFX61RSJD6JCCFB,36,65,2,/tangrams/2_18.png,/tangrams/2_18.png,5,36,"[""/tangrams/3_16.png"",""/tangrams/0_17.png"",""/tangrams/2_18.png"",""/tangrams/1_19.png""]"
01J1G2J4V3BVKJHPQBA2C42GCX,NA,01J1G1WHT4GZEZV213005AZ1MM,57,65,3,NA,/tangrams/1_16.png,10,57,"[""/tangrams/2_18.png"",""/tangrams/3_19.png"",""/tangrams/1_16.png"",""/tangrams/0_17.png""]"
01J1G2JBSTR19SK2QS99YFZP7W,TRUE,01J1G1WHT9T93BKEMYX1GA4C93,51,65,3,/tangrams/0_18.png,/tangrams/0_18.png,4,51,"[""/tangrams/0_19.png"",""/tangrams/2_18.png"",""/tangrams/2_19.png"",""/tangrams/0_18.png""]"
01J1G2W2BZAG98PJY6CP307TK7,TRUE,01J1G1WHTAFKTGHBG3KKSCJSTE,34,65,2,/tangrams/14_30.png,/tangrams/14_30.png,3,34,"[""/tangrams/15_31.png"",""/tangrams/5_21.png"",""/tangrams/4_20.png"",""/tangrams/14_30.png""]"
01J1G2YX7R8CYCJM3B1AJVN1S9,TRUE,01J1G2BFP2D4J7V9H0V3XJEAHQ,51,65,3,/tangrams/4_20.png,/tangrams/4_20.png,4,51,"[""/tangrams/4_20.png"",""/tangrams/6_22.png"",""/tangrams/10_26.png"",""/tangrams/3_19.png""]"
01J1G2KBQ77WMTVHK30E30F48G,FALSE,01J1G2BFP1PWCGVSRMBF7V50Z5,52,65,3,/tangrams/2_19.png,/tangrams/2_18.png,5,52,"[""/tangrams/3_19.png"",""/tangrams/3_18.png"",""/tangrams/2_19.png"",""/tangrams/2_18.png""]"
01J1G3CMRHRT4P6QP6MH7M10N6,TRUE,01J1G2BFNZX85J152SRG2XMJ7M,6,65,0,/tangrams/0_17.png,/tangrams/0_17.png,7,6,"[""/tangrams/2_19.png"",""/tangrams/3_18.png"",""/tangrams/0_17.png"",""/tangrams/1_16.png""]"
01J1G3EE0PWG2YRXEE51SY6H9N,TRUE,01J1G2YKN01DFX61RSJD6JCCFB,29,65,1,/tangrams/2_19.png,/tangrams/2_19.png,14,29,"[""/tangrams/2_19.png"",""/tangrams/0_17.png"",""/tangrams/3_18.png"",""/tangrams/1_16.png""]"
01J1G2JBRT414GHXNN6Q4VPZAB,TRUE,01J1G1WHT9T93BKEMYX1GA4C93,14,65,0,/tangrams/0_16.png,/tangrams/0_16.png,15,14,"[""/tangrams/0_16.png"",""/tangrams/2_19.png"",""/tangrams/2_16.png"",""/tangrams/0_19.png""]"
01J1G2KBPQPPT7EKDE8J40G0K5,TRUE,01J1G2BFP1PWCGVSRMBF7V50Z5,42,65,2,/tangrams/1_19.png,/tangrams/1_19.png,11,42,"[""/tangrams/1_18.png"",""/tangrams/1_19.png"",""/tangrams/2_19.png"",""/tangrams/2_18.png""]"
01J1G2W2A0P2P1KXHNBANJF739,TRUE,01J1G1WHTAFKTGHBG3KKSCJSTE,10,65,0,/tangrams/9_25.png,/tangrams/9_25.png,11,10,"[""/tangrams/14_30.png"",""/tangrams/1_17.png"",""/tangrams/0_16.png"",""/tangrams/9_25.png""]"
01J1G2YX6V3GC93X3E7N41ZMJ4,TRUE,01J1G2BFP2D4J7V9H0V3XJEAHQ,43,65,2,/tangrams/8_24.png,/tangrams/8_24.png,12,43,"[""/tangrams/13_29.png"",""/tangrams/5_21.png"",""/tangrams/1_17.png"",""/tangrams/8_24.png""]"
01J1G3EDZVNQH4KWZ33AGSQQDJ,TRUE,01J1G2YKN01DFX61RSJD6JCCFB,24,65,1,/tangrams/3_18.png,/tangrams/3_18.png,9,24,"[""/tangrams/1_17.png"",""/tangrams/3_18.png"",""/tangrams/0_19.png"",""/tangrams/2_16.png""]"
01J1G2J4SYA7QKATDJTD1BZ9JJ,FALSE,01J1G1WHT4GZEZV213005AZ1MM,15,65,0,NA,/tangrams/2_16.png,16,15,"[""/tangrams/0_19.png"",""/tangrams/3_17.png"",""/tangrams/2_16.png"",""/tangrams/1_18.png""]"
01J1G2JBSC7T6WKQ04T9G0SA5W,TRUE,01J1G1WHT9T93BKEMYX1GA4C93,40,65,2,/tangrams/0_18.png,/tangrams/0_18.png,9,40,"[""/tangrams/0_17.png"",""/tangrams/1_17.png"",""/tangrams/0_18.png"",""/tangrams/1_18.png""]"
01J1G2JBT39F4S72JCR52576SA,TRUE,01J1G1WHT9T93BKEMYX1GA4C93,59,65,3,/tangrams/1_18.png,/tangrams/1_18.png,12,59,"[""/tangrams/1_18.png"",""/tangrams/2_18.png"",""/tangrams/1_16.png"",""/tangrams/2_16.png""]"
01J1G2YX2P4THVBK979W61TAKC,TRUE,01J1G2BFP2D4J7V9H0V3XJEAHQ,18,65,1,/tangrams/4_20.png,/tangrams/4_20.png,3,18,"[""/tangrams/5_21.png"",""/tangrams/8_24.png"",""/tangrams/4_20.png"",""/tangrams/3_19.png""]"
01J1G3CMS7C3FFZV1HMX1XZ8PG,TRUE,01J1G2BFNZX85J152SRG2XMJ7M,60,65,3,/tangrams/2_18.png,/tangrams/2_18.png,13,60,"[""/tangrams/3_19.png"",""/tangrams/1_16.png"",""/tangrams/2_18.png"",""/tangrams/0_17.png""]"
01J1G3CMV4S75ASAYJ73979KCT,TRUE,01J1G2BFNZX85J152SRG2XMJ7M,59,65,3,/tangrams/0_17.png,/tangrams/0_17.png,12,59,"[""/tangrams/0_17.png"",""/tangrams/2_18.png"",""/tangrams/1_19.png"",""/tangrams/3_16.png""]"
01J1G3CMW2FVANS96FQ9HXQY7M,TRUE,01J1G2BFNZX85J152SRG2XMJ7M,58,65,3,/tangrams/1_19.png,/tangrams/1_19.png,11,58,"[""/tangrams/1_19.png"",""/tangrams/0_18.png"",""/tangrams/3_17.png"",""/tangrams/2_16.png""]"
01J1G3EDXRAW2ZV1MNWYZPKNH6,TRUE,01J1G2YKN01DFX61RSJD6JCCFB,16,65,1,/tangrams/2_17.png,/tangrams/2_17.png,1,16,"[""/tangrams/0_19.png"",""/tangrams/1_18.png"",""/tangrams/2_17.png"",""/tangrams/3_16.png""]"
01J1G2JBRMR6T2T12RHWCTNG95,TRUE,01J1G1WHT9T93BKEMYX1GA4C93,4,65,0,/tangrams/2_18.png,/tangrams/2_18.png,5,4,"[""/tangrams/1_16.png"",""/tangrams/2_16.png"",""/tangrams/1_18.png"",""/tangrams/2_18.png""]"
01J1G2KBNV01C70GYNC07BFDR6,TRUE,01J1G2BFP1PWCGVSRMBF7V50Z5,15,65,0,/tangrams/2_16.png,/tangrams/2_16.png,16,15,"[""/tangrams/0_16.png"",""/tangrams/0_18.png"",""/tangrams/2_18.png"",""/tangrams/2_16.png""]"
01J1G2KBQ972FHZ10EWKH3QBCH,TRUE,01J1G2BFP1PWCGVSRMBF7V50Z5,58,65,3,/tangrams/3_17.png,/tangrams/3_17.png,11,58,"[""/tangrams/0_17.png"",""/tangrams/0_16.png"",""/tangrams/3_17.png"",""/tangrams/3_16.png""]"
01J1G2W29GZBE4DE1M0PXNBZ1Y,TRUE,01J1G1WHTAFKTGHBG3KKSCJSTE,1,65,0,/tangrams/7_23.png,/tangrams/7_23.png,2,1,"[""/tangrams/3_19.png"",""/tangrams/7_23.png"",""/tangrams/0_16.png"",""/tangrams/12_28.png""]"
01J1G2KBNKM8D41ZV1EQS1F0D2,TRUE,01J1G2BFP1PWCGVSRMBF7V50Z5,9,65,0,/tangrams/3_19.png,/tangrams/3_19.png,10,9,"[""/tangrams/2_19.png"",""/tangrams/3_19.png"",""/tangrams/3_18.png"",""/tangrams/2_18.png""]"
01J1G2W2CEGWN17BBDFA3581KN,TRUE,01J1G1WHTAFKTGHBG3KKSCJSTE,42,65,2,/tangrams/2_18.png,/tangrams/2_18.png,11,42,"[""/tangrams/13_29.png"",""/tangrams/1_17.png"",""/tangrams/2_18.png"",""/tangrams/4_20.png""]"
01J1G3EDTKGDKQE7RTYYBR5KM1,TRUE,01J1G2YKN01DFX61RSJD6JCCFB,4,65,0,/tangrams/2_19.png,/tangrams/2_19.png,5,4,"[""/tangrams/1_17.png"",""/tangrams/2_19.png"",""/tangrams/0_16.png"",""/tangrams/3_18.png""]"
01J1G3EDX0F162ZKJNXG8ZTWSX,TRUE,01J1G2YKN01DFX61RSJD6JCCFB,14,65,0,/tangrams/2_17.png,/tangrams/2_17.png,15,14,"[""/tangrams/0_18.png"",""/tangrams/3_19.png"",""/tangrams/1_16.png"",""/tangrams/2_17.png""]"
01J1G2J4SWERT7VZZGH63H9P48,FALSE,01J1G1WHT4GZEZV213005AZ1MM,32,65,2,NA,/tangrams/2_16.png,1,32,"[""/tangrams/0_17.png"",""/tangrams/1_19.png"",""/tangrams/2_16.png"",""/tangrams/3_18.png""]"
01J1G2J4TKEEDWF0V2QHM60RBZ,FALSE,01J1G1WHT4GZEZV213005AZ1MM,37,65,2,NA,/tangrams/2_19.png,6,37,"[""/tangrams/1_17.png"",""/tangrams/3_16.png"",""/tangrams/2_19.png"",""/tangrams/0_18.png""]"
01J1G2JBRYYZX3ZGJPW5B3QHGC,TRUE,01J1G1WHT9T93BKEMYX1GA4C93,19,65,1,/tangrams/3_18.png,/tangrams/3_18.png,4,19,"[""/tangrams/0_19.png"",""/tangrams/3_18.png"",""/tangrams/3_19.png"",""/tangrams/0_18.png""]"
01J1G3EE80YMMM51ZNMZ41BY8G,TRUE,01J1G2YKN01DFX61RSJD6JCCFB,59,65,3,/tangrams/0_17.png,/tangrams/0_17.png,12,59,"[""/tangrams/0_17.png"",""/tangrams/1_16.png"",""/tangrams/2_18.png"",""/tangrams/3_19.png""]"
01J1G2J4V25GQEPCVFSPXMCTCB,NA,01J1G1WHT4GZEZV213005AZ1MM,56,65,3,NA,/tangrams/1_19.png,9,56,"[""/tangrams/3_16.png"",""/tangrams/1_19.png"",""/tangrams/0_17.png"",""/tangrams/2_18.png""]"
01J1G2W2C2BD18EGR4TX9QJDET,TRUE,01J1G1WHTAFKTGHBG3KKSCJSTE,36,65,2,/tangrams/1_17.png,/tangrams/1_17.png,5,36,"[""/tangrams/7_23.png"",""/tangrams/10_26.png"",""/tangrams/2_18.png"",""/tangrams/1_17.png""]"
01J1G2YX4WXA8H736F2NXDQ7B0,TRUE,01J1G2BFP2D4J7V9H0V3XJEAHQ,24,65,1,/tangrams/6_22.png,/tangrams/6_22.png,9,24,"[""/tangrams/3_19.png"",""/tangrams/13_29.png"",""/tangrams/14_30.png"",""/tangrams/6_22.png""]"
01J1G3CMVY2WJ70K9KWHY8ZWYX,TRUE,01J1G2BFNZX85J152SRG2XMJ7M,55,65,3,/tangrams/0_16.png,/tangrams/0_16.png,8,55,"[""/tangrams/0_16.png"",""/tangrams/2_18.png"",""/tangrams/1_17.png"",""/tangrams/3_19.png""]"
01J1G2W2DHHHA2M41PPG4Z4ERN,TRUE,01J1G1WHTAFKTGHBG3KKSCJSTE,61,65,3,/tangrams/4_20.png,/tangrams/4_20.png,14,61,"[""/tangrams/4_20.png"",""/tangrams/2_18.png"",""/tangrams/14_30.png"",""/tangrams/12_28.png""]"
01J1G3CMRBHHTFDM9B63ADTVW1,TRUE,01J1G2BFNZX85J152SRG2XMJ7M,4,65,0,/tangrams/1_17.png,/tangrams/1_17.png,5,4,"[""/tangrams/3_16.png"",""/tangrams/2_18.png"",""/tangrams/0_19.png"",""/tangrams/1_17.png""]"
01J1G3CMYVCKCDYPJ0YFYXPEH7,TRUE,01J1G2BFNZX85J152SRG2XMJ7M,19,65,1,/tangrams/1_16.png,/tangrams/1_16.png,4,19,"[""/tangrams/1_16.png"",""/tangrams/0_19.png"",""/tangrams/3_18.png"",""/tangrams/2_17.png""]"
01J1G3EE6SBT7C6E77BTK22KC1,TRUE,01J1G2YKN01DFX61RSJD6JCCFB,51,65,3,/tangrams/2_17.png,/tangrams/2_17.png,4,51,"[""/tangrams/1_16.png"",""/tangrams/0_18.png"",""/tangrams/2_17.png"",""/tangrams/3_19.png""]"
01J1G2J4TWQ182PRJGWQZDBQY6,NA,01J1G1WHT4GZEZV213005AZ1MM,53,65,3,NA,/tangrams/2_18.png,6,53,"[""/tangrams/1_17.png"",""/tangrams/2_18.png"",""/tangrams/0_19.png"",""/tangrams/3_16.png""]"
01J1G2JBRAKRWR59S6ZBNAKJJP,TRUE,01J1G1WHT9T93BKEMYX1GA4C93,1,65,0,/tangrams/3_17.png,/tangrams/3_17.png,2,1,"[""/tangrams/1_19.png"",""/tangrams/3_17.png"",""/tangrams/1_17.png"",""/tangrams/3_19.png""]"
01J1G2KBNC4TD7FTA63ZQ4GW83,TRUE,01J1G2BFP1PWCGVSRMBF7V50Z5,45,65,2,/tangrams/1_17.png,/tangrams/1_17.png,14,45,"[""/tangrams/1_17.png"",""/tangrams/1_16.png"",""/tangrams/3_17.png"",""/tangrams/3_16.png""]"
01J1G2KBQ05963908JVQ9NK3JF,TRUE,01J1G2BFP1PWCGVSRMBF7V50Z5,54,65,3,/tangrams/1_19.png,/tangrams/1_19.png,7,54,"[""/tangrams/1_19.png"",""/tangrams/3_18.png"",""/tangrams/1_18.png"",""/tangrams/3_19.png""]"
01J1G2W2AGGBSSY8R8A3WXVV40,TRUE,01J1G1WHTAFKTGHBG3KKSCJSTE,19,65,1,/tangrams/11_27.png,/tangrams/11_27.png,4,19,"[""/tangrams/2_18.png"",""/tangrams/3_19.png"",""/tangrams/11_27.png"",""/tangrams/4_20.png""]"
01J1G2YX8ZVSD3FK3B51DR4J63,TRUE,01J1G2BFP2D4J7V9H0V3XJEAHQ,57,65,3,/tangrams/5_21.png,/tangrams/5_21.png,10,57,"[""/tangrams/0_16.png"",""/tangrams/5_21.png"",""/tangrams/14_30.png"",""/tangrams/1_17.png""]"
01J1G3CN0EWFGHY9Y4AA9QPXCW,TRUE,01J1G2BFNZX85J152SRG2XMJ7M,12,65,0,/tangrams/3_18.png,/tangrams/3_18.png,13,12,"[""/tangrams/0_17.png"",""/tangrams/2_19.png"",""/tangrams/3_18.png"",""/tangrams/1_16.png""]"
01J1G2JBSEVJBD3YM7NTX76AJE,TRUE,01J1G1WHT9T93BKEMYX1GA4C93,41,65,2,/tangrams/1_17.png,/tangrams/1_17.png,10,41,"[""/tangrams/2_17.png"",""/tangrams/1_17.png"",""/tangrams/1_18.png"",""/tangrams/2_18.png""]"
01J1G2YX3VJMMK9X4HCAVAYED8,TRUE,01J1G2BFP2D4J7V9H0V3XJEAHQ,16,65,1,/tangrams/13_29.png,/tangrams/13_29.png,1,16,"[""/tangrams/8_24.png"",""/tangrams/13_29.png"",""/tangrams/10_26.png"",""/tangrams/0_16.png""]"
01J1G3CN10Z0E0Q55578VPV10J,TRUE,01J1G2BFNZX85J152SRG2XMJ7M,14,65,0,/tangrams/2_16.png,/tangrams/2_16.png,15,14,"[""/tangrams/3_18.png"",""/tangrams/1_19.png"",""/tangrams/0_17.png"",""/tangrams/2_16.png""]"
01J1G3EE6D04C6HR3VX0PZV3ZW,TRUE,01J1G2YKN01DFX61RSJD6JCCFB,50,65,3,/tangrams/3_16.png,/tangrams/3_16.png,3,50,"[""/tangrams/2_19.png"",""/tangrams/0_18.png"",""/tangrams/3_16.png"",""/tangrams/1_17.png""]"
01J1G2J4SX747H9S7KPYP86FNJ,FALSE,01J1G1WHT4GZEZV213005AZ1MM,26,65,1,NA,/tangrams/3_16.png,11,26,"[""/tangrams/0_18.png"",""/tangrams/3_16.png"",""/tangrams/1_17.png"",""/tangrams/2_19.png""]"
01J1G2JBSZFR7M5671WGTPZ32F,TRUE,01J1G1WHT9T93BKEMYX1GA4C93,58,65,3,/tangrams/2_19.png,/tangrams/2_19.png,11,58,"[""/tangrams/2_19.png"",""/tangrams/0_16.png"",""/tangrams/2_16.png"",""/tangrams/0_19.png""]"
01J1G2YX35GTMDA31BYSN2Y6N6,TRUE,01J1G2BFP2D4J7V9H0V3XJEAHQ,3,65,0,/tangrams/4_20.png,/tangrams/4_20.png,4,3,"[""/tangrams/3_19.png"",""/tangrams/4_20.png"",""/tangrams/14_30.png"",""/tangrams/1_17.png""]"
01J1G2YX6HEM1WWQ8QYN8TAFNH,TRUE,01J1G2BFP2D4J7V9H0V3XJEAHQ,39,65,2,/tangrams/15_31.png,/tangrams/15_31.png,8,39,"[""/tangrams/10_26.png"",""/tangrams/1_17.png"",""/tangrams/2_18.png"",""/tangrams/15_31.png""]"
01J1G2J4T88AF76WN591PPCHJ8,FALSE,01J1G1WHT4GZEZV213005AZ1MM,10,65,0,NA,/tangrams/0_17.png,11,10,"[""/tangrams/2_18.png"",""/tangrams/1_19.png"",""/tangrams/3_16.png"",""/tangrams/0_17.png""]"
01J1G2J4TS14KV08NB8W5BRGHY,NA,01J1G1WHT4GZEZV213005AZ1MM,47,65,2,NA,/tangrams/0_17.png,16,47,"[""/tangrams/2_18.png"",""/tangrams/3_19.png"",""/tangrams/1_16.png"",""/tangrams/0_17.png""]"
01J1G2JBRPZMPDRRYV7Q1BQ26Q,TRUE,01J1G1WHT9T93BKEMYX1GA4C93,3,65,0,/tangrams/0_18.png,/tangrams/0_18.png,4,3,"[""/tangrams/0_16.png"",""/tangrams/1_16.png"",""/tangrams/0_18.png"",""/tangrams/1_18.png""]"
01J1G2KBPCB669WRN1W0RDN92Z,TRUE,01J1G2BFP1PWCGVSRMBF7V50Z5,31,65,1,/tangrams/1_19.png,/tangrams/1_19.png,16,31,"[""/tangrams/3_17.png"",""/tangrams/1_17.png"",""/tangrams/1_19.png"",""/tangrams/3_19.png""]"
01J1G2W2DJDQ4SB40BRXS0FAWA,TRUE,01J1G1WHTAFKTGHBG3KKSCJSTE,60,65,3,/tangrams/3_19.png,/tangrams/3_19.png,13,60,"[""/tangrams/3_19.png"",""/tangrams/14_30.png"",""/tangrams/11_27.png"",""/tangrams/13_29.png""]"
01J1G2YX5WECF7NMBT619K0N4Z,TRUE,01J1G2BFP2D4J7V9H0V3XJEAHQ,32,65,2,/tangrams/0_16.png,/tangrams/0_16.png,1,32,"[""/tangrams/10_26.png"",""/tangrams/7_23.png"",""/tangrams/6_22.png"",""/tangrams/0_16.png""]"
01J1G3CMXK4PQ6MJZYT6YQCH3K,TRUE,01J1G2BFNZX85J152SRG2XMJ7M,20,65,1,/tangrams/1_18.png,/tangrams/1_18.png,5,20,"[""/tangrams/3_19.png"",""/tangrams/0_16.png"",""/tangrams/1_18.png"",""/tangrams/2_17.png""]"
01J1G3EDTSGG19RGH2PAFR4XBE,TRUE,01J1G2YKN01DFX61RSJD6JCCFB,6,65,0,/tangrams/1_19.png,/tangrams/1_19.png,7,6,"[""/tangrams/0_17.png"",""/tangrams/2_18.png"",""/tangrams/3_16.png"",""/tangrams/1_19.png""]"
01J1G3EE42HXM7X2QFE0VEGYMX,TRUE,01J1G2YKN01DFX61RSJD6JCCFB,41,65,2,/tangrams/3_17.png,/tangrams/3_17.png,10,41,"[""/tangrams/3_17.png"",""/tangrams/2_19.png"",""/tangrams/0_16.png"",""/tangrams/1_18.png""]"
01J1G2J4RXC4Y2ABQ891HAR7CW,FALSE,01J1G1WHT4GZEZV213005AZ1MM,0,65,0,NA,/tangrams/0_19.png,1,0,"[""/tangrams/1_17.png"",""/tangrams/0_19.png"",""/tangrams/3_16.png"",""/tangrams/2_18.png""]"
01J1G2J4SQ4RSZ8S0KJM61T8HQ,FALSE,01J1G1WHT4GZEZV213005AZ1MM,1,65,0,NA,/tangrams/1_17.png,2,1,"[""/tangrams/2_18.png"",""/tangrams/1_17.png"",""/tangrams/3_16.png"",""/tangrams/0_19.png""]"
01J1G2J4SZY3FW7469NXPK62R7,FALSE,01J1G1WHT4GZEZV213005AZ1MM,6,65,0,NA,/tangrams/1_16.png,7,6,"[""/tangrams/0_18.png"",""/tangrams/2_17.png"",""/tangrams/3_19.png"",""/tangrams/1_16.png""]"
01J1G3CMVM6S7RQ72G4XQXEC7N,TRUE,01J1G2BFNZX85J152SRG2XMJ7M,48,65,3,/tangrams/1_18.png,/tangrams/1_18.png,1,48,"[""/tangrams/0_19.png"",""/tangrams/1_18.png"",""/tangrams/3_17.png"",""/tangrams/2_16.png""]"
01J1G2W2CXQQM2KTZT6T7WW1PB,TRUE,01J1G1WHTAFKTGHBG3KKSCJSTE,51,65,3,/tangrams/1_17.png,/tangrams/1_17.png,4,51,"[""/tangrams/1_17.png"",""/tangrams/10_26.png"",""/tangrams/3_19.png"",""/tangrams/6_22.png""]"
01J1G2YX76QK7012W2DMPPFV6H,TRUE,01J1G2BFP2D4J7V9H0V3XJEAHQ,48,65,3,/tangrams/11_27.png,/tangrams/11_27.png,1,48,"[""/tangrams/8_24.png"",""/tangrams/1_17.png"",""/tangrams/11_27.png"",""/tangrams/3_19.png""]"
01J1G2JBRZPZ423W1EG4RREZ21,TRUE,01J1G1WHT9T93BKEMYX1GA4C93,23,65,1,/tangrams/1_16.png,/tangrams/1_16.png,8,23,"[""/tangrams/3_19.png"",""/tangrams/1_16.png"",""/tangrams/3_16.png"",""/tangrams/1_19.png""]"
01J1G2KBNF02NJD3HATFS085JC,TRUE,01J1G2BFP1PWCGVSRMBF7V50Z5,4,65,0,/tangrams/2_18.png,/tangrams/2_18.png,5,4,"[""/tangrams/2_18.png"",""/tangrams/3_19.png"",""/tangrams/2_19.png"",""/tangrams/3_18.png""]"
01J1G2W2ABQ5BSH2C7BKK8JZP5,TRUE,01J1G1WHTAFKTGHBG3KKSCJSTE,17,65,1,/tangrams/13_29.png,/tangrams/13_29.png,2,17,"[""/tangrams/9_25.png"",""/tangrams/2_18.png"",""/tangrams/5_21.png"",""/tangrams/13_29.png""]"
01J1G2W2CN4A29E21XE36YWVBT,TRUE,01J1G1WHTAFKTGHBG3KKSCJSTE,48,65,3,/tangrams/12_28.png,/tangrams/12_28.png,1,48,"[""/tangrams/12_28.png"",""/tangrams/6_22.png"",""/tangrams/9_25.png"",""/tangrams/11_27.png""]"
01J1G2JBRB7XTM0H53505JYDG1,TRUE,01J1G1WHT9T93BKEMYX1GA4C93,2,65,0,/tangrams/3_16.png,/tangrams/3_16.png,3,2,"[""/tangrams/3_18.png"",""/tangrams/0_18.png"",""/tangrams/0_16.png"",""/tangrams/3_16.png""]"
01J1G3CN04D9YBX6JH1Z1YDSHY,TRUE,01J1G2BFNZX85J152SRG2XMJ7M,37,65,2,/tangrams/3_18.png,/tangrams/3_18.png,6,37,"[""/tangrams/2_17.png"",""/tangrams/1_19.png"",""/tangrams/3_18.png"",""/tangrams/0_16.png""]"
01J1G2YX37SSSST1RZ7YGE5HWR,TRUE,01J1G2BFP2D4J7V9H0V3XJEAHQ,8,65,0,/tangrams/2_18.png,/tangrams/2_18.png,9,8,"[""/tangrams/8_24.png"",""/tangrams/5_21.png"",""/tangrams/2_18.png"",""/tangrams/0_16.png""]"
01J1G3EE4C9ZFKRM2K6KGH3BVB,TRUE,01J1G2YKN01DFX61RSJD6JCCFB,42,65,2,/tangrams/3_19.png,/tangrams/3_19.png,11,42,"[""/tangrams/3_19.png"",""/tangrams/1_17.png"",""/tangrams/2_18.png"",""/tangrams/0_16.png""]"
01J1G2W2BRHGJ6165DA0W6CNEH,TRUE,01J1G1WHTAFKTGHBG3KKSCJSTE,29,65,1,/tangrams/5_21.png,/tangrams/5_21.png,14,29,"[""/tangrams/2_18.png"",""/tangrams/7_23.png"",""/tangrams/5_21.png"",""/tangrams/1_17.png""]"
01J1G3EDW55ZVFKK9FSTY3TXG5,TRUE,01J1G2YKN01DFX61RSJD6JCCFB,12,65,0,/tangrams/3_17.png,/tangrams/3_17.png,13,12,"[""/tangrams/3_17.png"",""/tangrams/0_18.png"",""/tangrams/1_16.png"",""/tangrams/2_19.png""]"
01J1G2W2DGG5RAPXFDWE4MXHJ6,TRUE,01J1G1WHTAFKTGHBG3KKSCJSTE,63,65,3,/tangrams/11_27.png,/tangrams/11_27.png,16,63,"[""/tangrams/2_18.png"",""/tangrams/11_27.png"",""/tangrams/3_19.png"",""/tangrams/8_24.png""]"
01J1G2YX66SYXCEGCMJQ0FWK10,TRUE,01J1G2BFP2D4J7V9H0V3XJEAHQ,36,65,2,/tangrams/6_22.png,/tangrams/6_22.png,5,36,"[""/tangrams/1_17.png"",""/tangrams/6_22.png"",""/tangrams/5_21.png"",""/tangrams/13_29.png""]"
01J1G3CMV1FYSNWDHDKY5H9GRK,TRUE,01J1G2BFNZX85J152SRG2XMJ7M,49,65,3,/tangrams/3_19.png,/tangrams/3_19.png,2,49,"[""/tangrams/0_16.png"",""/tangrams/3_19.png"",""/tangrams/2_17.png"",""/tangrams/1_18.png""]"
01J1G3EE1TGMPVNT8SR99CZE4C,TRUE,01J1G2YKN01DFX61RSJD6JCCFB,33,65,2,/tangrams/2_16.png,/tangrams/2_16.png,2,33,"[""/tangrams/3_17.png"",""/tangrams/1_19.png"",""/tangrams/2_16.png"",""/tangrams/0_18.png""]"