roundID,correct,gameID,index,numTrials,repNum,response,target,targetNum,trialNum,tangramURLs
01JFGA8FGK040X46CJGG8YHWGX,NA,01JFG9ZJ9GEX6MPZ0HAKGHGQ29,40,65,2,NA,/tangrams/311_437.png,9,40,"[""/tangrams/97_437.png"",""/tangrams/311_267.png"",""/tangrams/97_267.png"",""/tangrams/311_437.png""]"
01JFGB9AY2SWYA2NQR2ZBE87QZ,TRUE,01JFGA58DFG208NE3ZXZFARAF8,60,65,3,/tangrams/182_243.png,/tangrams/182_243.png,13,60,"[""/tangrams/47_7.png"",""/tangrams/182_243.png"",""/tangrams/182_7.png"",""/tangrams/47_243.png""]"
01JFG9M8FKEX2X5089CE8CJPE8,TRUE,01JFG8YPFB4QWAE1J5AKFP27SX,2,65,0,/tangrams/287_82.png,/tangrams/287_82.png,3,2,"[""/tangrams/287_82.png"",""/tangrams/415_250.png"",""/tangrams/11_360.png"",""/tangrams/74_392.png""]"
01JFGA4GSJSD1PK40YQ125E684,TRUE,01JFG8YYF8H0QD8W9TRHSGW7CC,24,65,1,/tangrams/53_232.png,/tangrams/53_232.png,9,24,"[""/tangrams/53_232.png"",""/tangrams/53_371.png"",""/tangrams/170_232.png"",""/tangrams/170_371.png""]"
01JFGA6DCFH3EZXEK4J63Q09ER,TRUE,01JFG8ZHV16RJMZXAMJCSCC8YH,21,65,1,/tangrams/232_425.png,/tangrams/232_425.png,6,21,"[""/tangrams/232_425.png"",""/tangrams/22_346.png"",""/tangrams/22_425.png"",""/tangrams/232_346.png""]"
01JFG9M8G7MW8N1W230EEWWS6H,TRUE,01JFG8YPFB4QWAE1J5AKFP27SX,32,65,2,/tangrams/415_360.png,/tangrams/415_360.png,1,32,"[""/tangrams/74_392.png"",""/tangrams/11_250.png"",""/tangrams/415_360.png"",""/tangrams/287_82.png""]"
01JFGA8FJHRGJ1T4MW4V5B63BK,NA,01JFG9ZJ9GEX6MPZ0HAKGHGQ29,44,65,2,NA,/tangrams/311_267.png,13,44,"[""/tangrams/311_437.png"",""/tangrams/97_267.png"",""/tangrams/97_437.png"",""/tangrams/311_267.png""]"
01JFGAFG373HXX8Q9WPZKZC3TS,TRUE,01JFG8Z7EFJZW02VJSC7JSSAXB,42,65,2,/tangrams/358_214.png,/tangrams/358_214.png,11,42,"[""/tangrams/358_214.png"",""/tangrams/219_68.png"",""/tangrams/454_450.png"",""/tangrams/380_338.png""]"
01JFGAXKNN5BJHZA0MVB7VK515,TRUE,01JFG8Z9BQREF412YKSXPEAKSA,17,65,1,/tangrams/258_166.png,/tangrams/258_166.png,2,17,"[""/tangrams/195_347.png"",""/tangrams/343_180.png"",""/tangrams/241_56.png"",""/tangrams/258_166.png""]"
01JFGAFG0WKQDQ5QQ5V8RWEC3Q,TRUE,01JFG8Z7EFJZW02VJSC7JSSAXB,28,65,1,/tangrams/141_104.png,/tangrams/141_104.png,13,28,"[""/tangrams/125_148.png"",""/tangrams/26_122.png"",""/tangrams/141_104.png"",""/tangrams/117_24.png""]"
01JFGB9AM5PBE28YYR8265HKS6,TRUE,01JFGA58DFG208NE3ZXZFARAF8,27,65,1,/tangrams/37_272.png,/tangrams/37_272.png,12,27,"[""/tangrams/182_7.png"",""/tangrams/182_272.png"",""/tangrams/37_272.png"",""/tangrams/37_7.png""]"
01JFGB9AZEWVGE5QKJWN7HAGM6,TRUE,01JFGA58DFG208NE3ZXZFARAF8,63,65,3,/tangrams/182_272.png,/tangrams/182_272.png,16,63,"[""/tangrams/37_272.png"",""/tangrams/182_243.png"",""/tangrams/37_243.png"",""/tangrams/182_272.png""]"
01JFG9M8GQJ76P6WNJSPYMP3J5,TRUE,01JFG8YPFB4QWAE1J5AKFP27SX,50,65,3,/tangrams/74_250.png,/tangrams/74_250.png,3,50,"[""/tangrams/74_250.png"",""/tangrams/415_360.png"",""/tangrams/11_392.png"",""/tangrams/287_82.png""]"
01JFGA4GRX489TT82P2Z9Q4EF3,TRUE,01JFG8YYF8H0QD8W9TRHSGW7CC,49,65,3,/tangrams/53_371.png,/tangrams/53_371.png,2,49,"[""/tangrams/462_119.png"",""/tangrams/462_371.png"",""/tangrams/53_371.png"",""/tangrams/53_119.png""]"
01JFGA4GS17498H3H5JFVKA8VQ,TRUE,01JFG8YYF8H0QD8W9TRHSGW7CC,45,65,2,/tangrams/53_371.png,/tangrams/53_371.png,14,45,"[""/tangrams/53_371.png"",""/tangrams/170_203.png"",""/tangrams/170_371.png"",""/tangrams/53_203.png""]"
01JFG9M8G2CS1EHNJXFVQHBRYS,TRUE,01JFG8YPFB4QWAE1J5AKFP27SX,29,65,1,/tangrams/11_392.png,/tangrams/11_392.png,14,29,"[""/tangrams/415_82.png"",""/tangrams/74_250.png"",""/tangrams/287_360.png"",""/tangrams/11_392.png""]"
01JFGAXKTP3DY4KPK0QTFFCWS9,TRUE,01JFG8Z9BQREF412YKSXPEAKSA,38,65,2,/tangrams/195_56.png,/tangrams/195_56.png,7,38,"[""/tangrams/258_347.png"",""/tangrams/241_180.png"",""/tangrams/195_56.png"",""/tangrams/343_166.png""]"
01JFG9M8G7MW8N1W22ZMKZ6E62,TRUE,01JFG8YPFB4QWAE1J5AKFP27SX,16,65,1,/tangrams/287_250.png,/tangrams/287_250.png,1,16,"[""/tangrams/74_392.png"",""/tangrams/415_82.png"",""/tangrams/287_250.png"",""/tangrams/11_360.png""]"
01JFGA4GSQM4XSSS2B1S0EAZP3,TRUE,01JFG8YYF8H0QD8W9TRHSGW7CC,21,65,1,/tangrams/224_203.png,/tangrams/224_203.png,6,21,"[""/tangrams/224_232.png"",""/tangrams/53_203.png"",""/tangrams/53_232.png"",""/tangrams/224_203.png""]"
01JFGA4GTFQATH9CWQ1G3C35J4,TRUE,01JFG8YYF8H0QD8W9TRHSGW7CC,55,65,3,/tangrams/462_232.png,/tangrams/462_232.png,8,55,"[""/tangrams/224_119.png"",""/tangrams/462_119.png"",""/tangrams/462_232.png"",""/tangrams/224_232.png""]"
01JFGAFG32QCPVR8CD250S4JP4,TRUE,01JFG8Z7EFJZW02VJSC7JSSAXB,40,65,2,/tangrams/26_122.png,/tangrams/26_122.png,9,40,"[""/tangrams/26_122.png"",""/tangrams/454_450.png"",""/tangrams/309_228.png"",""/tangrams/380_338.png""]"
01JFGAFG4V49XGWARWV8HDVKZY,TRUE,01JFG8Z7EFJZW02VJSC7JSSAXB,49,65,3,/tangrams/380_338.png,/tangrams/380_338.png,2,49,"[""/tangrams/63_116.png"",""/tangrams/442_446.png"",""/tangrams/309_228.png"",""/tangrams/380_338.png""]"
01JFGAXKMA561XAKMKSHQMPCQC,FALSE,01JFG8Z9BQREF412YKSXPEAKSA,9,65,0,/tangrams/195_180.png,/tangrams/241_56.png,10,9,"[""/tangrams/241_56.png"",""/tangrams/195_180.png"",""/tangrams/258_347.png"",""/tangrams/343_166.png""]"
01JFGB9B2GY5B6KREFDNBXFQN1,TRUE,01JFGA58DFG208NE3ZXZFARAF8,53,65,3,/tangrams/37_272.png,/tangrams/37_272.png,6,53,"[""/tangrams/37_272.png"",""/tangrams/47_36.png"",""/tangrams/47_272.png"",""/tangrams/37_36.png""]"
01JFGA4GT2RZC20H1XD8NVD3NH,TRUE,01JFG8YYF8H0QD8W9TRHSGW7CC,34,65,2,/tangrams/170_203.png,/tangrams/170_203.png,3,34,"[""/tangrams/170_232.png"",""/tangrams/53_232.png"",""/tangrams/170_203.png"",""/tangrams/53_203.png""]"
01JFGA4GTE3Q0FA976PVA1PFW9,TRUE,01JFG8YYF8H0QD8W9TRHSGW7CC,54,65,3,/tangrams/224_232.png,/tangrams/224_232.png,7,54,"[""/tangrams/224_232.png"",""/tangrams/462_371.png"",""/tangrams/224_371.png"",""/tangrams/462_232.png""]"
01JFGA6DCWAD17KZ620K040F0R,TRUE,01JFG8ZHV16RJMZXAMJCSCC8YH,25,65,1,/tangrams/227_346.png,/tangrams/227_346.png,10,25,"[""/tangrams/227_321.png"",""/tangrams/232_346.png"",""/tangrams/227_346.png"",""/tangrams/232_321.png""]"
01JFGA8FEVTK7Z9BJG50F19MBA,TRUE,01JFG9ZJ9GEX6MPZ0HAKGHGQ29,13,65,0,/tangrams/170_79.png,/tangrams/170_79.png,14,13,"[""/tangrams/97_79.png"",""/tangrams/170_79.png"",""/tangrams/97_324.png"",""/tangrams/170_324.png""]"
01JFGB9APM7H809Y481XDD11NH,TRUE,01JFGA58DFG208NE3ZXZFARAF8,25,65,1,/tangrams/47_272.png,/tangrams/47_272.png,10,25,"[""/tangrams/47_272.png"",""/tangrams/47_243.png"",""/tangrams/37_272.png"",""/tangrams/37_243.png""]"
01JFG9M8FPHPTCFT77RWA8M0WB,TRUE,01JFG8YPFB4QWAE1J5AKFP27SX,9,65,0,/tangrams/74_250.png,/tangrams/74_250.png,10,9,"[""/tangrams/11_392.png"",""/tangrams/415_82.png"",""/tangrams/287_360.png"",""/tangrams/74_250.png""]"
01JFGA4GSZ3Z5E2WNMZB3AS2SM,TRUE,01JFG8YYF8H0QD8W9TRHSGW7CC,37,65,2,/tangrams/224_232.png,/tangrams/224_232.png,6,37,"[""/tangrams/224_232.png"",""/tangrams/224_119.png"",""/tangrams/53_119.png"",""/tangrams/53_232.png""]"
01JFGA6DDN971ERT5B990VEK7R,TRUE,01JFG8ZHV16RJMZXAMJCSCC8YH,36,65,2,/tangrams/22_346.png,/tangrams/22_346.png,5,36,"[""/tangrams/227_346.png"",""/tangrams/227_425.png"",""/tangrams/22_346.png"",""/tangrams/22_425.png""]"
01JFGAXKPH36R69JY5G0SXD773,TRUE,01JFG8Z9BQREF412YKSXPEAKSA,21,65,1,/tangrams/343_166.png,/tangrams/343_166.png,6,21,"[""/tangrams/241_347.png"",""/tangrams/195_56.png"",""/tangrams/258_180.png"",""/tangrams/343_166.png""]"
01JFGB9ANQYFGE1BW54ZSDS91B,TRUE,01JFGA58DFG208NE3ZXZFARAF8,13,65,0,/tangrams/436_36.png,/tangrams/436_36.png,14,13,"[""/tangrams/37_272.png"",""/tangrams/436_272.png"",""/tangrams/436_36.png"",""/tangrams/37_36.png""]"
01JFGA4GSFSNRMSFNG8A1QV3TM,TRUE,01JFG8YYF8H0QD8W9TRHSGW7CC,18,65,1,/tangrams/224_119.png,/tangrams/224_119.png,3,18,"[""/tangrams/224_203.png"",""/tangrams/224_119.png"",""/tangrams/462_203.png"",""/tangrams/462_119.png""]"
01JFGA6DD9WDKWWXKB0VAT09XX,FALSE,01JFG8ZHV16RJMZXAMJCSCC8YH,35,65,2,/tangrams/232_321.png,/tangrams/232_425.png,4,35,"[""/tangrams/232_425.png"",""/tangrams/413_425.png"",""/tangrams/232_321.png"",""/tangrams/413_321.png""]"
01JFGA6DFY7PJCRVGFFE9KNNTW,TRUE,01JFG8ZHV16RJMZXAMJCSCC8YH,60,65,3,/tangrams/413_448.png,/tangrams/413_448.png,13,60,"[""/tangrams/413_346.png"",""/tangrams/232_346.png"",""/tangrams/413_448.png"",""/tangrams/232_448.png""]"
01JFGAFFXY6BCQ2B2MZKA1EGBP,FALSE,01JFG8Z7EFJZW02VJSC7JSSAXB,10,65,0,/tangrams/287_238.png,/tangrams/219_68.png,11,10,"[""/tangrams/287_238.png"",""/tangrams/63_116.png"",""/tangrams/219_68.png"",""/tangrams/442_446.png""]"
01JFGAXKKB0CFJRAEMPZA4SWJA,TRUE,01JFG8Z9BQREF412YKSXPEAKSA,44,65,2,/tangrams/343_347.png,/tangrams/343_347.png,13,44,"[""/tangrams/241_180.png"",""/tangrams/195_166.png"",""/tangrams/258_56.png"",""/tangrams/343_347.png""]"
01JFGAXKKNQ8DR0HAEFVF4VPYY,TRUE,01JFG8Z9BQREF412YKSXPEAKSA,3,65,0,/tangrams/258_347.png,/tangrams/258_347.png,4,3,"[""/tangrams/258_347.png"",""/tangrams/343_166.png"",""/tangrams/195_180.png"",""/tangrams/241_56.png""]"
01JFG9M8G3VB2QPZJTMTS5Q712,TRUE,01JFG8YPFB4QWAE1J5AKFP27SX,17,65,1,/tangrams/415_250.png,/tangrams/415_250.png,2,17,"[""/tangrams/287_360.png"",""/tangrams/11_82.png"",""/tangrams/415_250.png"",""/tangrams/74_392.png""]"
01JFGA8FG5W0B94Y6T6YPTYSMM,NA,01JFG9ZJ9GEX6MPZ0HAKGHGQ29,51,65,3,NA,/tangrams/311_437.png,4,51,"[""/tangrams/311_437.png"",""/tangrams/170_324.png"",""/tangrams/170_437.png"",""/tangrams/311_324.png""]"
01JFGA8FGWF0W7CRAM68PZBS06,NA,01JFG9ZJ9GEX6MPZ0HAKGHGQ29,60,65,3,NA,/tangrams/170_324.png,13,60,"[""/tangrams/311_324.png"",""/tangrams/170_324.png"",""/tangrams/311_267.png"",""/tangrams/170_267.png""]"
01JFGA4GT8ACDVMRYH10MS1PFQ,TRUE,01JFG8YYF8H0QD8W9TRHSGW7CC,48,65,3,/tangrams/462_203.png,/tangrams/462_203.png,1,48,"[""/tangrams/462_371.png"",""/tangrams/170_371.png"",""/tangrams/462_203.png"",""/tangrams/170_203.png""]"
01JFGA6DF6NSK9QZ953ZR3ESJ8,TRUE,01JFG8ZHV16RJMZXAMJCSCC8YH,49,65,3,/tangrams/413_346.png,/tangrams/413_346.png,2,49,"[""/tangrams/413_321.png"",""/tangrams/232_321.png"",""/tangrams/232_346.png"",""/tangrams/413_346.png""]"
01JFGAFFZ19H54JA4FMA3ZT1WF,TRUE,01JFG8Z7EFJZW02VJSC7JSSAXB,18,65,1,/tangrams/274_316.png,/tangrams/274_316.png,3,18,"[""/tangrams/274_316.png"",""/tangrams/380_338.png"",""/tangrams/400_193.png"",""/tangrams/219_68.png""]"
01JFGAFFZTTC0069KMM6QJYB6J,TRUE,01JFG8Z7EFJZW02VJSC7JSSAXB,22,65,1,/tangrams/93_45.png,/tangrams/93_45.png,7,22,"[""/tangrams/93_45.png"",""/tangrams/215_384.png"",""/tangrams/380_338.png"",""/tangrams/309_228.png""]"
01JFGA4GTCHNYT78ZB9YBTWMSR,TRUE,01JFG8YYF8H0QD8W9TRHSGW7CC,53,65,3,/tangrams/170_119.png,/tangrams/170_119.png,6,53,"[""/tangrams/462_371.png"",""/tangrams/170_371.png"",""/tangrams/170_119.png"",""/tangrams/462_119.png""]"
01JFGA8FGHQY1S2HNK1KRZK2GS,NA,01JFG9ZJ9GEX6MPZ0HAKGHGQ29,55,65,3,NA,/tangrams/97_437.png,8,55,"[""/tangrams/97_437.png"",""/tangrams/311_437.png"",""/tangrams/97_324.png"",""/tangrams/311_324.png""]"
01JFGA8FHG0YXRJ7CH6W8DWB7R,NA,01JFG9ZJ9GEX6MPZ0HAKGHGQ29,62,65,3,NA,/tangrams/128_437.png,15,62,"[""/tangrams/170_437.png"",""/tangrams/128_437.png"",""/tangrams/170_79.png"",""/tangrams/128_79.png""]"
01JFGA4GRGJAXQKHSVPY427TDQ,FALSE,01JFG8YYF8H0QD8W9TRHSGW7CC,2,65,0,NA,/tangrams/462_203.png,3,2,"[""/tangrams/224_203.png"",""/tangrams/224_371.png"",""/tangrams/462_203.png"",""/tangrams/462_371.png""]"
01JFGA6DAP5AHYDV1ASRP7EN3S,TRUE,01JFG8ZHV16RJMZXAMJCSCC8YH,5,65,0,/tangrams/227_346.png,/tangrams/227_346.png,6,5,"[""/tangrams/227_448.png"",""/tangrams/227_346.png"",""/tangrams/232_448.png"",""/tangrams/232_346.png""]"
01JFGAXKP2ECVWB06GFPC3KKYM,TRUE,01JFG8Z9BQREF412YKSXPEAKSA,19,65,1,/tangrams/195_166.png,/tangrams/195_166.png,4,19,"[""/tangrams/241_56.png"",""/tangrams/195_166.png"",""/tangrams/343_347.png"",""/tangrams/258_180.png""]"
01JFGB9ASJ76VDWMFT7KQKK2HP,TRUE,01JFGA58DFG208NE3ZXZFARAF8,46,65,2,/tangrams/37_243.png,/tangrams/37_243.png,15,46,"[""/tangrams/37_243.png"",""/tangrams/37_7.png"",""/tangrams/182_243.png"",""/tangrams/182_7.png""]"
01JFG9M8GF5BZCBRP1HCEHS54S,TRUE,01JFG8YPFB4QWAE1J5AKFP27SX,52,65,3,/tangrams/74_360.png,/tangrams/74_360.png,5,52,"[""/tangrams/74_360.png"",""/tangrams/415_392.png"",""/tangrams/11_250.png"",""/tangrams/287_82.png""]"
01JFGA6DBR48F18R4V9SAKFWJE,TRUE,01JFG8ZHV16RJMZXAMJCSCC8YH,14,65,0,/tangrams/227_448.png,/tangrams/227_448.png,15,14,"[""/tangrams/227_448.png"",""/tangrams/22_448.png"",""/tangrams/22_425.png"",""/tangrams/227_425.png""]"
01JFGA6DBZ62ZR9WDN5V0XXBZ6,FALSE,01JFG8ZHV16RJMZXAMJCSCC8YH,13,65,0,/tangrams/227_448.png,/tangrams/227_321.png,14,13,"[""/tangrams/227_321.png"",""/tangrams/227_448.png"",""/tangrams/22_448.png"",""/tangrams/22_321.png""]"
01JFG9M8G110580C125BJQ6AZC,TRUE,01JFG8YPFB4QWAE1J5AKFP27SX,27,65,1,/tangrams/415_360.png,/tangrams/415_360.png,12,27,"[""/tangrams/74_250.png"",""/tangrams/287_392.png"",""/tangrams/415_360.png"",""/tangrams/11_82.png""]"
01JFGAFFW0CDXQ0PRN6V84ZKH9,TRUE,01JFG8Z7EFJZW02VJSC7JSSAXB,1,65,0,/tangrams/454_450.png,/tangrams/454_450.png,2,1,"[""/tangrams/454_450.png"",""/tangrams/117_24.png"",""/tangrams/63_116.png"",""/tangrams/380_338.png""]"
01JFGAXKR45F6BMQ94R4TQXFZ3,TRUE,01JFG8Z9BQREF412YKSXPEAKSA,26,65,1,/tangrams/343_347.png,/tangrams/343_347.png,11,26,"[""/tangrams/241_180.png"",""/tangrams/343_347.png"",""/tangrams/195_166.png"",""/tangrams/258_56.png""]"
01JFGA8FFWXEFVF9H9DK3N3TR9,NA,01JFG9ZJ9GEX6MPZ0HAKGHGQ29,34,65,2,NA,/tangrams/170_324.png,3,34,"[""/tangrams/128_324.png"",""/tangrams/170_324.png"",""/tangrams/128_437.png"",""/tangrams/170_437.png""]"
01JFGB9AVEK35C3KFGK875STPE,TRUE,01JFGA58DFG208NE3ZXZFARAF8,36,65,2,/tangrams/436_272.png,/tangrams/436_272.png,5,36,"[""/tangrams/182_272.png"",""/tangrams/436_7.png"",""/tangrams/182_7.png"",""/tangrams/436_272.png""]"
01JFGB9B1NS07B5R3X2YNCFG71,TRUE,01JFGA58DFG208NE3ZXZFARAF8,54,65,3,/tangrams/182_7.png,/tangrams/182_7.png,7,54,"[""/tangrams/37_7.png"",""/tangrams/182_7.png"",""/tangrams/182_272.png"",""/tangrams/37_272.png""]"
01JFGA4GSSDB0RZRFD849HSYFY,TRUE,01JFG8YYF8H0QD8W9TRHSGW7CC,20,65,1,/tangrams/170_119.png,/tangrams/170_119.png,5,20,"[""/tangrams/462_371.png"",""/tangrams/462_119.png"",""/tangrams/170_371.png"",""/tangrams/170_119.png""]"
01JFGA4GSW55NY4SKG2FSBFM47,TRUE,01JFG8YYF8H0QD8W9TRHSGW7CC,42,65,2,/tangrams/53_203.png,/tangrams/53_203.png,11,42,"[""/tangrams/53_371.png"",""/tangrams/462_371.png"",""/tangrams/53_203.png"",""/tangrams/462_203.png""]"
01JFGA6D9YVV88AKPB4S8X140S,FALSE,01JFG8ZHV16RJMZXAMJCSCC8YH,0,65,0,/tangrams/413_448.png,/tangrams/22_321.png,1,0,"[""/tangrams/22_321.png"",""/tangrams/413_448.png"",""/tangrams/22_448.png"",""/tangrams/413_321.png""]"
01JFGAFG4EY8R0TAGYZYWM7JXY,TRUE,01JFG8Z7EFJZW02VJSC7JSSAXB,48,65,3,/tangrams/274_316.png,/tangrams/274_316.png,1,48,"[""/tangrams/26_122.png"",""/tangrams/274_316.png"",""/tangrams/442_446.png"",""/tangrams/141_104.png""]"
01JFGAFG74K6A22YTTHCWZ225J,TRUE,01JFG8Z7EFJZW02VJSC7JSSAXB,62,65,3,/tangrams/215_384.png,/tangrams/215_384.png,15,62,"[""/tangrams/400_193.png"",""/tangrams/215_384.png"",""/tangrams/442_446.png"",""/tangrams/454_450.png""]"
01JFGB9AKJBM9BHHBCJ1TZKY71,TRUE,01JFGA58DFG208NE3ZXZFARAF8,15,65,0,/tangrams/37_272.png,/tangrams/37_272.png,16,15,"[""/tangrams/37_243.png"",""/tangrams/37_272.png"",""/tangrams/436_272.png"",""/tangrams/436_243.png""]"
01JFG9M8FWX6T857GV2T94JYQP,TRUE,01JFG8YPFB4QWAE1J5AKFP27SX,10,65,0,/tangrams/415_360.png,/tangrams/415_360.png,11,10,"[""/tangrams/415_360.png"",""/tangrams/11_392.png"",""/tangrams/74_250.png"",""/tangrams/287_82.png""]"
01JFGA4GT5QPSDG3DC4D1F6ZZW,TRUE,01JFG8YYF8H0QD8W9TRHSGW7CC,28,65,1,/tangrams/53_371.png,/tangrams/53_371.png,13,28,"[""/tangrams/170_371.png"",""/tangrams/53_371.png"",""/tangrams/53_119.png"",""/tangrams/170_119.png""]"
01JFGA8FH15C8CDT3CNXS4F3VA,NA,01JFG9ZJ9GEX6MPZ0HAKGHGQ29,46,65,2,NA,/tangrams/128_437.png,15,46,"[""/tangrams/311_267.png"",""/tangrams/128_437.png"",""/tangrams/311_437.png"",""/tangrams/128_267.png""]"
01JFG9M8FY5KF8A0CVEP6EK0MA,TRUE,01JFG8YPFB4QWAE1J5AKFP27SX,24,65,1,/tangrams/287_82.png,/tangrams/287_82.png,9,24,"[""/tangrams/415_392.png"",""/tangrams/74_250.png"",""/tangrams/11_360.png"",""/tangrams/287_82.png""]"
01JFG9M8G2CS1EHNJXF874HH93,TRUE,01JFG8YPFB4QWAE1J5AKFP27SX,28,65,1,/tangrams/415_392.png,/tangrams/415_392.png,13,28,"[""/tangrams/11_250.png"",""/tangrams/415_392.png"",""/tangrams/74_360.png"",""/tangrams/287_82.png""]"
01JFGA6DD6S7YYXJQGE6QP5VVW,TRUE,01JFG8ZHV16RJMZXAMJCSCC8YH,33,65,2,/tangrams/227_346.png,/tangrams/227_346.png,2,33,"[""/tangrams/232_425.png"",""/tangrams/227_425.png"",""/tangrams/232_346.png"",""/tangrams/227_346.png""]"
01JFGAFG3D4WHR3697D2RW9KNV,TRUE,01JFG8Z7EFJZW02VJSC7JSSAXB,43,65,2,/tangrams/400_193.png,/tangrams/400_193.png,12,43,"[""/tangrams/454_450.png"",""/tangrams/219_68.png"",""/tangrams/93_45.png"",""/tangrams/400_193.png""]"
01JFG9M8GPWAT8GD9EGT3RETVK,FALSE,01JFG8YPFB4QWAE1J5AKFP27SX,45,65,2,/tangrams/74_392.png,/tangrams/11_250.png,14,45,"[""/tangrams/11_250.png"",""/tangrams/287_360.png"",""/tangrams/415_82.png"",""/tangrams/74_392.png""]"
01JFGA6DBCZQ8K5JFGE4Z8A1E4,TRUE,01JFG8ZHV16RJMZXAMJCSCC8YH,9,65,0,/tangrams/232_448.png,/tangrams/232_448.png,10,9,"[""/tangrams/232_346.png"",""/tangrams/413_346.png"",""/tangrams/232_448.png"",""/tangrams/413_448.png""]"
01JFGA8FGBC8CC8GZNA831FCAM,NA,01JFG9ZJ9GEX6MPZ0HAKGHGQ29,58,65,3,NA,/tangrams/97_79.png,11,58,"[""/tangrams/97_324.png"",""/tangrams/128_324.png"",""/tangrams/128_79.png"",""/tangrams/97_79.png""]"
01JFGAFFVQJEN02DF8YRW642SN,FALSE,01JFG8Z7EFJZW02VJSC7JSSAXB,0,65,0,/tangrams/125_148.png,/tangrams/274_316.png,1,0,"[""/tangrams/125_148.png"",""/tangrams/274_316.png"",""/tangrams/287_238.png"",""/tangrams/454_450.png""]"
01JFGA4GSVENA2TRWSF60PQ36M,TRUE,01JFG8YYF8H0QD8W9TRHSGW7CC,30,65,1,/tangrams/170_232.png,/tangrams/170_232.png,15,30,"[""/tangrams/170_232.png"",""/tangrams/224_371.png"",""/tangrams/224_232.png"",""/tangrams/170_371.png""]"
01JFGB9AZTK6JR3E15QTQM1WSB,TRUE,01JFGA58DFG208NE3ZXZFARAF8,59,65,3,/tangrams/37_7.png,/tangrams/37_7.png,12,59,"[""/tangrams/436_36.png"",""/tangrams/37_7.png"",""/tangrams/37_36.png"",""/tangrams/436_7.png""]"
01JFG9M8GHV25S7R4SJ9BRYT4A,TRUE,01JFG8YPFB4QWAE1J5AKFP27SX,56,65,3,/tangrams/415_360.png,/tangrams/415_360.png,9,56,"[""/tangrams/415_360.png"",""/tangrams/11_392.png"",""/tangrams/287_82.png"",""/tangrams/74_250.png""]"
01JFGA4GS51WRK8KQ2SBNYCV0Q,TRUE,01JFG8YYF8H0QD8W9TRHSGW7CC,10,65,0,/tangrams/170_119.png,/tangrams/170_119.png,11,10,"[""/tangrams/170_119.png"",""/tangrams/170_203.png"",""/tangrams/224_119.png"",""/tangrams/224_203.png""]"
01JFGA6DF1AY4Y67WZ9J6D6DVW,TRUE,01JFG8ZHV16RJMZXAMJCSCC8YH,48,65,3,/tangrams/22_346.png,/tangrams/22_346.png,1,48,"[""/tangrams/227_346.png"",""/tangrams/227_321.png"",""/tangrams/22_346.png"",""/tangrams/22_321.png""]"
01JFGAFG103W9X40XZM7BFD76T,TRUE,01JFG8Z7EFJZW02VJSC7JSSAXB,29,65,1,/tangrams/63_116.png,/tangrams/63_116.png,14,29,"[""/tangrams/63_116.png"",""/tangrams/287_238.png"",""/tangrams/442_446.png"",""/tangrams/26_122.png""]"
01JFGAXKQ2VGQ2VKG56JGYFDQQ,TRUE,01JFG8Z9BQREF412YKSXPEAKSA,23,65,1,/tangrams/195_56.png,/tangrams/195_56.png,8,23,"[""/tangrams/241_180.png"",""/tangrams/195_56.png"",""/tangrams/258_347.png"",""/tangrams/343_166.png""]"
01JFGA6DD88Z6FEW1HF4Z0G7BR,TRUE,01JFG8ZHV16RJMZXAMJCSCC8YH,34,65,2,/tangrams/232_321.png,/tangrams/232_321.png,3,34,"[""/tangrams/232_346.png"",""/tangrams/227_321.png"",""/tangrams/227_346.png"",""/tangrams/232_321.png""]"
01JFGAXKQCKEZ8WXRXJT6VNY2H,TRUE,01JFG8Z9BQREF412YKSXPEAKSA,25,65,1,/tangrams/241_180.png,/tangrams/241_180.png,10,25,"[""/tangrams/195_347.png"",""/tangrams/343_56.png"",""/tangrams/258_166.png"",""/tangrams/241_180.png""]"
01JFGB9AQ1HE2APAYXF73KDW2Q,TRUE,01JFGA58DFG208NE3ZXZFARAF8,12,65,0,/tangrams/37_243.png,/tangrams/37_243.png,13,12,"[""/tangrams/47_243.png"",""/tangrams/37_243.png"",""/tangrams/37_7.png"",""/tangrams/47_7.png""]"
01JFGAFG0N1R8SJYEAWC2CG0AC,TRUE,01JFG8Z7EFJZW02VJSC7JSSAXB,27,65,1,/tangrams/380_338.png,/tangrams/380_338.png,12,27,"[""/tangrams/141_104.png"",""/tangrams/380_338.png"",""/tangrams/125_148.png"",""/tangrams/63_116.png""]"
01JFGAXKV4X0G05NKFG9HX83P7,TRUE,01JFG8Z9BQREF412YKSXPEAKSA,41,65,2,/tangrams/343_56.png,/tangrams/343_56.png,10,41,"[""/tangrams/258_347.png"",""/tangrams/343_56.png"",""/tangrams/195_166.png"",""/tangrams/241_180.png""]"
01JFGB9ASYM8J268XTJAX612ZZ,TRUE,01JFGA58DFG208NE3ZXZFARAF8,47,65,2,/tangrams/47_272.png,/tangrams/47_272.png,16,47,"[""/tangrams/182_272.png"",""/tangrams/47_272.png"",""/tangrams/182_36.png"",""/tangrams/47_36.png""]"
01JFGAFFZ751348AFB29922RMS,TRUE,01JFG8Z7EFJZW02VJSC7JSSAXB,19,65,1,/tangrams/309_228.png,/tangrams/309_228.png,4,19,"[""/tangrams/287_238.png"",""/tangrams/380_338.png"",""/tangrams/309_228.png"",""/tangrams/63_116.png""]"
01JFGAXKT1GM87XPXZ3GE7HT2X,TRUE,01JFG8Z9BQREF412YKSXPEAKSA,36,65,2,/tangrams/258_347.png,/tangrams/258_347.png,5,36,"[""/tangrams/195_56.png"",""/tangrams/241_166.png"",""/tangrams/343_180.png"",""/tangrams/258_347.png""]"
01JFGAXKWBEQ2MMQJVC26ZSX7D,TRUE,01JFG8Z9BQREF412YKSXPEAKSA,50,65,3,/tangrams/343_347.png,/tangrams/343_347.png,3,50,"[""/tangrams/343_347.png"",""/tangrams/241_166.png"",""/tangrams/258_180.png"",""/tangrams/195_56.png""]"
01JFG9M8HSRJBCW5VBH9DMZ9FC,TRUE,01JFG8YPFB4QWAE1J5AKFP27SX,62,65,3,/tangrams/11_82.png,/tangrams/11_82.png,15,62,"[""/tangrams/11_82.png"",""/tangrams/74_392.png"",""/tangrams/415_360.png"",""/tangrams/287_250.png""]"
01JFGA6DCRNT8W7JY57FWY25DY,FALSE,01JFG8ZHV16RJMZXAMJCSCC8YH,26,65,1,/tangrams/227_346.png,/tangrams/413_346.png,11,26,"[""/tangrams/413_346.png"",""/tangrams/413_425.png"",""/tangrams/227_346.png"",""/tangrams/227_425.png""]"
01JFGA6DFKYEZTA6XE2ZP3NA4F,FALSE,01JFG8ZHV16RJMZXAMJCSCC8YH,51,65,3,NA,/tangrams/227_346.png,4,51,"[""/tangrams/413_448.png"",""/tangrams/227_448.png"",""/tangrams/227_346.png"",""/tangrams/413_346.png""]"
01JFGA8FKB7Z0RTK66ZRQNESG2,TRUE,01JFG9ZJ9GEX6MPZ0HAKGHGQ29,25,65,1,/tangrams/170_79.png,/tangrams/170_79.png,10,25,"[""/tangrams/170_267.png"",""/tangrams/311_79.png"",""/tangrams/311_267.png"",""/tangrams/170_79.png""]"
01JFGAFG28EC1SGG0HW73K1DFN,TRUE,01JFG8Z7EFJZW02VJSC7JSSAXB,36,65,2,/tangrams/309_228.png,/tangrams/309_228.png,5,36,"[""/tangrams/442_446.png"",""/tangrams/309_228.png"",""/tangrams/93_45.png"",""/tangrams/287_238.png""]"
01JFGAXKK6GFPY6H4T6JA9QMWA,TRUE,01JFG8Z9BQREF412YKSXPEAKSA,6,65,0,/tangrams/343_166.png,/tangrams/343_166.png,7,6,"[""/tangrams/343_166.png"",""/tangrams/258_56.png"",""/tangrams/195_180.png"",""/tangrams/241_347.png""]"
01JFGAXKNT9Y2KPDVWKPA4ZSQJ,TRUE,01JFG8Z9BQREF412YKSXPEAKSA,18,65,1,/tangrams/195_180.png,/tangrams/195_180.png,3,18,"[""/tangrams/195_180.png"",""/tangrams/241_56.png"",""/tangrams/258_347.png"",""/tangrams/343_166.png""]"
01JFGAXKT93FNV1NYFF4PCQAKT,TRUE,01JFG8Z9BQREF412YKSXPEAKSA,37,65,2,/tangrams/241_56.png,/tangrams/241_56.png,6,37,"[""/tangrams/195_166.png"",""/tangrams/241_56.png"",""/tangrams/343_180.png"",""/tangrams/258_347.png""]"
01JFG9M8FNGQ3B02FPD08YPRDM,TRUE,01JFG8YPFB4QWAE1J5AKFP27SX,8,65,0,/tangrams/11_250.png,/tangrams/11_250.png,9,8,"[""/tangrams/415_392.png"",""/tangrams/11_250.png"",""/tangrams/74_360.png"",""/tangrams/287_82.png""]"
01JFGA4GTJKAACH1TS7QE3FJMV,TRUE,01JFG8YYF8H0QD8W9TRHSGW7CC,57,65,3,/tangrams/224_371.png,/tangrams/224_371.png,10,57,"[""/tangrams/170_232.png"",""/tangrams/170_371.png"",""/tangrams/224_371.png"",""/tangrams/224_232.png""]"
01JFGA6DE2HYB9SHACF9N1AG1Y,TRUE,01JFG8ZHV16RJMZXAMJCSCC8YH,37,65,2,/tangrams/413_321.png,/tangrams/413_321.png,6,37,"[""/tangrams/413_321.png"",""/tangrams/232_425.png"",""/tangrams/413_425.png"",""/tangrams/232_321.png""]"
01JFGB9AF66C3MD7T5QPXHJKG6,TRUE,01JFGA58DFG208NE3ZXZFARAF8,10,65,0,/tangrams/37_36.png,/tangrams/37_36.png,11,10,"[""/tangrams/37_272.png"",""/tangrams/37_36.png"",""/tangrams/47_36.png"",""/tangrams/47_272.png""]"
01JFGB9AW81ZDG9Z4SNW185JA3,TRUE,01JFGA58DFG208NE3ZXZFARAF8,51,65,3,/tangrams/436_36.png,/tangrams/436_36.png,4,51,"[""/tangrams/436_36.png"",""/tangrams/37_243.png"",""/tangrams/37_36.png"",""/tangrams/436_243.png""]"
01JFGAFG6S1VD3YTSQZ7JFEFSH,TRUE,01JFG8Z7EFJZW02VJSC7JSSAXB,59,65,3,/tangrams/141_104.png,/tangrams/141_104.png,12,59,"[""/tangrams/26_122.png"",""/tangrams/141_104.png"",""/tangrams/454_450.png"",""/tangrams/442_446.png""]"
01JFGB9AQB3E1NCG05JD1BZJCB,FALSE,01JFGA58DFG208NE3ZXZFARAF8,39,65,2,/tangrams/436_36.png,/tangrams/436_243.png,8,39,"[""/tangrams/37_36.png"",""/tangrams/436_243.png"",""/tangrams/37_243.png"",""/tangrams/436_36.png""]"
01JFGB9AXJWCPVM4PSVC74WHCN,TRUE,01JFGA58DFG208NE3ZXZFARAF8,30,65,1,/tangrams/436_36.png,/tangrams/436_36.png,15,30,"[""/tangrams/436_7.png"",""/tangrams/47_36.png"",""/tangrams/436_36.png"",""/tangrams/47_7.png""]"
01JFG9M8GMXDZ38DDTX6DTKYBC,TRUE,01JFG8YPFB4QWAE1J5AKFP27SX,44,65,2,/tangrams/287_392.png,/tangrams/287_392.png,13,44,"[""/tangrams/415_250.png"",""/tangrams/74_360.png"",""/tangrams/11_82.png"",""/tangrams/287_392.png""]"
01JFGA4GT9RE5BBND2SP9G6TC4,TRUE,01JFG8YYF8H0QD8W9TRHSGW7CC,33,65,2,/tangrams/462_232.png,/tangrams/462_232.png,2,33,"[""/tangrams/170_232.png"",""/tangrams/462_232.png"",""/tangrams/170_203.png"",""/tangrams/462_203.png""]"
01JFGA6DFAN0K7HPTC4GTY73KA,TRUE,01JFG8ZHV16RJMZXAMJCSCC8YH,47,65,2,/tangrams/22_448.png,/tangrams/22_448.png,16,47,"[""/tangrams/22_448.png"",""/tangrams/22_346.png"",""/tangrams/232_346.png"",""/tangrams/232_448.png""]"
01JFGB9B17CEHZ6Z8MG7DG0ZM3,TRUE,01JFGA58DFG208NE3ZXZFARAF8,55,65,3,/tangrams/436_7.png,/tangrams/436_7.png,8,55,"[""/tangrams/47_7.png"",""/tangrams/436_36.png"",""/tangrams/47_36.png"",""/tangrams/436_7.png""]"
01JFGA4GRJY4B94NWZHMT23K29,TRUE,01JFG8YYF8H0QD8W9TRHSGW7CC,4,65,0,/tangrams/170_203.png,/tangrams/170_203.png,5,4,"[""/tangrams/224_232.png"",""/tangrams/170_232.png"",""/tangrams/224_203.png"",""/tangrams/170_203.png""]"
01JFGA6DC2WE3SH84Y3YGDGFRJ,TRUE,01JFG8ZHV16RJMZXAMJCSCC8YH,16,65,1,/tangrams/227_448.png,/tangrams/227_448.png,1,16,"[""/tangrams/227_425.png"",""/tangrams/22_425.png"",""/tangrams/227_448.png"",""/tangrams/22_448.png""]"
01JFGA8FCAZSR4HQYQSSMK22DT,TRUE,01JFG9ZJ9GEX6MPZ0HAKGHGQ29,6,65,0,/tangrams/97_267.png,/tangrams/97_267.png,7,6,"[""/tangrams/170_267.png"",""/tangrams/97_324.png"",""/tangrams/97_267.png"",""/tangrams/170_324.png""]"
01JFGAFG3VA9WXB6BRRMXDQX5R,TRUE,01JFG8Z7EFJZW02VJSC7JSSAXB,45,65,2,/tangrams/274_316.png,/tangrams/274_316.png,14,45,"[""/tangrams/215_384.png"",""/tangrams/274_316.png"",""/tangrams/287_238.png"",""/tangrams/141_104.png""]"
01JFGB9B2YNQDAY7TZA39DDGHY,TRUE,01JFGA58DFG208NE3ZXZFARAF8,57,65,3,/tangrams/182_36.png,/tangrams/182_36.png,10,57,"[""/tangrams/182_243.png"",""/tangrams/182_36.png"",""/tangrams/436_36.png"",""/tangrams/436_243.png""]"
01JFGA4GSP7SQ0KZ8AGXA1P265,TRUE,01JFG8YYF8H0QD8W9TRHSGW7CC,25,65,1,/tangrams/53_203.png,/tangrams/53_203.png,10,25,"[""/tangrams/170_203.png"",""/tangrams/53_203.png"",""/tangrams/53_232.png"",""/tangrams/170_232.png""]"
01JFGA8FE53PQRPEC0FM5X08KW,NA,01JFG9ZJ9GEX6MPZ0HAKGHGQ29,63,65,3,NA,/tangrams/128_267.png,16,63,"[""/tangrams/128_437.png"",""/tangrams/311_267.png"",""/tangrams/128_267.png"",""/tangrams/311_437.png""]"
01JFGA8FHAN0MREV9KR1FB3AHG,NA,01JFG9ZJ9GEX6MPZ0HAKGHGQ29,43,65,2,NA,/tangrams/170_267.png,12,43,"[""/tangrams/170_267.png"",""/tangrams/170_79.png"",""/tangrams/128_79.png"",""/tangrams/128_267.png""]"
01JFGAFFX3TNN5N06D6JYCSN6Y,TRUE,01JFG8Z7EFJZW02VJSC7JSSAXB,3,65,0,/tangrams/26_122.png,/tangrams/26_122.png,4,3,"[""/tangrams/125_148.png"",""/tangrams/26_122.png"",""/tangrams/442_446.png"",""/tangrams/274_316.png""]"
01JFG9M8FV3DB417XJCSQE8SSA,TRUE,01JFG8YPFB4QWAE1J5AKFP27SX,15,65,0,/tangrams/415_250.png,/tangrams/415_250.png,16,15,"[""/tangrams/415_250.png"",""/tangrams/11_82.png"",""/tangrams/74_360.png"",""/tangrams/287_392.png""]"
01JFGA6DC4GR6KAF6CVP536DZE,TRUE,01JFG8ZHV16RJMZXAMJCSCC8YH,15,65,0,/tangrams/413_346.png,/tangrams/413_346.png,16,15,"[""/tangrams/413_448.png"",""/tangrams/232_448.png"",""/tangrams/413_346.png"",""/tangrams/232_346.png""]"
01JFGA8FDM7JXNZDPK2ZRJF3H0,TRUE,01JFG9ZJ9GEX6MPZ0HAKGHGQ29,8,65,0,/tangrams/311_437.png,/tangrams/311_437.png,9,8,"[""/tangrams/311_437.png"",""/tangrams/97_437.png"",""/tangrams/97_267.png"",""/tangrams/311_267.png""]"
01JFGA8FFNQWJFM2NQ8QJGXM8J,TRUE,01JFG9ZJ9GEX6MPZ0HAKGHGQ29,26,65,1,/tangrams/97_79.png,/tangrams/97_79.png,11,26,"[""/tangrams/97_79.png"",""/tangrams/97_324.png"",""/tangrams/170_79.png"",""/tangrams/170_324.png""]"
01JFGA4GRY7MWSJQBWG0Q6X6YN,TRUE,01JFG8YYF8H0QD8W9TRHSGW7CC,38,65,2,/tangrams/170_119.png,/tangrams/170_119.png,7,38,"[""/tangrams/462_203.png"",""/tangrams/170_119.png"",""/tangrams/170_203.png"",""/tangrams/462_119.png""]"
01JFGA4GTMH506VF4KPZFYXD2G,TRUE,01JFG8YYF8H0QD8W9TRHSGW7CC,63,65,3,/tangrams/170_203.png,/tangrams/170_203.png,16,63,"[""/tangrams/170_232.png"",""/tangrams/53_203.png"",""/tangrams/53_232.png"",""/tangrams/170_203.png""]"
01JFGA6DG35N8YTV23D71AK2Q3,TRUE,01JFG8ZHV16RJMZXAMJCSCC8YH,55,65,3,/tangrams/232_321.png,/tangrams/232_321.png,8,55,"[""/tangrams/22_321.png"",""/tangrams/232_321.png"",""/tangrams/22_425.png"",""/tangrams/232_425.png""]"
01JFGAXKMMZDCRMYWTCXNXT7JD,TRUE,01JFG8Z9BQREF412YKSXPEAKSA,10,65,0,/tangrams/195_180.png,/tangrams/195_180.png,11,10,"[""/tangrams/241_56.png"",""/tangrams/195_180.png"",""/tangrams/343_166.png"",""/tangrams/258_347.png""]"
01JFGAXKPPG2XXZPY9PNA9G4SY,TRUE,01JFG8Z9BQREF412YKSXPEAKSA,22,65,1,/tangrams/343_180.png,/tangrams/343_180.png,7,22,"[""/tangrams/343_180.png"",""/tangrams/195_347.png"",""/tangrams/258_56.png"",""/tangrams/241_166.png""]"
01JFGB9AJDH2A81NEWXD4N5G9K,TRUE,01JFGA58DFG208NE3ZXZFARAF8,22,65,1,/tangrams/37_36.png,/tangrams/37_36.png,7,22,"[""/tangrams/436_272.png"",""/tangrams/436_36.png"",""/tangrams/37_36.png"",""/tangrams/37_272.png""]"
01JFG9M8FXHFPR252CD11YENV8,TRUE,01JFG8YPFB4QWAE1J5AKFP27SX,12,65,0,/tangrams/11_360.png,/tangrams/11_360.png,13,12,"[""/tangrams/11_360.png"",""/tangrams/287_82.png"",""/tangrams/415_250.png"",""/tangrams/74_392.png""]"
01JFGA4GSYR7V4XJ257E3X8671,TRUE,01JFG8YYF8H0QD8W9TRHSGW7CC,50,65,3,/tangrams/170_232.png,/tangrams/170_232.png,3,50,"[""/tangrams/53_371.png"",""/tangrams/170_371.png"",""/tangrams/170_232.png"",""/tangrams/53_232.png""]"
01JFGA6DDFQ33A07JJXWWF9XMC,FALSE,01JFG8ZHV16RJMZXAMJCSCC8YH,32,65,2,/tangrams/232_346.png,/tangrams/413_346.png,1,32,"[""/tangrams/413_425.png"",""/tangrams/232_346.png"",""/tangrams/413_346.png"",""/tangrams/232_425.png""]"
01JFGB9B3BQK641VR47MGBXE2P,TRUE,01JFGA58DFG208NE3ZXZFARAF8,61,65,3,/tangrams/436_272.png,/tangrams/436_272.png,14,61,"[""/tangrams/182_7.png"",""/tangrams/182_272.png"",""/tangrams/436_272.png"",""/tangrams/436_7.png""]"
01JFGAFFYFPRRGYNR5MDTT8RK0,TRUE,01JFG8Z7EFJZW02VJSC7JSSAXB,15,65,0,/tangrams/358_214.png,/tangrams/358_214.png,16,15,"[""/tangrams/63_116.png"",""/tangrams/358_214.png"",""/tangrams/125_148.png"",""/tangrams/93_45.png""]"
01JFGAXKMSWSPNBHBYQT8HB0FX,TRUE,01JFG8Z9BQREF412YKSXPEAKSA,11,65,0,/tangrams/258_56.png,/tangrams/258_56.png,12,11,"[""/tangrams/195_166.png"",""/tangrams/343_347.png"",""/tangrams/241_180.png"",""/tangrams/258_56.png""]"
01JFGB9AGSGNR7CVWF3TDC98CC,TRUE,01JFGA58DFG208NE3ZXZFARAF8,5,65,0,/tangrams/47_243.png,/tangrams/47_243.png,6,5,"[""/tangrams/37_243.png"",""/tangrams/47_272.png"",""/tangrams/37_272.png"",""/tangrams/47_243.png""]"
01JFGAFG1N7C13C23GJSAKFMJZ,TRUE,01JFG8Z7EFJZW02VJSC7JSSAXB,30,65,1,/tangrams/358_214.png,/tangrams/358_214.png,15,30,"[""/tangrams/125_148.png"",""/tangrams/454_450.png"",""/tangrams/358_214.png"",""/tangrams/380_338.png""]"
01JFGA4GSKPK4MZ9Y8BTYWNCGV,TRUE,01JFG8YYF8H0QD8W9TRHSGW7CC,27,65,1,/tangrams/462_203.png,/tangrams/462_203.png,12,27,"[""/tangrams/53_371.png"",""/tangrams/462_371.png"",""/tangrams/53_203.png"",""/tangrams/462_203.png""]"
01JFGA8FJXX9WYEDBTAZE1AMSR,NA,01JFG9ZJ9GEX6MPZ0HAKGHGQ29,47,65,2,NA,/tangrams/97_79.png,16,47,"[""/tangrams/128_437.png"",""/tangrams/97_79.png"",""/tangrams/97_437.png"",""/tangrams/128_79.png""]"
01JFGB9AG73959Q1ZEZ1K5ANN3,TRUE,01JFGA58DFG208NE3ZXZFARAF8,6,65,0,/tangrams/436_272.png,/tangrams/436_272.png,7,6,"[""/tangrams/436_7.png"",""/tangrams/436_272.png"",""/tangrams/37_7.png"",""/tangrams/37_272.png""]"
01JFGA4GT6P1S2RQ8PBAFK9BWT,TRUE,01JFG8YYF8H0QD8W9TRHSGW7CC,36,65,2,/tangrams/53_119.png,/tangrams/53_119.png,5,36,"[""/tangrams/462_371.png"",""/tangrams/53_119.png"",""/tangrams/462_119.png"",""/tangrams/53_371.png""]"
01JFGA6DCNAVCQKJC2AGVRFY7J,TRUE,01JFG8ZHV16RJMZXAMJCSCC8YH,24,65,1,/tangrams/227_425.png,/tangrams/227_425.png,9,24,"[""/tangrams/413_425.png"",""/tangrams/227_425.png"",""/tangrams/227_346.png"",""/tangrams/413_346.png""]"
01JFGA8FF9H4BNFS8FB1F7GE5W,TRUE,01JFG9ZJ9GEX6MPZ0HAKGHGQ29,21,65,1,/tangrams/311_267.png,/tangrams/311_267.png,6,21,"[""/tangrams/311_267.png"",""/tangrams/97_267.png"",""/tangrams/97_324.png"",""/tangrams/311_324.png""]"
01JFGA4GRD2SAZN8QKF5Y8DK5Z,TRUE,01JFG8YYF8H0QD8W9TRHSGW7CC,0,65,0,/tangrams/224_119.png,/tangrams/224_119.png,1,0,"[""/tangrams/224_119.png"",""/tangrams/224_232.png"",""/tangrams/170_232.png"",""/tangrams/170_119.png""]"
01JFGB9ACK4PDVQMS72A1XGPWM,FALSE,01JFGA58DFG208NE3ZXZFARAF8,0,65,0,/tangrams/182_36.png,/tangrams/37_7.png,1,0,"[""/tangrams/37_36.png"",""/tangrams/182_36.png"",""/tangrams/37_7.png"",""/tangrams/182_7.png""]"
01JFGB9AEBMAD3CW18EE6SZVX5,TRUE,01JFGA58DFG208NE3ZXZFARAF8,3,65,0,/tangrams/47_7.png,/tangrams/47_7.png,4,3,"[""/tangrams/47_36.png"",""/tangrams/37_36.png"",""/tangrams/37_7.png"",""/tangrams/47_7.png""]"
01JFGB9AQM824C3A7K8ME3YDZ2,TRUE,01JFGA58DFG208NE3ZXZFARAF8,42,65,2,/tangrams/182_243.png,/tangrams/182_243.png,11,42,"[""/tangrams/436_272.png"",""/tangrams/182_243.png"",""/tangrams/182_272.png"",""/tangrams/436_243.png""]"
01JFGA4GSJSD1PK40YNZK6QZSM,TRUE,01JFG8YYF8H0QD8W9TRHSGW7CC,13,65,0,/tangrams/224_203.png,/tangrams/224_203.png,14,13,"[""/tangrams/224_203.png"",""/tangrams/224_119.png"",""/tangrams/170_119.png"",""/tangrams/170_203.png""]"
01JFGA4GT9RE5BBND2RQQEFTVV,TRUE,01JFG8YYF8H0QD8W9TRHSGW7CC,46,65,2,/tangrams/462_371.png,/tangrams/462_371.png,15,46,"[""/tangrams/462_371.png"",""/tangrams/53_203.png"",""/tangrams/462_203.png"",""/tangrams/53_371.png""]"
01JFGA8FHQ9ABNWW820RQGXK2K,NA,01JFG9ZJ9GEX6MPZ0HAKGHGQ29,49,65,3,NA,/tangrams/170_267.png,2,49,"[""/tangrams/170_267.png"",""/tangrams/311_79.png"",""/tangrams/311_267.png"",""/tangrams/170_79.png""]"
01JFG9M8FY5KF8A0CVE1CHM593,TRUE,01JFG8YPFB4QWAE1J5AKFP27SX,22,65,1,/tangrams/74_250.png,/tangrams/74_250.png,7,22,"[""/tangrams/287_392.png"",""/tangrams/74_250.png"",""/tangrams/415_82.png"",""/tangrams/11_360.png""]"
01JFGAXKS26DVX0M2ZFFTBY32C,TRUE,01JFG8Z9BQREF412YKSXPEAKSA,16,65,1,/tangrams/258_347.png,/tangrams/258_347.png,1,16,"[""/tangrams/241_180.png"",""/tangrams/195_166.png"",""/tangrams/343_56.png"",""/tangrams/258_347.png""]"
01JFGAXKXGR7TDBMCG3N9D2GCZ,TRUE,01JFG8Z9BQREF412YKSXPEAKSA,56,65,3,/tangrams/343_56.png,/tangrams/343_56.png,9,56,"[""/tangrams/241_180.png"",""/tangrams/343_56.png"",""/tangrams/195_166.png"",""/tangrams/258_347.png""]"
01JFGB9ANGEPYVKY4ZZZ0Y20HD,TRUE,01JFGA58DFG208NE3ZXZFARAF8,26,65,1,/tangrams/47_243.png,/tangrams/47_243.png,11,26,"[""/tangrams/47_7.png"",""/tangrams/436_243.png"",""/tangrams/436_7.png"",""/tangrams/47_243.png""]"
01JFGB9B49RTJ7TT16A1TE7S1K,TRUE,01JFGA58DFG208NE3ZXZFARAF8,33,65,2,/tangrams/47_36.png,/tangrams/47_36.png,2,33,"[""/tangrams/182_36.png"",""/tangrams/47_36.png"",""/tangrams/47_7.png"",""/tangrams/182_7.png""]"
01JFGA6DB6FEYD6HA5V2T9RF3X,TRUE,01JFG8ZHV16RJMZXAMJCSCC8YH,8,65,0,/tangrams/413_321.png,/tangrams/413_321.png,9,8,"[""/tangrams/227_425.png"",""/tangrams/413_425.png"",""/tangrams/227_321.png"",""/tangrams/413_321.png""]"
01JFGAFG0FTE9V14J7NP9P3FDE,TRUE,01JFG8Z7EFJZW02VJSC7JSSAXB,26,65,1,/tangrams/400_193.png,/tangrams/400_193.png,11,26,"[""/tangrams/358_214.png"",""/tangrams/400_193.png"",""/tangrams/287_238.png"",""/tangrams/219_68.png""]"
01JFGAXKKT5EGGA9S0G0W6560F,FALSE,01JFG8Z9BQREF412YKSXPEAKSA,5,65,0,/tangrams/195_180.png,/tangrams/343_347.png,6,5,"[""/tangrams/258_56.png"",""/tangrams/241_166.png"",""/tangrams/195_180.png"",""/tangrams/343_347.png""]"
01JFGA8FENG91GTHWKFNPMKM76,TRUE,01JFG9ZJ9GEX6MPZ0HAKGHGQ29,18,65,1,/tangrams/128_324.png,/tangrams/128_324.png,3,18,"[""/tangrams/128_324.png"",""/tangrams/97_267.png"",""/tangrams/97_324.png"",""/tangrams/128_267.png""]"
01JFGAFG09AHK3A4PP7W464442,TRUE,01JFG8Z7EFJZW02VJSC7JSSAXB,25,65,1,/tangrams/117_24.png,/tangrams/117_24.png,10,25,"[""/tangrams/117_24.png"",""/tangrams/400_193.png"",""/tangrams/215_384.png"",""/tangrams/63_116.png""]"
01JFGAXKX3BN661A828YH37RFA,TRUE,01JFG8Z9BQREF412YKSXPEAKSA,53,65,3,/tangrams/343_166.png,/tangrams/343_166.png,6,53,"[""/tangrams/241_56.png"",""/tangrams/343_166.png"",""/tangrams/258_180.png"",""/tangrams/195_347.png""]"
01JFGB9B21E70J0X6R2NAZVEP6,TRUE,01JFGA58DFG208NE3ZXZFARAF8,62,65,3,/tangrams/47_36.png,/tangrams/47_36.png,15,62,"[""/tangrams/182_272.png"",""/tangrams/47_272.png"",""/tangrams/182_36.png"",""/tangrams/47_36.png""]"
01JFGA6DAWDDSRHWTZDGVNJPZG,TRUE,01JFG8ZHV16RJMZXAMJCSCC8YH,7,65,0,/tangrams/232_346.png,/tangrams/232_346.png,8,7,"[""/tangrams/22_346.png"",""/tangrams/232_321.png"",""/tangrams/232_346.png"",""/tangrams/22_321.png""]"
01JFGA6DBGS90X6VDHQX47YED3,TRUE,01JFG8ZHV16RJMZXAMJCSCC8YH,11,65,0,/tangrams/232_425.png,/tangrams/232_425.png,12,11,"[""/tangrams/232_425.png"",""/tangrams/232_448.png"",""/tangrams/227_425.png"",""/tangrams/227_448.png""]"
01JFGA6DFD73ZM7E5J1G6KFS82,FALSE,01JFG8ZHV16RJMZXAMJCSCC8YH,52,65,3,NA,/tangrams/227_448.png,5,52,"[""/tangrams/232_448.png"",""/tangrams/232_425.png"",""/tangrams/227_448.png"",""/tangrams/227_425.png""]"
01JFG9M8FMK09VKTVXHXX90QV4,TRUE,01JFG8YPFB4QWAE1J5AKFP27SX,6,65,0,/tangrams/287_392.png,/tangrams/287_392.png,7,6,"[""/tangrams/74_82.png"",""/tangrams/415_360.png"",""/tangrams/287_392.png"",""/tangrams/11_250.png""]"
01JFG9M8GS7GJW5NSD6Y4X7G0G,TRUE,01JFG8YPFB4QWAE1J5AKFP27SX,49,65,3,/tangrams/11_360.png,/tangrams/11_360.png,2,49,"[""/tangrams/415_392.png"",""/tangrams/11_360.png"",""/tangrams/74_250.png"",""/tangrams/287_82.png""]"
01JFGB9ANZ4XWA24S7ASP3Z91J,TRUE,01JFGA58DFG208NE3ZXZFARAF8,34,65,2,/tangrams/37_7.png,/tangrams/37_7.png,3,34,"[""/tangrams/37_243.png"",""/tangrams/47_7.png"",""/tangrams/47_243.png"",""/tangrams/37_7.png""]"
01JFGB9AYVFYXB1034SR546SK1,TRUE,01JFGA58DFG208NE3ZXZFARAF8,32,65,2,/tangrams/182_36.png,/tangrams/182_36.png,1,32,"[""/tangrams/182_272.png"",""/tangrams/37_272.png"",""/tangrams/182_36.png"",""/tangrams/37_36.png""]"
01JFGA4GRV6XP6Y0Q3B68ESYF3,TRUE,01JFG8YYF8H0QD8W9TRHSGW7CC,47,65,2,/tangrams/462_119.png,/tangrams/462_119.png,16,47,"[""/tangrams/170_371.png"",""/tangrams/170_119.png"",""/tangrams/462_371.png"",""/tangrams/462_119.png""]"
01JFGA6DD4WJTJ2GAXZ8PCYWYC,TRUE,01JFG8ZHV16RJMZXAMJCSCC8YH,29,65,1,/tangrams/22_346.png,/tangrams/22_346.png,14,29,"[""/tangrams/227_448.png"",""/tangrams/227_346.png"",""/tangrams/22_346.png"",""/tangrams/22_448.png""]"
01JFGB9AMJCJH1TJ30DX4MHBMK,TRUE,01JFGA58DFG208NE3ZXZFARAF8,28,65,1,/tangrams/47_7.png,/tangrams/47_7.png,13,28,"[""/tangrams/182_272.png"",""/tangrams/182_7.png"",""/tangrams/47_7.png"",""/tangrams/47_272.png""]"
01JFGA8FJP73A8JH1RDQGC2VRN,NA,01JFG9ZJ9GEX6MPZ0HAKGHGQ29,35,65,2,NA,/tangrams/170_437.png,4,35,"[""/tangrams/128_437.png"",""/tangrams/128_267.png"",""/tangrams/170_267.png"",""/tangrams/170_437.png""]"
01JFGAFFXJ6PVGDED0RW3D8ARA,TRUE,01JFG8Z7EFJZW02VJSC7JSSAXB,7,65,0,/tangrams/125_148.png,/tangrams/125_148.png,8,7,"[""/tangrams/125_148.png"",""/tangrams/93_45.png"",""/tangrams/454_450.png"",""/tangrams/358_214.png""]"
01JFGAFFY6TSXDWGN14ZWP50MV,TRUE,01JFG8Z7EFJZW02VJSC7JSSAXB,12,65,0,/tangrams/287_238.png,/tangrams/287_238.png,13,12,"[""/tangrams/274_316.png"",""/tangrams/287_238.png"",""/tangrams/309_228.png"",""/tangrams/125_148.png""]"
01JFGAXKM500902N34BF7CNYHH,FALSE,01JFG8Z9BQREF412YKSXPEAKSA,7,65,0,/tangrams/343_56.png,/tangrams/195_347.png,8,7,"[""/tangrams/343_56.png"",""/tangrams/241_180.png"",""/tangrams/258_166.png"",""/tangrams/195_347.png""]"
01JFGB9AV4016Z8EKGEPM043MC,TRUE,01JFGA58DFG208NE3ZXZFARAF8,50,65,3,/tangrams/47_272.png,/tangrams/47_272.png,3,50,"[""/tangrams/47_272.png"",""/tangrams/37_272.png"",""/tangrams/37_36.png"",""/tangrams/47_36.png""]"
01JFG9M8EKQN7G5VS00PY1ZS2A,TRUE,01JFG8YPFB4QWAE1J5AKFP27SX,0,65,0,/tangrams/287_250.png,/tangrams/287_250.png,1,0,"[""/tangrams/74_82.png"",""/tangrams/287_250.png"",""/tangrams/415_360.png"",""/tangrams/11_392.png""]"
01JFG9M8GQJ76P6WNJTGDBB263,TRUE,01JFG8YPFB4QWAE1J5AKFP27SX,51,65,3,/tangrams/415_250.png,/tangrams/415_250.png,4,51,"[""/tangrams/74_360.png"",""/tangrams/415_250.png"",""/tangrams/11_82.png"",""/tangrams/287_392.png""]"
01JFGA8FF18VVHC1P2ZTWKK7QW,TRUE,01JFG9ZJ9GEX6MPZ0HAKGHGQ29,15,65,0,/tangrams/97_324.png,/tangrams/97_324.png,16,15,"[""/tangrams/311_324.png"",""/tangrams/97_437.png"",""/tangrams/97_324.png"",""/tangrams/311_437.png""]"
01JFGAFFZZKH2Y623KA5EZ9M7G,TRUE,01JFG8Z7EFJZW02VJSC7JSSAXB,23,65,1,/tangrams/442_446.png,/tangrams/442_446.png,8,23,"[""/tangrams/141_104.png"",""/tangrams/442_446.png"",""/tangrams/274_316.png"",""/tangrams/219_68.png""]"
01JFGAXKTH0C0N9VGDMHGCKKMH,TRUE,01JFG8Z9BQREF412YKSXPEAKSA,39,65,2,/tangrams/258_166.png,/tangrams/258_166.png,8,39,"[""/tangrams/258_166.png"",""/tangrams/241_56.png"",""/tangrams/195_180.png"",""/tangrams/343_347.png""]"
01JFGA6DAS2ZTS9R3EP0NNMPWE,TRUE,01JFG8ZHV16RJMZXAMJCSCC8YH,4,65,0,/tangrams/413_425.png,/tangrams/413_425.png,5,4,"[""/tangrams/413_425.png"",""/tangrams/413_346.png"",""/tangrams/22_346.png"",""/tangrams/22_425.png""]"
01JFGA8FCZN5YC32Q8M7Y5VQQ8,TRUE,01JFG9ZJ9GEX6MPZ0HAKGHGQ29,16,65,1,/tangrams/97_267.png,/tangrams/97_267.png,1,16,"[""/tangrams/97_437.png"",""/tangrams/311_437.png"",""/tangrams/311_267.png"",""/tangrams/97_267.png""]"
01JFGA8FFYF8H2W5V9CKRQP2XM,TRUE,01JFG9ZJ9GEX6MPZ0HAKGHGQ29,27,65,1,/tangrams/311_437.png,/tangrams/311_437.png,12,27,"[""/tangrams/97_437.png"",""/tangrams/311_437.png"",""/tangrams/311_79.png"",""/tangrams/97_79.png""]"
01JFGA8FD2D43SJBZRPGH7XJK6,TRUE,01JFG9ZJ9GEX6MPZ0HAKGHGQ29,4,65,0,/tangrams/97_79.png,/tangrams/97_79.png,5,4,"[""/tangrams/97_79.png"",""/tangrams/170_324.png"",""/tangrams/97_324.png"",""/tangrams/170_79.png""]"
01JFGA8FDVNN4XXA8RSD41HK1Z,TRUE,01JFG9ZJ9GEX6MPZ0HAKGHGQ29,11,65,0,/tangrams/128_437.png,/tangrams/128_437.png,12,11,"[""/tangrams/170_437.png"",""/tangrams/170_79.png"",""/tangrams/128_79.png"",""/tangrams/128_437.png""]"
01JFGA6DANNN71RJ92K30652TT,TRUE,01JFG8ZHV16RJMZXAMJCSCC8YH,1,65,0,/tangrams/232_321.png,/tangrams/232_321.png,2,1,"[""/tangrams/232_321.png"",""/tangrams/413_321.png"",""/tangrams/413_346.png"",""/tangrams/232_346.png""]"
01JFGA6DE924B7RW5HACEP1GF3,TRUE,01JFG8ZHV16RJMZXAMJCSCC8YH,46,65,2,/tangrams/227_425.png,/tangrams/227_425.png,15,46,"[""/tangrams/227_346.png"",""/tangrams/227_425.png"",""/tangrams/22_425.png"",""/tangrams/22_346.png""]"
01JFGB9B4K9XHVZGH2YNW67YWZ,TRUE,01JFGA58DFG208NE3ZXZFARAF8,58,65,3,/tangrams/436_243.png,/tangrams/436_243.png,11,58,"[""/tangrams/436_36.png"",""/tangrams/182_243.png"",""/tangrams/436_243.png"",""/tangrams/182_36.png""]"
01JFGAFG2YA60XA6R3H2VNHETJ,TRUE,01JFG8Z7EFJZW02VJSC7JSSAXB,41,65,2,/tangrams/93_45.png,/tangrams/93_45.png,10,41,"[""/tangrams/454_450.png"",""/tangrams/215_384.png"",""/tangrams/93_45.png"",""/tangrams/117_24.png""]"
01JFGAFG2C7EY80EKQ3DNG28G4,TRUE,01JFG8Z7EFJZW02VJSC7JSSAXB,37,65,2,/tangrams/63_116.png,/tangrams/63_116.png,6,37,"[""/tangrams/219_68.png"",""/tangrams/93_45.png"",""/tangrams/215_384.png"",""/tangrams/63_116.png""]"
01JFG9M8G58W9YZJFVJY4R9DCG,TRUE,01JFG8YPFB4QWAE1J5AKFP27SX,30,65,1,/tangrams/11_250.png,/tangrams/11_250.png,15,30,"[""/tangrams/11_250.png"",""/tangrams/415_82.png"",""/tangrams/74_392.png"",""/tangrams/287_360.png""]"
01JFGA4GSHQKS2A0TY2NSQDWV6,TRUE,01JFG8YYF8H0QD8W9TRHSGW7CC,16,65,1,/tangrams/462_232.png,/tangrams/462_232.png,1,16,"[""/tangrams/53_232.png"",""/tangrams/53_203.png"",""/tangrams/462_232.png"",""/tangrams/462_203.png""]"
01JFGA6DFNNZZBKAA6BCK5FHK3,TRUE,01JFG8ZHV16RJMZXAMJCSCC8YH,53,65,3,/tangrams/413_425.png,/tangrams/413_425.png,6,53,"[""/tangrams/413_425.png"",""/tangrams/413_321.png"",""/tangrams/227_321.png"",""/tangrams/227_425.png""]"
01JFGA6DES1CDV4J3NA3EZ28JZ,TRUE,01JFG8ZHV16RJMZXAMJCSCC8YH,43,65,2,/tangrams/232_448.png,/tangrams/232_448.png,12,43,"[""/tangrams/22_448.png"",""/tangrams/232_346.png"",""/tangrams/232_448.png"",""/tangrams/22_346.png""]"
01JFGA8FDZWJH263QBAP67PCS9,FALSE,01JFG9ZJ9GEX6MPZ0HAKGHGQ29,12,65,0,/tangrams/311_267.png,/tangrams/311_79.png,13,12,"[""/tangrams/97_79.png"",""/tangrams/311_267.png"",""/tangrams/97_267.png"",""/tangrams/311_79.png""]"
01JFG9M8FKEX2X5089BPYV0DS9,TRUE,01JFG8YPFB4QWAE1J5AKFP27SX,1,65,0,/tangrams/415_392.png,/tangrams/415_392.png,2,1,"[""/tangrams/11_360.png"",""/tangrams/74_250.png"",""/tangrams/287_82.png"",""/tangrams/415_392.png""]"
01JFG9M8GEBF48DJKBESDKTYVF,TRUE,01JFG8YPFB4QWAE1J5AKFP27SX,36,65,2,/tangrams/74_360.png,/tangrams/74_360.png,5,36,"[""/tangrams/415_82.png"",""/tangrams/11_250.png"",""/tangrams/287_392.png"",""/tangrams/74_360.png""]"
01JFGA4GS7ADC870ZHPFY6SV27,TRUE,01JFG8YYF8H0QD8W9TRHSGW7CC,7,65,0,/tangrams/53_371.png,/tangrams/53_371.png,8,7,"[""/tangrams/53_232.png"",""/tangrams/53_371.png"",""/tangrams/462_371.png"",""/tangrams/462_232.png""]"
01JFGAXKRR3CS8PA72RNXT21QG,TRUE,01JFG8Z9BQREF412YKSXPEAKSA,32,65,2,/tangrams/195_166.png,/tangrams/195_166.png,1,32,"[""/tangrams/241_347.png"",""/tangrams/195_166.png"",""/tangrams/258_180.png"",""/tangrams/343_56.png""]"
01JFGA6DG8D58YAJQ5Y2MZVC6Y,TRUE,01JFG8ZHV16RJMZXAMJCSCC8YH,61,65,3,/tangrams/22_425.png,/tangrams/22_425.png,14,61,"[""/tangrams/22_448.png"",""/tangrams/227_425.png"",""/tangrams/22_425.png"",""/tangrams/227_448.png""]"
01JFGA8FGFD2G22DW0TBSPNVNJ,TRUE,01JFG9ZJ9GEX6MPZ0HAKGHGQ29,28,65,1,/tangrams/97_437.png,/tangrams/97_437.png,13,28,"[""/tangrams/97_437.png"",""/tangrams/311_79.png"",""/tangrams/97_79.png"",""/tangrams/311_437.png""]"
01JFGA8FHHH2M8MC6J913C855Y,NA,01JFG9ZJ9GEX6MPZ0HAKGHGQ29,54,65,3,NA,/tangrams/311_267.png,7,54,"[""/tangrams/97_267.png"",""/tangrams/97_79.png"",""/tangrams/311_79.png"",""/tangrams/311_267.png""]"
01JFGA6DDTY9AZF8JRMGT3S92M,TRUE,01JFG8ZHV16RJMZXAMJCSCC8YH,40,65,2,/tangrams/413_425.png,/tangrams/413_425.png,9,40,"[""/tangrams/227_448.png"",""/tangrams/413_448.png"",""/tangrams/227_425.png"",""/tangrams/413_425.png""]"
01JFGA8FD5YB80FD27TP1GN3KX,FALSE,01JFG9ZJ9GEX6MPZ0HAKGHGQ29,9,65,0,/tangrams/97_324.png,/tangrams/128_324.png,10,9,"[""/tangrams/97_324.png"",""/tangrams/97_267.png"",""/tangrams/128_267.png"",""/tangrams/128_324.png""]"
01JFGA8FE90RBZY2MRC0GFS2DB,FALSE,01JFG9ZJ9GEX6MPZ0HAKGHGQ29,32,65,2,NA,/tangrams/128_79.png,1,32,"[""/tangrams/97_267.png"",""/tangrams/97_79.png"",""/tangrams/128_79.png"",""/tangrams/128_267.png""]"
01JFGAFG6ZSZMADZKPWSPSF8KN,TRUE,01JFG8Z7EFJZW02VJSC7JSSAXB,61,65,3,/tangrams/26_122.png,/tangrams/26_122.png,14,61,"[""/tangrams/380_338.png"",""/tangrams/309_228.png"",""/tangrams/26_122.png"",""/tangrams/125_148.png""]"
01JFGAXKX8DNBPYJQ746VYHF1N,TRUE,01JFG8Z9BQREF412YKSXPEAKSA,55,65,3,/tangrams/241_180.png,/tangrams/241_180.png,8,55,"[""/tangrams/343_347.png"",""/tangrams/195_56.png"",""/tangrams/258_166.png"",""/tangrams/241_180.png""]"
01JFGA4GRCGTQF3H8QQ5PAZQ4B,TRUE,01JFG8YYF8H0QD8W9TRHSGW7CC,1,65,0,/tangrams/170_371.png,/tangrams/170_371.png,2,1,"[""/tangrams/170_371.png"",""/tangrams/53_119.png"",""/tangrams/53_371.png"",""/tangrams/170_119.png""]"
01JFGA4GSDJBVB2PAG31MYZG5Y,TRUE,01JFG8YYF8H0QD8W9TRHSGW7CC,8,65,0,/tangrams/462_371.png,/tangrams/462_371.png,9,8,"[""/tangrams/462_232.png"",""/tangrams/170_371.png"",""/tangrams/170_232.png"",""/tangrams/462_371.png""]"
01JFGA4GTBSV0VFP6YZ05WVXJ4,TRUE,01JFG8YYF8H0QD8W9TRHSGW7CC,52,65,3,/tangrams/53_119.png,/tangrams/53_119.png,5,52,"[""/tangrams/53_371.png"",""/tangrams/53_119.png"",""/tangrams/462_371.png"",""/tangrams/462_119.png""]"
01JFGAXKXZW2PRVYFRGTVWXZNF,TRUE,01JFG8Z9BQREF412YKSXPEAKSA,46,65,2,/tangrams/343_180.png,/tangrams/343_180.png,15,46,"[""/tangrams/195_347.png"",""/tangrams/241_56.png"",""/tangrams/258_166.png"",""/tangrams/343_180.png""]"
01JFGAXKRKBMW3ZK6H57AZ440N,TRUE,01JFG8Z9BQREF412YKSXPEAKSA,31,65,1,/tangrams/241_347.png,/tangrams/241_347.png,16,31,"[""/tangrams/241_347.png"",""/tangrams/343_166.png"",""/tangrams/258_56.png"",""/tangrams/195_180.png""]"
01JFG9M8G0XVADYKVTNPSBRZJM,TRUE,01JFG8YPFB4QWAE1J5AKFP27SX,25,65,1,/tangrams/74_360.png,/tangrams/74_360.png,10,25,"[""/tangrams/287_250.png"",""/tangrams/415_392.png"",""/tangrams/11_82.png"",""/tangrams/74_360.png""]"
01JFGAFG42WKTR5XG689CG84XV,TRUE,01JFG8Z7EFJZW02VJSC7JSSAXB,47,65,2,/tangrams/125_148.png,/tangrams/125_148.png,16,47,"[""/tangrams/358_214.png"",""/tangrams/442_446.png"",""/tangrams/380_338.png"",""/tangrams/125_148.png""]"
01JFGAXKKHBS091TJSTWHYXHW5,FALSE,01JFG8Z9BQREF412YKSXPEAKSA,4,65,0,/tangrams/258_56.png,/tangrams/241_180.png,5,4,"[""/tangrams/343_166.png"",""/tangrams/241_180.png"",""/tangrams/258_56.png"",""/tangrams/195_347.png""]"
01JFGAXKMF6H3SG2BZ0KKE3GVQ,FALSE,01JFG8Z9BQREF412YKSXPEAKSA,8,65,0,/tangrams/241_347.png,/tangrams/343_180.png,9,8,"[""/tangrams/241_347.png"",""/tangrams/258_166.png"",""/tangrams/343_180.png"",""/tangrams/195_56.png""]"
01JFGB9AWPQ0B6A0PJ804JSB3S,TRUE,01JFGA58DFG208NE3ZXZFARAF8,35,65,2,/tangrams/436_7.png,/tangrams/436_7.png,4,35,"[""/tangrams/37_36.png"",""/tangrams/436_7.png"",""/tangrams/436_36.png"",""/tangrams/37_7.png""]"
01JFGB9AZ4R3NCH34M6P32KS0J,TRUE,01JFGA58DFG208NE3ZXZFARAF8,48,65,3,/tangrams/37_36.png,/tangrams/37_36.png,1,48,"[""/tangrams/37_272.png"",""/tangrams/182_272.png"",""/tangrams/37_36.png"",""/tangrams/182_36.png""]"
01JFG9M8GPWAT8GD9EG0HDVVBJ,TRUE,01JFG8YPFB4QWAE1J5AKFP27SX,55,65,3,/tangrams/415_392.png,/tangrams/415_392.png,8,55,"[""/tangrams/74_82.png"",""/tangrams/415_392.png"",""/tangrams/287_250.png"",""/tangrams/11_360.png""]"
01JFGA8FJ8WVB0NATP0Q43F86N,NA,01JFG9ZJ9GEX6MPZ0HAKGHGQ29,36,65,2,NA,/tangrams/128_324.png,5,36,"[""/tangrams/97_267.png"",""/tangrams/97_324.png"",""/tangrams/128_267.png"",""/tangrams/128_324.png""]"
01JFGAFFYWF62F135KVPY8S1PY,TRUE,01JFG8Z7EFJZW02VJSC7JSSAXB,17,65,1,/tangrams/215_384.png,/tangrams/215_384.png,2,17,"[""/tangrams/215_384.png"",""/tangrams/93_45.png"",""/tangrams/380_338.png"",""/tangrams/219_68.png""]"
01JFG9M8FXHFPR252CE9BK9FK4,TRUE,01JFG8YPFB4QWAE1J5AKFP27SX,19,65,1,/tangrams/287_392.png,/tangrams/287_392.png,4,19,"[""/tangrams/74_82.png"",""/tangrams/287_392.png"",""/tangrams/415_360.png"",""/tangrams/11_250.png""]"
01JFGA4GTAARPK4955H6Y22YVF,TRUE,01JFG8YYF8H0QD8W9TRHSGW7CC,31,65,1,/tangrams/462_119.png,/tangrams/462_119.png,16,31,"[""/tangrams/462_203.png"",""/tangrams/170_119.png"",""/tangrams/462_119.png"",""/tangrams/170_203.png""]"
01JFGA4GTNAZ5V1BKQYYKZAPXQ,TRUE,01JFG8YYF8H0QD8W9TRHSGW7CC,60,65,3,/tangrams/224_203.png,/tangrams/224_203.png,13,60,"[""/tangrams/170_371.png"",""/tangrams/170_203.png"",""/tangrams/224_203.png"",""/tangrams/224_371.png""]"
01JFGAFFZDG6E8WWQ31G3H0JK7,TRUE,01JFG8Z7EFJZW02VJSC7JSSAXB,20,65,1,/tangrams/454_450.png,/tangrams/454_450.png,5,20,"[""/tangrams/117_24.png"",""/tangrams/442_446.png"",""/tangrams/454_450.png"",""/tangrams/93_45.png""]"
01JFGAXKSB083GF0HWTMZENR0Y,TRUE,01JFG8Z9BQREF412YKSXPEAKSA,33,65,2,/tangrams/241_166.png,/tangrams/241_166.png,2,33,"[""/tangrams/343_56.png"",""/tangrams/241_166.png"",""/tangrams/258_347.png"",""/tangrams/195_180.png""]"
01JFG9M8GAD92DH2HYA4AZYP3F,TRUE,01JFG8YPFB4QWAE1J5AKFP27SX,40,65,2,/tangrams/74_82.png,/tangrams/74_82.png,9,40,"[""/tangrams/287_360.png"",""/tangrams/74_82.png"",""/tangrams/11_392.png"",""/tangrams/415_250.png""]"
01JFGA4GSTZJ758040DQ66K0D2,TRUE,01JFG8YYF8H0QD8W9TRHSGW7CC,40,65,2,/tangrams/224_203.png,/tangrams/224_203.png,9,40,"[""/tangrams/462_203.png"",""/tangrams/224_203.png"",""/tangrams/224_232.png"",""/tangrams/462_232.png""]"
01JFGA4GSYR7V4XJ256G2E7TYY,TRUE,01JFG8YYF8H0QD8W9TRHSGW7CC,44,65,2,/tangrams/224_119.png,/tangrams/224_119.png,13,44,"[""/tangrams/224_119.png"",""/tangrams/170_119.png"",""/tangrams/170_232.png"",""/tangrams/224_232.png""]"
01JFGAXKPXQPJG9KNVJMN81CP6,TRUE,01JFG8Z9BQREF412YKSXPEAKSA,24,65,1,/tangrams/241_166.png,/tangrams/241_166.png,9,24,"[""/tangrams/343_56.png"",""/tangrams/195_347.png"",""/tangrams/241_166.png"",""/tangrams/258_180.png""]"
01JFG9M8GKPRHQBV9D7HTQKSWH,TRUE,01JFG8YPFB4QWAE1J5AKFP27SX,57,65,3,/tangrams/74_392.png,/tangrams/74_392.png,10,57,"[""/tangrams/415_82.png"",""/tangrams/287_250.png"",""/tangrams/11_360.png"",""/tangrams/74_392.png""]"
01JFGA6DAFBKS936MDVE4HKD0J,FALSE,01JFG8ZHV16RJMZXAMJCSCC8YH,2,65,0,/tangrams/413_425.png,/tangrams/413_448.png,3,2,"[""/tangrams/413_425.png"",""/tangrams/227_448.png"",""/tangrams/227_425.png"",""/tangrams/413_448.png""]"
01JFGA6DCHXFC9Z57VJTN6B5EV,FALSE,01JFG8ZHV16RJMZXAMJCSCC8YH,22,65,1,/tangrams/22_425.png,/tangrams/22_321.png,7,22,"[""/tangrams/227_425.png"",""/tangrams/227_321.png"",""/tangrams/22_321.png"",""/tangrams/22_425.png""]"
01JFG9M8GNKYE3CG9Y38GDZJ5G,TRUE,01JFG8YPFB4QWAE1J5AKFP27SX,58,65,3,/tangrams/287_82.png,/tangrams/287_82.png,11,58,"[""/tangrams/74_392.png"",""/tangrams/287_82.png"",""/tangrams/415_250.png"",""/tangrams/11_360.png""]"
01JFGB9AX3T80XXBWG4AGZ5SV9,TRUE,01JFGA58DFG208NE3ZXZFARAF8,49,65,3,/tangrams/37_243.png,/tangrams/37_243.png,2,49,"[""/tangrams/37_243.png"",""/tangrams/182_36.png"",""/tangrams/37_36.png"",""/tangrams/182_243.png""]"
01JFGAXKVVE67KR2H72XCFF9QN,TRUE,01JFG8Z9BQREF412YKSXPEAKSA,48,65,3,/tangrams/258_166.png,/tangrams/258_166.png,1,48,"[""/tangrams/258_166.png"",""/tangrams/195_56.png"",""/tangrams/241_347.png"",""/tangrams/343_180.png""]"
01JFGB9AJPH0TJQF85AMG1ZFK3,FALSE,01JFGA58DFG208NE3ZXZFARAF8,21,65,1,NA,/tangrams/182_272.png,6,21,"[""/tangrams/47_36.png"",""/tangrams/182_36.png"",""/tangrams/47_272.png"",""/tangrams/182_272.png""]"
01JFGB9ARWMHA63K5SEWE08A85,TRUE,01JFGA58DFG208NE3ZXZFARAF8,38,65,2,/tangrams/47_243.png,/tangrams/47_243.png,7,38,"[""/tangrams/37_36.png"",""/tangrams/47_243.png"",""/tangrams/47_36.png"",""/tangrams/37_243.png""]"
01JFGAXKQX3D8SQAAEN2JQB2NW,TRUE,01JFG8Z9BQREF412YKSXPEAKSA,28,65,1,/tangrams/258_180.png,/tangrams/258_180.png,13,28,"[""/tangrams/241_56.png"",""/tangrams/258_180.png"",""/tangrams/195_166.png"",""/tangrams/343_347.png""]"
01JFGAXKW0YGP8HBXBQV93ZPH1,TRUE,01JFG8Z9BQREF412YKSXPEAKSA,49,65,3,/tangrams/343_180.png,/tangrams/343_180.png,2,49,"[""/tangrams/195_347.png"",""/tangrams/258_56.png"",""/tangrams/343_180.png"",""/tangrams/241_166.png""]"
01JFGA4GT2RZC20H1XDVWE26KB,TRUE,01JFG8YYF8H0QD8W9TRHSGW7CC,29,65,1,/tangrams/170_203.png,/tangrams/170_203.png,14,29,"[""/tangrams/224_203.png"",""/tangrams/224_371.png"",""/tangrams/170_203.png"",""/tangrams/170_371.png""]"
01JFGA6DFV282WEYW171285W5M,TRUE,01JFG8ZHV16RJMZXAMJCSCC8YH,58,65,3,/tangrams/22_448.png,/tangrams/22_448.png,11,58,"[""/tangrams/232_448.png"",""/tangrams/22_425.png"",""/tangrams/232_425.png"",""/tangrams/22_448.png""]"
01JFGA8FF4PK165MW35SB7KQWK,TRUE,01JFG9ZJ9GEX6MPZ0HAKGHGQ29,20,65,1,/tangrams/128_267.png,/tangrams/128_267.png,5,20,"[""/tangrams/311_324.png"",""/tangrams/128_267.png"",""/tangrams/311_267.png"",""/tangrams/128_324.png""]"
01JFGA6DCT6CWNRF2696PGTVBG,FALSE,01JFG8ZHV16RJMZXAMJCSCC8YH,27,65,1,/tangrams/227_321.png,/tangrams/413_321.png,12,27,"[""/tangrams/413_425.png"",""/tangrams/413_321.png"",""/tangrams/227_425.png"",""/tangrams/227_321.png""]"
01JFGB9AH3XZHBWS6FVJXEFKND,FALSE,01JFGA58DFG208NE3ZXZFARAF8,7,65,0,/tangrams/37_272.png,/tangrams/182_272.png,8,7,"[""/tangrams/37_272.png"",""/tangrams/182_7.png"",""/tangrams/182_272.png"",""/tangrams/37_7.png""]"
01JFG9M8GJWBKB8YH2K7EJSXJN,TRUE,01JFG8YPFB4QWAE1J5AKFP27SX,43,65,2,/tangrams/415_392.png,/tangrams/415_392.png,12,43,"[""/tangrams/415_392.png"",""/tangrams/11_82.png"",""/tangrams/74_250.png"",""/tangrams/287_360.png""]"
01JFGA6DEQ9MB9G9MG2R5YPJPT,TRUE,01JFG8ZHV16RJMZXAMJCSCC8YH,45,65,2,/tangrams/232_346.png,/tangrams/232_346.png,14,45,"[""/tangrams/227_346.png"",""/tangrams/227_321.png"",""/tangrams/232_321.png"",""/tangrams/232_346.png""]"
01JFG9M8FQ1H9Z4BHF65632242,TRUE,01JFG8YPFB4QWAE1J5AKFP27SX,3,65,0,/tangrams/11_392.png,/tangrams/11_392.png,4,3,"[""/tangrams/11_392.png"",""/tangrams/74_82.png"",""/tangrams/415_250.png"",""/tangrams/287_360.png""]"
01JFGA8FC5QG5DYXM9YJKR7DXF,FALSE,01JFG9ZJ9GEX6MPZ0HAKGHGQ29,3,65,0,/tangrams/170_79.png,/tangrams/128_267.png,4,3,"[""/tangrams/170_267.png"",""/tangrams/128_79.png"",""/tangrams/170_79.png"",""/tangrams/128_267.png""]"
01JFGAXKNDECSETSB1KNENP86B,FALSE,01JFG8Z9BQREF412YKSXPEAKSA,15,65,0,/tangrams/258_180.png,/tangrams/241_166.png,16,15,"[""/tangrams/258_180.png"",""/tangrams/343_347.png"",""/tangrams/195_56.png"",""/tangrams/241_166.png""]"
01JFGA8FBXR8V02QK0VM8B636S,FALSE,01JFG9ZJ9GEX6MPZ0HAKGHGQ29,0,65,0,NA,/tangrams/170_437.png,1,0,"[""/tangrams/128_267.png"",""/tangrams/170_437.png"",""/tangrams/128_437.png"",""/tangrams/170_267.png""]"
01JFGA8FFGCW6TGTQCJ8B06VP8,TRUE,01JFG9ZJ9GEX6MPZ0HAKGHGQ29,23,65,1,/tangrams/170_324.png,/tangrams/170_324.png,8,23,"[""/tangrams/170_267.png"",""/tangrams/128_267.png"",""/tangrams/128_324.png"",""/tangrams/170_324.png""]"
01JFGAFG5EXT75D97E3R3WTFNH,TRUE,01JFG8Z7EFJZW02VJSC7JSSAXB,52,65,3,/tangrams/442_446.png,/tangrams/442_446.png,5,52,"[""/tangrams/442_446.png"",""/tangrams/309_228.png"",""/tangrams/117_24.png"",""/tangrams/26_122.png""]"
01JFGAFG2J9NG2K5VVBC76TMR4,TRUE,01JFG8Z7EFJZW02VJSC7JSSAXB,38,65,2,/tangrams/287_238.png,/tangrams/287_238.png,7,38,"[""/tangrams/63_116.png"",""/tangrams/309_228.png"",""/tangrams/287_238.png"",""/tangrams/141_104.png""]"
01JFGAXKY7A6CYYNKQSM3XGZVS,TRUE,01JFG8Z9BQREF412YKSXPEAKSA,57,65,3,/tangrams/195_180.png,/tangrams/195_180.png,10,57,"[""/tangrams/258_347.png"",""/tangrams/241_56.png"",""/tangrams/195_180.png"",""/tangrams/343_166.png""]"
01JFG9M8FXHFPR252CDJBF0Z7B,TRUE,01JFG8YPFB4QWAE1J5AKFP27SX,14,65,0,/tangrams/74_360.png,/tangrams/74_360.png,15,14,"[""/tangrams/415_82.png"",""/tangrams/74_360.png"",""/tangrams/11_392.png"",""/tangrams/287_250.png""]"
01JFGA6DE43D91DYYGWKWC1H14,TRUE,01JFG8ZHV16RJMZXAMJCSCC8YH,38,65,2,/tangrams/413_448.png,/tangrams/413_448.png,7,38,"[""/tangrams/227_425.png"",""/tangrams/413_425.png"",""/tangrams/227_448.png"",""/tangrams/413_448.png""]"
01JFGAFFWHKK344ZPWQHAB1NWX,TRUE,01JFG8Z7EFJZW02VJSC7JSSAXB,60,65,3,/tangrams/219_68.png,/tangrams/219_68.png,13,60,"[""/tangrams/219_68.png"",""/tangrams/442_446.png"",""/tangrams/117_24.png"",""/tangrams/125_148.png""]"
01JFGAFFXEY5V277EV8DS95075,TRUE,01JFG8Z7EFJZW02VJSC7JSSAXB,6,65,0,/tangrams/141_104.png,/tangrams/141_104.png,7,6,"[""/tangrams/358_214.png"",""/tangrams/309_228.png"",""/tangrams/141_104.png"",""/tangrams/219_68.png""]"
01JFGAXKMYZA12Q16XQQ4CA442,TRUE,01JFG8Z9BQREF412YKSXPEAKSA,13,65,0,/tangrams/258_180.png,/tangrams/258_180.png,14,13,"[""/tangrams/195_166.png"",""/tangrams/258_180.png"",""/tangrams/343_56.png"",""/tangrams/241_347.png""]"
01JFG9M8GAD92DH2HY96S4PE5R,TRUE,01JFG8YPFB4QWAE1J5AKFP27SX,39,65,2,/tangrams/287_360.png,/tangrams/287_360.png,8,39,"[""/tangrams/11_82.png"",""/tangrams/74_250.png"",""/tangrams/415_392.png"",""/tangrams/287_360.png""]"
01JFG9M8HRAQTAAG5C7P694GHF,TRUE,01JFG8YPFB4QWAE1J5AKFP27SX,60,65,3,/tangrams/74_82.png,/tangrams/74_82.png,13,60,"[""/tangrams/74_82.png"",""/tangrams/415_392.png"",""/tangrams/287_250.png"",""/tangrams/11_360.png""]"
01JFGA4GSANCZ699KWM5XPRF2G,TRUE,01JFG8YYF8H0QD8W9TRHSGW7CC,15,65,0,/tangrams/53_203.png,/tangrams/53_203.png,16,15,"[""/tangrams/462_203.png"",""/tangrams/53_232.png"",""/tangrams/53_203.png"",""/tangrams/462_232.png""]"
01JFGA8FK74TZ5JT46NV17WY9W,NA,01JFG9ZJ9GEX6MPZ0HAKGHGQ29,53,65,3,NA,/tangrams/311_79.png,6,53,"[""/tangrams/170_437.png"",""/tangrams/170_79.png"",""/tangrams/311_79.png"",""/tangrams/311_437.png""]"
01JFGAFFWYYB22SJKJ86NNJM0V,TRUE,01JFG8Z7EFJZW02VJSC7JSSAXB,4,65,0,/tangrams/400_193.png,/tangrams/400_193.png,5,4,"[""/tangrams/93_45.png"",""/tangrams/117_24.png"",""/tangrams/400_193.png"",""/tangrams/63_116.png""]"
01JFGAFG2RRQK4YTC4KAC74T28,TRUE,01JFG8Z7EFJZW02VJSC7JSSAXB,39,65,2,/tangrams/219_68.png,/tangrams/219_68.png,8,39,"[""/tangrams/63_116.png"",""/tangrams/219_68.png"",""/tangrams/141_104.png"",""/tangrams/93_45.png""]"
01JFGA6DD3CKX838DEC9XM3TR6,TRUE,01JFG8ZHV16RJMZXAMJCSCC8YH,31,65,1,/tangrams/232_321.png,/tangrams/232_321.png,16,31,"[""/tangrams/22_321.png"",""/tangrams/232_321.png"",""/tangrams/22_346.png"",""/tangrams/232_346.png""]"
01JFGA6DFSJ3XTEQK0NH0HN84J,TRUE,01JFG8ZHV16RJMZXAMJCSCC8YH,50,65,3,/tangrams/413_321.png,/tangrams/413_321.png,3,50,"[""/tangrams/413_346.png"",""/tangrams/232_346.png"",""/tangrams/413_321.png"",""/tangrams/232_321.png""]"
01JFGA8FH61DNX75Q48S1MKS2C,TRUE,01JFG9ZJ9GEX6MPZ0HAKGHGQ29,30,65,1,/tangrams/128_437.png,/tangrams/128_437.png,15,30,"[""/tangrams/170_437.png"",""/tangrams/128_79.png"",""/tangrams/128_437.png"",""/tangrams/170_79.png""]"
01JFGB9AYD7T8YDVQS5CGSJQSP,TRUE,01JFGA58DFG208NE3ZXZFARAF8,43,65,2,/tangrams/436_36.png,/tangrams/436_36.png,12,43,"[""/tangrams/182_36.png"",""/tangrams/182_272.png"",""/tangrams/436_272.png"",""/tangrams/436_36.png""]"
01JFGA8FEFSX13QR7HH2N7FERG,FALSE,01JFG9ZJ9GEX6MPZ0HAKGHGQ29,22,65,1,NA,/tangrams/128_79.png,7,22,"[""/tangrams/128_437.png"",""/tangrams/97_437.png"",""/tangrams/97_79.png"",""/tangrams/128_79.png""]"
01JFGA8FJ3MZY3V5PNRFJBD60N,NA,01JFG9ZJ9GEX6MPZ0HAKGHGQ29,37,65,2,NA,/tangrams/170_79.png,6,37,"[""/tangrams/170_79.png"",""/tangrams/97_324.png"",""/tangrams/97_79.png"",""/tangrams/170_324.png""]"
01JFGAFG6FAX13REV3SHKTBNAA,TRUE,01JFG8Z7EFJZW02VJSC7JSSAXB,58,65,3,/tangrams/400_193.png,/tangrams/400_193.png,11,58,"[""/tangrams/274_316.png"",""/tangrams/215_384.png"",""/tangrams/358_214.png"",""/tangrams/400_193.png""]"
01JFG9M8GXKAFVG4AFMM344GVR,TRUE,01JFG8YPFB4QWAE1J5AKFP27SX,47,65,2,/tangrams/287_250.png,/tangrams/287_250.png,16,47,"[""/tangrams/74_360.png"",""/tangrams/11_392.png"",""/tangrams/415_82.png"",""/tangrams/287_250.png""]"
01JFGAXKN38SS6Z0EZTS2GYSE9,FALSE,01JFG8Z9BQREF412YKSXPEAKSA,14,65,0,/tangrams/258_180.png,/tangrams/195_56.png,15,14,"[""/tangrams/343_166.png"",""/tangrams/241_347.png"",""/tangrams/258_180.png"",""/tangrams/195_56.png""]"
01JFGAXKSG4RKA9CRBGE2368MM,TRUE,01JFG8Z9BQREF412YKSXPEAKSA,34,65,2,/tangrams/241_347.png,/tangrams/241_347.png,3,34,"[""/tangrams/241_347.png"",""/tangrams/258_56.png"",""/tangrams/195_166.png"",""/tangrams/343_180.png""]"
01JFGAXKZ7236CZYJ0RXSMXZ93,TRUE,01JFG8Z9BQREF412YKSXPEAKSA,60,65,3,/tangrams/195_347.png,/tangrams/195_347.png,13,60,"[""/tangrams/241_180.png"",""/tangrams/343_56.png"",""/tangrams/258_166.png"",""/tangrams/195_347.png""]"
01JFGA4GS4129R7HGT7ZJMKYY5,TRUE,01JFG8YYF8H0QD8W9TRHSGW7CC,11,65,0,/tangrams/53_119.png,/tangrams/53_119.png,12,11,"[""/tangrams/53_119.png"",""/tangrams/224_203.png"",""/tangrams/224_119.png"",""/tangrams/53_203.png""]"
01JFGA6DAGXXQFVNGD2YT5WCBA,TRUE,01JFG8ZHV16RJMZXAMJCSCC8YH,10,65,0,/tangrams/227_425.png,/tangrams/227_425.png,11,10,"[""/tangrams/232_425.png"",""/tangrams/227_425.png"",""/tangrams/227_448.png"",""/tangrams/232_448.png""]"
01JFGAFG52XX8W5BSYYD3X59Y8,TRUE,01JFG8Z7EFJZW02VJSC7JSSAXB,50,65,3,/tangrams/93_45.png,/tangrams/93_45.png,3,50,"[""/tangrams/141_104.png"",""/tangrams/93_45.png"",""/tangrams/63_116.png"",""/tangrams/454_450.png""]"
01JFGA4GSRJ6V8K57JMY6TA9GA,TRUE,01JFG8YYF8H0QD8W9TRHSGW7CC,22,65,1,/tangrams/224_371.png,/tangrams/224_371.png,7,22,"[""/tangrams/224_203.png"",""/tangrams/224_371.png"",""/tangrams/462_371.png"",""/tangrams/462_203.png""]"
01JFGB9AFXJ9A2Y5AS2KY0N5NP,TRUE,01JFGA58DFG208NE3ZXZFARAF8,9,65,0,/tangrams/436_243.png,/tangrams/436_243.png,10,9,"[""/tangrams/182_243.png"",""/tangrams/182_272.png"",""/tangrams/436_243.png"",""/tangrams/436_272.png""]"
01JFGB9AKVRR28P1H2NDG728E6,TRUE,01JFGA58DFG208NE3ZXZFARAF8,20,65,1,/tangrams/436_7.png,/tangrams/436_7.png,5,20,"[""/tangrams/436_36.png"",""/tangrams/182_7.png"",""/tangrams/182_36.png"",""/tangrams/436_7.png""]"
01JFGA6DD09HHP0YZF4TZVGSYV,TRUE,01JFG8ZHV16RJMZXAMJCSCC8YH,30,65,1,/tangrams/22_448.png,/tangrams/22_448.png,15,30,"[""/tangrams/22_448.png"",""/tangrams/22_346.png"",""/tangrams/413_346.png"",""/tangrams/413_448.png""]"
01JFGA8FDQ6ZTE1ZX43V19JK8B,TRUE,01JFG9ZJ9GEX6MPZ0HAKGHGQ29,7,65,0,/tangrams/170_267.png,/tangrams/170_267.png,8,7,"[""/tangrams/170_267.png"",""/tangrams/170_324.png"",""/tangrams/128_324.png"",""/tangrams/128_267.png""]"
01JFGA8FG104ZFYBASK15C1TJC,NA,01JFG9ZJ9GEX6MPZ0HAKGHGQ29,50,65,3,NA,/tangrams/97_267.png,3,50,"[""/tangrams/97_267.png"",""/tangrams/170_267.png"",""/tangrams/97_79.png"",""/tangrams/170_79.png""]"
01JFGA8FHTHHPCAH9MAVWN4JKS,NA,01JFG9ZJ9GEX6MPZ0HAKGHGQ29,56,65,3,NA,/tangrams/170_437.png,9,56,"[""/tangrams/170_437.png"",""/tangrams/128_267.png"",""/tangrams/128_437.png"",""/tangrams/170_267.png""]"
01JFGAFFYAVQDYRHM24T19DXW9,TRUE,01JFG8Z7EFJZW02VJSC7JSSAXB,13,65,0,/tangrams/215_384.png,/tangrams/215_384.png,14,13,"[""/tangrams/358_214.png"",""/tangrams/380_338.png"",""/tangrams/215_384.png"",""/tangrams/141_104.png""]"
01JFG9M8FRQY0Q8E4EHR2RJN6B,TRUE,01JFG8YPFB4QWAE1J5AKFP27SX,13,65,0,/tangrams/287_360.png,/tangrams/287_360.png,14,13,"[""/tangrams/11_392.png"",""/tangrams/287_360.png"",""/tangrams/415_250.png"",""/tangrams/74_82.png""]"
01JFG9M8GEBF48DJKBDZ2TQ5EV,TRUE,01JFG8YPFB4QWAE1J5AKFP27SX,41,65,2,/tangrams/74_250.png,/tangrams/74_250.png,10,41,"[""/tangrams/74_250.png"",""/tangrams/11_360.png"",""/tangrams/287_392.png"",""/tangrams/415_82.png""]"
01JFGAXKYDNFJK8P7M5AR2DX0J,TRUE,01JFG8Z9BQREF412YKSXPEAKSA,58,65,3,/tangrams/195_56.png,/tangrams/195_56.png,11,58,"[""/tangrams/241_347.png"",""/tangrams/195_56.png"",""/tangrams/343_166.png"",""/tangrams/258_180.png""]"
01JFG9M8FPHPTCFT77R286G9TZ,TRUE,01JFG8YPFB4QWAE1J5AKFP27SX,5,65,0,/tangrams/74_82.png,/tangrams/74_82.png,6,5,"[""/tangrams/287_360.png"",""/tangrams/415_250.png"",""/tangrams/74_82.png"",""/tangrams/11_392.png""]"
01JFGA6DDZ1N1FN89WTYK67VE4,TRUE,01JFG8ZHV16RJMZXAMJCSCC8YH,41,65,2,/tangrams/22_425.png,/tangrams/22_425.png,10,41,"[""/tangrams/22_425.png"",""/tangrams/22_321.png"",""/tangrams/227_425.png"",""/tangrams/227_321.png""]"
01JFGAXKYMXS49RAFHTV8KM97P,TRUE,01JFG8Z9BQREF412YKSXPEAKSA,59,65,3,/tangrams/258_56.png,/tangrams/258_56.png,12,59,"[""/tangrams/258_56.png"",""/tangrams/343_166.png"",""/tangrams/241_180.png"",""/tangrams/195_347.png""]"
01JFGA6DC8VYY6HHTSM7X2Y5BW,TRUE,01JFG8ZHV16RJMZXAMJCSCC8YH,17,65,1,/tangrams/413_425.png,/tangrams/413_425.png,2,17,"[""/tangrams/413_425.png"",""/tangrams/22_425.png"",""/tangrams/22_346.png"",""/tangrams/413_346.png""]"
01JFGA8FC1ERQDGZA4NT99XJ5K,TRUE,01JFG9ZJ9GEX6MPZ0HAKGHGQ29,1,65,0,/tangrams/311_324.png,/tangrams/311_324.png,2,1,"[""/tangrams/311_324.png"",""/tangrams/311_267.png"",""/tangrams/170_267.png"",""/tangrams/170_324.png""]"
01JFGA8FJSVMYBEVZQ0VNZ5RGA,NA,01JFG9ZJ9GEX6MPZ0HAKGHGQ29,38,65,2,NA,/tangrams/311_79.png,7,38,"[""/tangrams/311_437.png"",""/tangrams/170_437.png"",""/tangrams/170_79.png"",""/tangrams/311_79.png""]"
01JFGAFG158QSZ9PZTFGV9HN2C,TRUE,01JFG8Z7EFJZW02VJSC7JSSAXB,31,65,1,/tangrams/125_148.png,/tangrams/125_148.png,16,31,"[""/tangrams/141_104.png"",""/tangrams/125_148.png"",""/tangrams/219_68.png"",""/tangrams/287_238.png""]"
01JFGAXKVN0VMF2GS1PQJDF48C,TRUE,01JFG8Z9BQREF412YKSXPEAKSA,45,65,2,/tangrams/258_56.png,/tangrams/258_56.png,14,45,"[""/tangrams/258_56.png"",""/tangrams/195_347.png"",""/tangrams/241_180.png"",""/tangrams/343_166.png""]"
01JFG9M8HRAQTAAG5C8FFYPPAK,TRUE,01JFG8YPFB4QWAE1J5AKFP27SX,61,65,3,/tangrams/415_82.png,/tangrams/415_82.png,14,61,"[""/tangrams/287_250.png"",""/tangrams/415_82.png"",""/tangrams/74_392.png"",""/tangrams/11_360.png""]"
01JFGA4GRSWB5AZRM5NYC4P18H,TRUE,01JFG8YYF8H0QD8W9TRHSGW7CC,43,65,2,/tangrams/224_371.png,/tangrams/224_371.png,12,43,"[""/tangrams/224_232.png"",""/tangrams/462_232.png"",""/tangrams/224_371.png"",""/tangrams/462_371.png""]"
01JFGA4GTK07MY8NVVJP9XKPZJ,TRUE,01JFG8YYF8H0QD8W9TRHSGW7CC,61,65,3,/tangrams/53_203.png,/tangrams/53_203.png,14,61,"[""/tangrams/170_232.png"",""/tangrams/170_203.png"",""/tangrams/53_232.png"",""/tangrams/53_203.png""]"
01JFG9M8FXHFPR252CCD4H854S,TRUE,01JFG8YPFB4QWAE1J5AKFP27SX,11,65,0,/tangrams/74_392.png,/tangrams/74_392.png,12,11,"[""/tangrams/11_82.png"",""/tangrams/287_360.png"",""/tangrams/415_250.png"",""/tangrams/74_392.png""]"
01JFG9M8GCZRB96X2VV4R2NJY0,TRUE,01JFG8YPFB4QWAE1J5AKFP27SX,37,65,2,/tangrams/11_360.png,/tangrams/11_360.png,6,37,"[""/tangrams/74_250.png"",""/tangrams/287_82.png"",""/tangrams/11_360.png"",""/tangrams/415_392.png""]"
01JFGA8FJFJ00G49AXYA9FBG1M,FALSE,01JFG9ZJ9GEX6MPZ0HAKGHGQ29,29,65,1,/tangrams/128_267.png,/tangrams/170_267.png,14,29,"[""/tangrams/128_437.png"",""/tangrams/170_437.png"",""/tangrams/128_267.png"",""/tangrams/170_267.png""]"
01JFG9M8G89H4HHT0NQ64Z1KHK,TRUE,01JFG8YPFB4QWAE1J5AKFP27SX,23,65,1,/tangrams/74_392.png,/tangrams/74_392.png,8,23,"[""/tangrams/74_392.png"",""/tangrams/11_82.png"",""/tangrams/415_360.png"",""/tangrams/287_250.png""]"
01JFGAFG6AK19BAHA1FHJ949QQ,TRUE,01JFG8Z7EFJZW02VJSC7JSSAXB,56,65,3,/tangrams/309_228.png,/tangrams/309_228.png,9,56,"[""/tangrams/454_450.png"",""/tangrams/380_338.png"",""/tangrams/215_384.png"",""/tangrams/309_228.png""]"
01JFGAXKP9V3JAFQ3N2N6MED1W,TRUE,01JFG8Z9BQREF412YKSXPEAKSA,20,65,1,/tangrams/343_56.png,/tangrams/343_56.png,5,20,"[""/tangrams/258_166.png"",""/tangrams/195_180.png"",""/tangrams/241_347.png"",""/tangrams/343_56.png""]"
01JFGA4GSP7SQ0KZ8AG2NRS6JV,TRUE,01JFG8YYF8H0QD8W9TRHSGW7CC,26,65,1,/tangrams/462_371.png,/tangrams/462_371.png,11,26,"[""/tangrams/462_232.png"",""/tangrams/462_371.png"",""/tangrams/53_371.png"",""/tangrams/53_232.png""]"
01JFGAFG48EMKPGMS70P7MN93W,FALSE,01JFG8Z7EFJZW02VJSC7JSSAXB,46,65,2,/tangrams/358_214.png,/tangrams/215_384.png,15,46,"[""/tangrams/358_214.png"",""/tangrams/141_104.png"",""/tangrams/215_384.png"",""/tangrams/274_316.png""]"
01JFGAXKRE97FFVTCZMPWJK4T5,TRUE,01JFG8Z9BQREF412YKSXPEAKSA,30,65,1,/tangrams/258_56.png,/tangrams/258_56.png,15,30,"[""/tangrams/258_56.png"",""/tangrams/195_180.png"",""/tangrams/343_347.png"",""/tangrams/241_166.png""]"
01JFG9M8G9TDXS85C1PXGY93B8,TRUE,01JFG8YPFB4QWAE1J5AKFP27SX,34,65,2,/tangrams/287_82.png,/tangrams/287_82.png,3,34,"[""/tangrams/11_360.png"",""/tangrams/74_250.png"",""/tangrams/287_82.png"",""/tangrams/415_392.png""]"
01JFG9M8GGWYD27A386DB8CXK0,TRUE,01JFG8YPFB4QWAE1J5AKFP27SX,59,65,3,/tangrams/287_250.png,/tangrams/287_250.png,12,59,"[""/tangrams/287_250.png"",""/tangrams/415_82.png"",""/tangrams/74_360.png"",""/tangrams/11_392.png""]"
01JFGA4GSETX3NJAET473GBA58,FALSE,01JFG8YYF8H0QD8W9TRHSGW7CC,14,65,0,/tangrams/224_371.png,/tangrams/224_232.png,15,14,"[""/tangrams/224_371.png"",""/tangrams/170_371.png"",""/tangrams/170_232.png"",""/tangrams/224_232.png""]"
01JFGA4GSGK79ME7GQGRQ0N2SQ,FALSE,01JFG8YYF8H0QD8W9TRHSGW7CC,6,65,0,NA,/tangrams/53_232.png,7,6,"[""/tangrams/224_232.png"",""/tangrams/53_203.png"",""/tangrams/53_232.png"",""/tangrams/224_203.png""]"
01JFGB9AN76C24ZNZCV7G7YV6G,TRUE,01JFGA58DFG208NE3ZXZFARAF8,19,65,1,/tangrams/37_243.png,/tangrams/37_243.png,4,19,"[""/tangrams/37_243.png"",""/tangrams/37_36.png"",""/tangrams/182_243.png"",""/tangrams/182_36.png""]"
01JFGAXKK0PM39HHRNK4V6W9JP,TRUE,01JFG8Z9BQREF412YKSXPEAKSA,2,65,0,/tangrams/258_166.png,/tangrams/258_166.png,3,2,"[""/tangrams/343_347.png"",""/tangrams/241_180.png"",""/tangrams/258_166.png"",""/tangrams/195_56.png""]"
01JFGAXKSRZ29T171VC41E8BM1,TRUE,01JFG8Z9BQREF412YKSXPEAKSA,35,65,2,/tangrams/258_180.png,/tangrams/258_180.png,4,35,"[""/tangrams/195_166.png"",""/tangrams/258_180.png"",""/tangrams/343_347.png"",""/tangrams/241_56.png""]"
01JFGB9ATG23W9W9930QWDPRGQ,TRUE,01JFGA58DFG208NE3ZXZFARAF8,37,65,2,/tangrams/37_36.png,/tangrams/37_36.png,6,37,"[""/tangrams/37_36.png"",""/tangrams/436_36.png"",""/tangrams/37_272.png"",""/tangrams/436_272.png""]"
01JFGAXKWJ0WR0098YKCZWDAJR,TRUE,01JFG8Z9BQREF412YKSXPEAKSA,52,65,3,/tangrams/241_56.png,/tangrams/241_56.png,5,52,"[""/tangrams/241_56.png"",""/tangrams/343_166.png"",""/tangrams/258_347.png"",""/tangrams/195_180.png""]"
01JFGB9AHCQS1NA681ATJ8DWYE,TRUE,01JFGA58DFG208NE3ZXZFARAF8,17,65,1,/tangrams/47_36.png,/tangrams/47_36.png,2,17,"[""/tangrams/47_36.png"",""/tangrams/182_36.png"",""/tangrams/182_243.png"",""/tangrams/47_243.png""]"
01JFG9M8FWX6T857GV22NTBDF9,TRUE,01JFG8YPFB4QWAE1J5AKFP27SX,18,65,1,/tangrams/74_82.png,/tangrams/74_82.png,3,18,"[""/tangrams/287_360.png"",""/tangrams/11_392.png"",""/tangrams/74_82.png"",""/tangrams/415_250.png""]"
01JFGA4GTHVM5WF5YJNQ2VQ68A,TRUE,01JFG8YYF8H0QD8W9TRHSGW7CC,59,65,3,/tangrams/224_119.png,/tangrams/224_119.png,12,59,"[""/tangrams/224_203.png"",""/tangrams/53_119.png"",""/tangrams/53_203.png"",""/tangrams/224_119.png""]"
01JFGAFG1XTF1XF560K727AEKX,TRUE,01JFG8Z7EFJZW02VJSC7JSSAXB,35,65,2,/tangrams/454_450.png,/tangrams/454_450.png,4,35,"[""/tangrams/219_68.png"",""/tangrams/274_316.png"",""/tangrams/454_450.png"",""/tangrams/442_446.png""]"
01JFGA4GSN4J6A2WX6RX516MT8,TRUE,01JFG8YYF8H0QD8W9TRHSGW7CC,23,65,1,/tangrams/170_371.png,/tangrams/170_371.png,8,23,"[""/tangrams/170_203.png"",""/tangrams/170_371.png"",""/tangrams/224_371.png"",""/tangrams/224_203.png""]"
01JFGA4GT40DF6SK1PGPRTTDN2,TRUE,01JFG8YYF8H0QD8W9TRHSGW7CC,35,65,2,/tangrams/53_232.png,/tangrams/53_232.png,4,35,"[""/tangrams/53_232.png"",""/tangrams/170_232.png"",""/tangrams/53_119.png"",""/tangrams/170_119.png""]"
01JFGB9AK5BK114P57Z4PSWZKS,TRUE,01JFGA58DFG208NE3ZXZFARAF8,23,65,1,/tangrams/436_272.png,/tangrams/436_272.png,8,23,"[""/tangrams/436_272.png"",""/tangrams/182_272.png"",""/tangrams/436_36.png"",""/tangrams/182_36.png""]"
01JFGAXKZHNS01C35W0RYZXPKH,TRUE,01JFG8Z9BQREF412YKSXPEAKSA,62,65,3,/tangrams/258_180.png,/tangrams/258_180.png,15,62,"[""/tangrams/241_166.png"",""/tangrams/343_347.png"",""/tangrams/258_180.png"",""/tangrams/195_56.png""]"
01JFGB9B0RMKYN4TZ5CQDNWXXG,TRUE,01JFGA58DFG208NE3ZXZFARAF8,29,65,1,/tangrams/182_36.png,/tangrams/182_36.png,14,29,"[""/tangrams/47_36.png"",""/tangrams/47_243.png"",""/tangrams/182_243.png"",""/tangrams/182_36.png""]"
01JFG9M8G9TDXS85C1QVFHSGPT,TRUE,01JFG8YPFB4QWAE1J5AKFP27SX,35,65,2,/tangrams/74_392.png,/tangrams/74_392.png,4,35,"[""/tangrams/287_82.png"",""/tangrams/11_250.png"",""/tangrams/74_392.png"",""/tangrams/415_360.png""]"
01JFG9M8GMXDZ38DDTWAQN5ERQ,TRUE,01JFG8YPFB4QWAE1J5AKFP27SX,54,65,3,/tangrams/11_392.png,/tangrams/11_392.png,7,54,"[""/tangrams/11_392.png"",""/tangrams/415_82.png"",""/tangrams/287_250.png"",""/tangrams/74_360.png""]"
01JFGAXKVBY6VD93CND7YF4P92,TRUE,01JFG8Z9BQREF412YKSXPEAKSA,42,65,2,/tangrams/241_180.png,/tangrams/241_180.png,11,42,"[""/tangrams/343_166.png"",""/tangrams/258_56.png"",""/tangrams/195_347.png"",""/tangrams/241_180.png""]"
01JFGB9AREKKMPJK03M6A49JDJ,TRUE,01JFGA58DFG208NE3ZXZFARAF8,4,65,0,/tangrams/182_7.png,/tangrams/182_7.png,5,4,"[""/tangrams/182_272.png"",""/tangrams/436_7.png"",""/tangrams/182_7.png"",""/tangrams/436_272.png""]"
01JFGA4GS3QTACEE6G0EA9N9T5,TRUE,01JFG8YYF8H0QD8W9TRHSGW7CC,9,65,0,/tangrams/170_232.png,/tangrams/170_232.png,10,9,"[""/tangrams/170_232.png"",""/tangrams/53_232.png"",""/tangrams/53_203.png"",""/tangrams/170_203.png""]"
01JFGAFG58AMA448S2FDFQJN4J,TRUE,01JFG8Z7EFJZW02VJSC7JSSAXB,51,65,3,/tangrams/125_148.png,/tangrams/125_148.png,4,51,"[""/tangrams/93_45.png"",""/tangrams/309_228.png"",""/tangrams/380_338.png"",""/tangrams/125_148.png""]"
01JFGAXKWYBC5T4HW1MWQP1HQH,TRUE,01JFG8Z9BQREF412YKSXPEAKSA,54,65,3,/tangrams/195_166.png,/tangrams/195_166.png,7,54,"[""/tangrams/258_347.png"",""/tangrams/343_180.png"",""/tangrams/241_56.png"",""/tangrams/195_166.png""]"
01JFG9M8G110580C126B2KHNN7,TRUE,01JFG8YPFB4QWAE1J5AKFP27SX,20,65,1,/tangrams/11_360.png,/tangrams/11_360.png,5,20,"[""/tangrams/74_392.png"",""/tangrams/415_250.png"",""/tangrams/11_360.png"",""/tangrams/287_82.png""]"
01JFGAFFZMWKRVZ8VRB3WSSJ3H,TRUE,01JFG8Z7EFJZW02VJSC7JSSAXB,21,65,1,/tangrams/219_68.png,/tangrams/219_68.png,6,21,"[""/tangrams/287_238.png"",""/tangrams/400_193.png"",""/tangrams/219_68.png"",""/tangrams/93_45.png""]"
01JFGAFG1FGJZ65KSMMQRAVTM1,TRUE,01JFG8Z7EFJZW02VJSC7JSSAXB,33,65,2,/tangrams/117_24.png,/tangrams/117_24.png,2,33,"[""/tangrams/117_24.png"",""/tangrams/141_104.png"",""/tangrams/442_446.png"",""/tangrams/63_116.png""]"
01JFGA4GTDACTDQTRYBMPTNQEQ,TRUE,01JFG8YYF8H0QD8W9TRHSGW7CC,62,65,3,/tangrams/170_371.png,/tangrams/170_371.png,15,62,"[""/tangrams/462_371.png"",""/tangrams/170_371.png"",""/tangrams/462_232.png"",""/tangrams/170_232.png""]"
01JFGAFG3KHC5QCT73W86QFJRE,TRUE,01JFG8Z7EFJZW02VJSC7JSSAXB,44,65,2,/tangrams/442_446.png,/tangrams/442_446.png,13,44,"[""/tangrams/26_122.png"",""/tangrams/93_45.png"",""/tangrams/380_338.png"",""/tangrams/442_446.png""]"
01JFGAXKVG1CARQR2HZTWVDJS6,TRUE,01JFG8Z9BQREF412YKSXPEAKSA,43,65,2,/tangrams/343_166.png,/tangrams/343_166.png,12,43,"[""/tangrams/195_56.png"",""/tangrams/258_347.png"",""/tangrams/241_180.png"",""/tangrams/343_166.png""]"
01JFGAXKKZYMRVDFPHM53Z55Z4,TRUE,01JFG8Z9BQREF412YKSXPEAKSA,1,65,0,/tangrams/195_166.png,/tangrams/195_166.png,2,1,"[""/tangrams/195_166.png"",""/tangrams/241_56.png"",""/tangrams/258_347.png"",""/tangrams/343_180.png""]"
01JFG9M8HSRJBCW5VBJ75ZX4KX,TRUE,01JFG8YPFB4QWAE1J5AKFP27SX,63,65,3,/tangrams/287_392.png,/tangrams/287_392.png,16,63,"[""/tangrams/11_360.png"",""/tangrams/287_392.png"",""/tangrams/415_82.png"",""/tangrams/74_250.png""]"
01JFGA6DGDJ07TN4NRDP0KWTJR,TRUE,01JFG8ZHV16RJMZXAMJCSCC8YH,57,65,3,/tangrams/227_425.png,/tangrams/227_425.png,10,57,"[""/tangrams/227_346.png"",""/tangrams/22_425.png"",""/tangrams/227_425.png"",""/tangrams/22_346.png""]"
01JFGA8FGSGTN64HFMAWK62VNG,NA,01JFG9ZJ9GEX6MPZ0HAKGHGQ29,42,65,2,NA,/tangrams/97_267.png,11,42,"[""/tangrams/97_267.png"",""/tangrams/97_437.png"",""/tangrams/170_437.png"",""/tangrams/170_267.png""]"
01JFGAFFY1YBF373Z4ZFKAB0QA,TRUE,01JFG8Z7EFJZW02VJSC7JSSAXB,11,65,0,/tangrams/380_338.png,/tangrams/380_338.png,12,11,"[""/tangrams/380_338.png"",""/tangrams/125_148.png"",""/tangrams/400_193.png"",""/tangrams/287_238.png""]"
01JFGAFG644P699Q37ABAFGBH1,TRUE,01JFG8Z7EFJZW02VJSC7JSSAXB,55,65,3,/tangrams/63_116.png,/tangrams/63_116.png,8,55,"[""/tangrams/287_238.png"",""/tangrams/125_148.png"",""/tangrams/63_116.png"",""/tangrams/400_193.png""]"
01JFGB9AEQCFXVPWARMN65Z48F,TRUE,01JFGA58DFG208NE3ZXZFARAF8,11,65,0,/tangrams/47_36.png,/tangrams/47_36.png,12,11,"[""/tangrams/182_7.png"",""/tangrams/47_36.png"",""/tangrams/47_7.png"",""/tangrams/182_36.png""]"
01JFGB9B062FS4JM9GRC2AYC5K,TRUE,01JFGA58DFG208NE3ZXZFARAF8,31,65,1,/tangrams/182_243.png,/tangrams/182_243.png,16,31,"[""/tangrams/182_243.png"",""/tangrams/37_243.png"",""/tangrams/37_7.png"",""/tangrams/182_7.png""]"
01JFGA4GS986NMMPM3KD047478,TRUE,01JFG8YYF8H0QD8W9TRHSGW7CC,17,65,1,/tangrams/53_119.png,/tangrams/53_119.png,2,17,"[""/tangrams/170_371.png"",""/tangrams/170_119.png"",""/tangrams/53_371.png"",""/tangrams/53_119.png""]"
01JFGA4GT7BPHMT7N1H3SNQ4H2,TRUE,01JFG8YYF8H0QD8W9TRHSGW7CC,41,65,2,/tangrams/462_203.png,/tangrams/462_203.png,10,41,"[""/tangrams/170_203.png"",""/tangrams/170_119.png"",""/tangrams/462_119.png"",""/tangrams/462_203.png""]"
01JFGA6DCBE8P4WD6BW6148K16,FALSE,01JFG8ZHV16RJMZXAMJCSCC8YH,19,65,1,/tangrams/232_321.png,/tangrams/22_425.png,4,19,"[""/tangrams/232_425.png"",""/tangrams/232_321.png"",""/tangrams/22_425.png"",""/tangrams/22_321.png""]"
01JFGA8FHWTW0DSS0F18ZD90ZY,NA,01JFG9ZJ9GEX6MPZ0HAKGHGQ29,48,65,3,NA,/tangrams/170_79.png,1,48,"[""/tangrams/170_79.png"",""/tangrams/128_79.png"",""/tangrams/170_437.png"",""/tangrams/128_437.png""]"
01JFGA8FHEJXJ12P9MW2Y72RC9,NA,01JFG9ZJ9GEX6MPZ0HAKGHGQ29,39,65,2,NA,/tangrams/311_324.png,8,39,"[""/tangrams/311_267.png"",""/tangrams/128_324.png"",""/tangrams/311_324.png"",""/tangrams/128_267.png""]"
01JFGAFG22NG9GD6WAMQHP71XK,TRUE,01JFG8Z7EFJZW02VJSC7JSSAXB,34,65,2,/tangrams/380_338.png,/tangrams/380_338.png,3,34,"[""/tangrams/117_24.png"",""/tangrams/380_338.png"",""/tangrams/141_104.png"",""/tangrams/358_214.png""]"
01JFGA6DAKY4P2VZ54552KNV2T,TRUE,01JFG8ZHV16RJMZXAMJCSCC8YH,3,65,0,/tangrams/22_425.png,/tangrams/22_425.png,4,3,"[""/tangrams/22_425.png"",""/tangrams/227_425.png"",""/tangrams/227_448.png"",""/tangrams/22_448.png""]"
01JFGAFG5ZTWTW3WGABBAXR2EE,TRUE,01JFG8Z7EFJZW02VJSC7JSSAXB,54,65,3,/tangrams/358_214.png,/tangrams/358_214.png,7,54,"[""/tangrams/358_214.png"",""/tangrams/380_338.png"",""/tangrams/125_148.png"",""/tangrams/309_228.png""]"
01JFGA4GS2EGJQVFMRHR7E12P0,TRUE,01JFG8YYF8H0QD8W9TRHSGW7CC,32,65,2,/tangrams/170_232.png,/tangrams/170_232.png,1,32,"[""/tangrams/170_232.png"",""/tangrams/170_119.png"",""/tangrams/462_232.png"",""/tangrams/462_119.png""]"
01JFGAXKTZ1TRF0S2ARWRG7H50,TRUE,01JFG8Z9BQREF412YKSXPEAKSA,40,65,2,/tangrams/195_180.png,/tangrams/195_180.png,9,40,"[""/tangrams/258_56.png"",""/tangrams/343_166.png"",""/tangrams/195_180.png"",""/tangrams/241_347.png""]"
01JFGB9AD5KNBJWNXWA0RCGSW7,FALSE,01JFGA58DFG208NE3ZXZFARAF8,1,65,0,/tangrams/182_272.png,/tangrams/47_272.png,2,1,"[""/tangrams/47_272.png"",""/tangrams/47_7.png"",""/tangrams/182_272.png"",""/tangrams/182_7.png""]"
01JFG9M8G4M5D37EQABH1BDRJ3,TRUE,01JFG8YPFB4QWAE1J5AKFP27SX,31,65,1,/tangrams/287_360.png,/tangrams/287_360.png,16,31,"[""/tangrams/415_392.png"",""/tangrams/287_360.png"",""/tangrams/74_82.png"",""/tangrams/11_250.png""]"
01JFGA4GSXDGZFGP9H0DQKDDMC,TRUE,01JFG8YYF8H0QD8W9TRHSGW7CC,3,65,0,/tangrams/224_371.png,/tangrams/224_371.png,4,3,"[""/tangrams/462_371.png"",""/tangrams/224_232.png"",""/tangrams/224_371.png"",""/tangrams/462_232.png""]"
01JFGA8FJK1K15QP9XJHFFW9FQ,NA,01JFG9ZJ9GEX6MPZ0HAKGHGQ29,59,65,3,NA,/tangrams/311_324.png,12,59,"[""/tangrams/311_267.png"",""/tangrams/311_324.png"",""/tangrams/128_324.png"",""/tangrams/128_267.png""]"
01JFGA6DCY43M0A2VFK0DVM2H3,TRUE,01JFG8ZHV16RJMZXAMJCSCC8YH,28,65,1,/tangrams/227_321.png,/tangrams/227_321.png,13,28,"[""/tangrams/22_346.png"",""/tangrams/227_321.png"",""/tangrams/22_321.png"",""/tangrams/227_346.png""]"
01JFGA8FHZPF3PBVKJSS6HGK5K,NA,01JFG9ZJ9GEX6MPZ0HAKGHGQ29,41,65,2,NA,/tangrams/97_437.png,10,41,"[""/tangrams/97_437.png"",""/tangrams/97_324.png"",""/tangrams/170_324.png"",""/tangrams/170_437.png""]"
01JFGA8FJBRVEX9QT3P0Q937J7,NA,01JFG9ZJ9GEX6MPZ0HAKGHGQ29,52,65,3,NA,/tangrams/97_324.png,5,52,"[""/tangrams/170_324.png"",""/tangrams/97_324.png"",""/tangrams/97_79.png"",""/tangrams/170_79.png""]"
01JFGAXKR9HY0JTP19G1K3WS9B,TRUE,01JFG8Z9BQREF412YKSXPEAKSA,29,65,1,/tangrams/241_56.png,/tangrams/241_56.png,14,29,"[""/tangrams/195_347.png"",""/tangrams/258_166.png"",""/tangrams/343_180.png"",""/tangrams/241_56.png""]"
01JFG9M8GD2P0KXHPNF6AF711Q,TRUE,01JFG8YPFB4QWAE1J5AKFP27SX,38,65,2,/tangrams/415_82.png,/tangrams/415_82.png,7,38,"[""/tangrams/415_82.png"",""/tangrams/11_360.png"",""/tangrams/287_392.png"",""/tangrams/74_250.png""]"
01JFG9M8GVH7K7HGNMM69NKEY3,TRUE,01JFG8YPFB4QWAE1J5AKFP27SX,48,65,3,/tangrams/287_360.png,/tangrams/287_360.png,1,48,"[""/tangrams/74_250.png"",""/tangrams/415_82.png"",""/tangrams/287_360.png"",""/tangrams/11_392.png""]"
01JFGA4GSDJBVB2PAG3VKF3AMA,TRUE,01JFG8YYF8H0QD8W9TRHSGW7CC,19,65,1,/tangrams/224_232.png,/tangrams/224_232.png,4,19,"[""/tangrams/53_232.png"",""/tangrams/53_371.png"",""/tangrams/224_371.png"",""/tangrams/224_232.png""]"
01JFGA6DCD3RWWV8M71QDMGY71,TRUE,01JFG8ZHV16RJMZXAMJCSCC8YH,20,65,1,/tangrams/232_346.png,/tangrams/232_346.png,5,20,"[""/tangrams/413_448.png"",""/tangrams/232_448.png"",""/tangrams/413_346.png"",""/tangrams/232_346.png""]"
01JFGB9AFGSFCBXHA7G0G87BFB,FALSE,01JFGA58DFG208NE3ZXZFARAF8,8,65,0,/tangrams/182_36.png,/tangrams/182_243.png,9,8,"[""/tangrams/182_243.png"",""/tangrams/182_36.png"",""/tangrams/47_36.png"",""/tangrams/47_243.png""]"
01JFGA6DDXYSRTVMD3KM9VA4M2,TRUE,01JFG8ZHV16RJMZXAMJCSCC8YH,39,65,2,/tangrams/227_448.png,/tangrams/227_448.png,8,39,"[""/tangrams/232_448.png"",""/tangrams/232_346.png"",""/tangrams/227_346.png"",""/tangrams/227_448.png""]"
01JFGA8FE3FSWA0V179JJHS7FN,FALSE,01JFG9ZJ9GEX6MPZ0HAKGHGQ29,14,65,0,/tangrams/170_79.png,/tangrams/128_79.png,15,14,"[""/tangrams/128_324.png"",""/tangrams/170_79.png"",""/tangrams/128_79.png"",""/tangrams/170_324.png""]"
01JFGB9B3S4EMVFAB84JVR3MT7,TRUE,01JFGA58DFG208NE3ZXZFARAF8,56,65,3,/tangrams/47_243.png,/tangrams/47_243.png,9,56,"[""/tangrams/182_7.png"",""/tangrams/47_243.png"",""/tangrams/47_7.png"",""/tangrams/182_243.png""]"
01JFGAXKW54T3N26JK74QR8H42,TRUE,01JFG8Z9BQREF412YKSXPEAKSA,47,65,2,/tangrams/195_347.png,/tangrams/195_347.png,16,47,"[""/tangrams/343_180.png"",""/tangrams/195_347.png"",""/tangrams/241_166.png"",""/tangrams/258_56.png""]"
01JFG9M8FZ68RTCA40TK2J60WS,TRUE,01JFG8YPFB4QWAE1J5AKFP27SX,26,65,1,/tangrams/11_82.png,/tangrams/11_82.png,11,26,"[""/tangrams/287_392.png"",""/tangrams/415_250.png"",""/tangrams/74_360.png"",""/tangrams/11_82.png""]"
01JFGA4GRJY4B94NWZJHB0FXEJ,TRUE,01JFG8YYF8H0QD8W9TRHSGW7CC,5,65,0,/tangrams/462_119.png,/tangrams/462_119.png,6,5,"[""/tangrams/53_203.png"",""/tangrams/462_203.png"",""/tangrams/53_119.png"",""/tangrams/462_119.png""]"
01JFGAFFYMN3PAR0AD6EHCF76D,TRUE,01JFG8Z7EFJZW02VJSC7JSSAXB,14,65,0,/tangrams/63_116.png,/tangrams/63_116.png,15,14,"[""/tangrams/63_116.png"",""/tangrams/26_122.png"",""/tangrams/400_193.png"",""/tangrams/380_338.png""]"
01JFGB9AHZ78TJ9S23G7ZSQ7A4,TRUE,01JFGA58DFG208NE3ZXZFARAF8,16,65,1,/tangrams/182_7.png,/tangrams/182_7.png,1,16,"[""/tangrams/37_243.png"",""/tangrams/37_7.png"",""/tangrams/182_7.png"",""/tangrams/182_243.png""]"
01JFGAFFW7QYST56Z1J9T1Z5PF,TRUE,01JFG8Z7EFJZW02VJSC7JSSAXB,2,65,0,/tangrams/117_24.png,/tangrams/117_24.png,3,2,"[""/tangrams/400_193.png"",""/tangrams/380_338.png"",""/tangrams/93_45.png"",""/tangrams/117_24.png""]"
01JFGAFG1BM8N16G4N0BK8H23Q,TRUE,01JFG8Z7EFJZW02VJSC7JSSAXB,32,65,2,/tangrams/141_104.png,/tangrams/141_104.png,1,32,"[""/tangrams/274_316.png"",""/tangrams/454_450.png"",""/tangrams/141_104.png"",""/tangrams/125_148.png""]"
01JFGAXKN8ZV3SG6REGQ4KW337,FALSE,01JFG8Z9BQREF412YKSXPEAKSA,12,65,0,/tangrams/343_166.png,/tangrams/241_347.png,13,12,"[""/tangrams/258_56.png"",""/tangrams/343_166.png"",""/tangrams/195_180.png"",""/tangrams/241_347.png""]"
01JFGA8FECF3KCT25C31VCBW0F,NA,01JFG9ZJ9GEX6MPZ0HAKGHGQ29,33,65,2,NA,/tangrams/97_324.png,2,33,"[""/tangrams/311_79.png"",""/tangrams/97_324.png"",""/tangrams/97_79.png"",""/tangrams/311_324.png""]"
01JFGAFG0348ZGG5VSXZ8M0QCZ,TRUE,01JFG8Z7EFJZW02VJSC7JSSAXB,24,65,1,/tangrams/26_122.png,/tangrams/26_122.png,9,24,"[""/tangrams/26_122.png"",""/tangrams/287_238.png"",""/tangrams/63_116.png"",""/tangrams/117_24.png""]"
01JFGA4GTFQATH9CWQ0NARZJMX,TRUE,01JFG8YYF8H0QD8W9TRHSGW7CC,58,65,3,/tangrams/462_119.png,/tangrams/462_119.png,11,58,"[""/tangrams/462_371.png"",""/tangrams/462_119.png"",""/tangrams/53_371.png"",""/tangrams/53_119.png""]"
01JFGA6DCKJVS2PBK1Z3WTE2T3,TRUE,01JFG8ZHV16RJMZXAMJCSCC8YH,23,65,1,/tangrams/232_448.png,/tangrams/232_448.png,8,23,"[""/tangrams/227_321.png"",""/tangrams/227_448.png"",""/tangrams/232_321.png"",""/tangrams/232_448.png""]"
01JFGA6DGGYH7CE298JHGB6BNH,FALSE,01JFG8ZHV16RJMZXAMJCSCC8YH,44,65,2,/tangrams/227_425.png,/tangrams/227_321.png,13,44,"[""/tangrams/227_425.png"",""/tangrams/413_321.png"",""/tangrams/413_425.png"",""/tangrams/227_321.png""]"
01JFGA6DFG3DJPD5YMV0AVR50M,FALSE,01JFG8ZHV16RJMZXAMJCSCC8YH,54,65,3,NA,/tangrams/232_425.png,7,54,"[""/tangrams/413_425.png"",""/tangrams/232_425.png"",""/tangrams/232_321.png"",""/tangrams/413_321.png""]"
01JFGA6DGAXQ041P43SZR0DNXZ,TRUE,01JFG8ZHV16RJMZXAMJCSCC8YH,59,65,3,/tangrams/232_448.png,/tangrams/232_448.png,12,59,"[""/tangrams/232_321.png"",""/tangrams/232_448.png"",""/tangrams/22_321.png"",""/tangrams/22_448.png""]"
01JFGB9AQX94DG7ARRWYV91WYA,TRUE,01JFGA58DFG208NE3ZXZFARAF8,24,65,1,/tangrams/37_7.png,/tangrams/37_7.png,9,24,"[""/tangrams/37_243.png"",""/tangrams/47_243.png"",""/tangrams/47_7.png"",""/tangrams/37_7.png""]"
01JFGA8FBSAA53YW63C0A245R6,FALSE,01JFG9ZJ9GEX6MPZ0HAKGHGQ29,2,65,0,NA,/tangrams/311_267.png,3,2,"[""/tangrams/311_267.png"",""/tangrams/170_437.png"",""/tangrams/170_267.png"",""/tangrams/311_437.png""]"
01JFGA8FHME8RZ20SRH8KVD24V,NA,01JFG9ZJ9GEX6MPZ0HAKGHGQ29,61,65,3,NA,/tangrams/128_79.png,14,61,"[""/tangrams/128_437.png"",""/tangrams/311_437.png"",""/tangrams/128_79.png"",""/tangrams/311_79.png""]"
01JFGA8FCCGDP0JX1GTY10PPW2,TRUE,01JFG9ZJ9GEX6MPZ0HAKGHGQ29,5,65,0,/tangrams/97_437.png,/tangrams/97_437.png,6,5,"[""/tangrams/97_437.png"",""/tangrams/170_267.png"",""/tangrams/170_437.png"",""/tangrams/97_267.png""]"
01JFGAFG79QT869611SXFBGDP1,TRUE,01JFG8Z7EFJZW02VJSC7JSSAXB,63,65,3,/tangrams/287_238.png,/tangrams/287_238.png,16,63,"[""/tangrams/117_24.png"",""/tangrams/380_338.png"",""/tangrams/309_228.png"",""/tangrams/287_238.png""]"
01JFGA8FEJAR25309SMAHMEM5Z,TRUE,01JFG9ZJ9GEX6MPZ0HAKGHGQ29,17,65,1,/tangrams/170_437.png,/tangrams/170_437.png,2,17,"[""/tangrams/170_79.png"",""/tangrams/128_79.png"",""/tangrams/170_437.png"",""/tangrams/128_437.png""]"
01JFGAFFXRYK968KDJDB8FHBAS,TRUE,01JFG8Z7EFJZW02VJSC7JSSAXB,9,65,0,/tangrams/309_228.png,/tangrams/309_228.png,10,9,"[""/tangrams/219_68.png"",""/tangrams/309_228.png"",""/tangrams/454_450.png"",""/tangrams/215_384.png""]"
01JFG9M8FS05PN5Z50ZEAZ97HH,TRUE,01JFG8YPFB4QWAE1J5AKFP27SX,7,65,0,/tangrams/415_82.png,/tangrams/415_82.png,8,7,"[""/tangrams/415_82.png"",""/tangrams/74_250.png"",""/tangrams/11_392.png"",""/tangrams/287_360.png""]"
01JFGA4GT01TDNVA7ADJN1X0SA,TRUE,01JFG8YYF8H0QD8W9TRHSGW7CC,51,65,3,/tangrams/462_371.png,/tangrams/462_371.png,4,51,"[""/tangrams/53_203.png"",""/tangrams/462_371.png"",""/tangrams/53_371.png"",""/tangrams/462_203.png""]"
01JFGA6DE63SD8Z1AN1BPF9TGJ,TRUE,01JFG8ZHV16RJMZXAMJCSCC8YH,42,65,2,/tangrams/22_321.png,/tangrams/22_321.png,11,42,"[""/tangrams/413_425.png"",""/tangrams/22_321.png"",""/tangrams/413_321.png"",""/tangrams/22_425.png""]"
01JFG9M8FQ1H9Z4BHF5BE3JCN7,TRUE,01JFG8YPFB4QWAE1J5AKFP27SX,4,65,0,/tangrams/11_82.png,/tangrams/11_82.png,5,4,"[""/tangrams/415_360.png"",""/tangrams/287_250.png"",""/tangrams/74_392.png"",""/tangrams/11_82.png""]"
01JFG9M8GF5BZCBRP1J8VMWJK6,TRUE,01JFG8YPFB4QWAE1J5AKFP27SX,53,65,3,/tangrams/11_250.png,/tangrams/11_250.png,6,53,"[""/tangrams/11_250.png"",""/tangrams/287_360.png"",""/tangrams/415_82.png"",""/tangrams/74_392.png""]"
01JFGAFFYQPFZYDV9XPX8M7T30,TRUE,01JFG8Z7EFJZW02VJSC7JSSAXB,16,65,1,/tangrams/287_238.png,/tangrams/287_238.png,1,16,"[""/tangrams/287_238.png"",""/tangrams/442_446.png"",""/tangrams/125_148.png"",""/tangrams/380_338.png""]"
01JFG9M8G0XVADYKVTPEK6HYM9,TRUE,01JFG8YPFB4QWAE1J5AKFP27SX,21,65,1,/tangrams/415_82.png,/tangrams/415_82.png,6,21,"[""/tangrams/415_82.png"",""/tangrams/11_250.png"",""/tangrams/74_392.png"",""/tangrams/287_360.png""]"
01JFGB9AP83PWZN66NDMR4HTVD,TRUE,01JFGA58DFG208NE3ZXZFARAF8,18,65,1,/tangrams/436_243.png,/tangrams/436_243.png,3,18,"[""/tangrams/436_272.png"",""/tangrams/47_243.png"",""/tangrams/47_272.png"",""/tangrams/436_243.png""]"
01JFGB9AVP1THZFDEA1MR80RYN,TRUE,01JFGA58DFG208NE3ZXZFARAF8,52,65,3,/tangrams/47_7.png,/tangrams/47_7.png,5,52,"[""/tangrams/47_7.png"",""/tangrams/47_243.png"",""/tangrams/37_7.png"",""/tangrams/37_243.png""]"
01JFGA8FK1BWY3EYYM41HH10CH,NA,01JFG9ZJ9GEX6MPZ0HAKGHGQ29,45,65,2,NA,/tangrams/128_267.png,14,45,"[""/tangrams/170_437.png"",""/tangrams/128_437.png"",""/tangrams/128_267.png"",""/tangrams/170_267.png""]"
01JFGB9ATW7S19AAEQ18ESWMJ6,TRUE,01JFGA58DFG208NE3ZXZFARAF8,45,65,2,/tangrams/182_272.png,/tangrams/182_272.png,14,45,"[""/tangrams/47_7.png"",""/tangrams/182_272.png"",""/tangrams/182_7.png"",""/tangrams/47_272.png""]"
01JFGA6DG08YVRCP5NBAGYZ96X,TRUE,01JFG8ZHV16RJMZXAMJCSCC8YH,63,65,3,/tangrams/232_346.png,/tangrams/232_346.png,16,63,"[""/tangrams/232_448.png"",""/tangrams/22_346.png"",""/tangrams/232_346.png"",""/tangrams/22_448.png""]"
01JFGA8FK4KWKMCCKNG04PZF70,TRUE,01JFG9ZJ9GEX6MPZ0HAKGHGQ29,31,65,1,/tangrams/97_324.png,/tangrams/97_324.png,16,31,"[""/tangrams/97_267.png"",""/tangrams/97_324.png"",""/tangrams/128_267.png"",""/tangrams/128_324.png""]"
01JFGAXKJTERR94HZ2PE9PD3Z2,FALSE,01JFG8Z9BQREF412YKSXPEAKSA,0,65,0,/tangrams/241_180.png,/tangrams/343_56.png,1,0,"[""/tangrams/195_166.png"",""/tangrams/343_56.png"",""/tangrams/241_180.png"",""/tangrams/258_347.png""]"
01JFGB9ADTYYNAR2SXKP5E44DK,TRUE,01JFGA58DFG208NE3ZXZFARAF8,2,65,0,/tangrams/436_7.png,/tangrams/436_7.png,3,2,"[""/tangrams/436_272.png"",""/tangrams/182_7.png"",""/tangrams/436_7.png"",""/tangrams/182_272.png""]"
01JFGB9AT8T5MFD122MM49VVHZ,TRUE,01JFGA58DFG208NE3ZXZFARAF8,40,65,2,/tangrams/37_272.png,/tangrams/37_272.png,9,40,"[""/tangrams/47_243.png"",""/tangrams/37_272.png"",""/tangrams/47_272.png"",""/tangrams/37_243.png""]"
01JFGB9AW0JXBGAVW38AGDBBSW,TRUE,01JFGA58DFG208NE3ZXZFARAF8,44,65,2,/tangrams/47_7.png,/tangrams/47_7.png,13,44,"[""/tangrams/47_243.png"",""/tangrams/436_243.png"",""/tangrams/47_7.png"",""/tangrams/436_7.png""]"
01JFGA8FEXD3HT4A6KP651HX5N,TRUE,01JFG9ZJ9GEX6MPZ0HAKGHGQ29,19,65,1,/tangrams/311_324.png,/tangrams/311_324.png,4,19,"[""/tangrams/311_437.png"",""/tangrams/311_324.png"",""/tangrams/170_324.png"",""/tangrams/170_437.png""]"
01JFGAXKWRGRR1QMM5RYWF2R0K,TRUE,01JFG8Z9BQREF412YKSXPEAKSA,51,65,3,/tangrams/258_347.png,/tangrams/258_347.png,4,51,"[""/tangrams/343_56.png"",""/tangrams/258_347.png"",""/tangrams/241_166.png"",""/tangrams/195_180.png""]"
01JFGAXKYX3KCX0HESKCFEF4MM,TRUE,01JFG8Z9BQREF412YKSXPEAKSA,61,65,3,/tangrams/241_166.png,/tangrams/241_166.png,14,61,"[""/tangrams/241_166.png"",""/tangrams/258_347.png"",""/tangrams/343_56.png"",""/tangrams/195_180.png""]"
01JFGAXKQN49RM9PPNQRWR6GQR,TRUE,01JFG8Z9BQREF412YKSXPEAKSA,27,65,1,/tangrams/195_347.png,/tangrams/195_347.png,12,27,"[""/tangrams/241_166.png"",""/tangrams/343_180.png"",""/tangrams/195_347.png"",""/tangrams/258_56.png""]"
01JFGA8FGPJB2NFA95VAFGB2ZD,NA,01JFG9ZJ9GEX6MPZ0HAKGHGQ29,57,65,3,NA,/tangrams/128_324.png,10,57,"[""/tangrams/97_324.png"",""/tangrams/128_324.png"",""/tangrams/97_79.png"",""/tangrams/128_79.png""]"
01JFGAFFWRH40QAH0ANHJJXTTS,TRUE,01JFG8Z7EFJZW02VJSC7JSSAXB,5,65,0,/tangrams/442_446.png,/tangrams/442_446.png,6,5,"[""/tangrams/442_446.png"",""/tangrams/287_238.png"",""/tangrams/26_122.png"",""/tangrams/454_450.png""]"
01JFGB9AMXWDSXZ5TKRSVHR4PN,TRUE,01JFGA58DFG208NE3ZXZFARAF8,14,65,0,/tangrams/182_36.png,/tangrams/182_36.png,15,14,"[""/tangrams/47_36.png"",""/tangrams/182_36.png"",""/tangrams/47_7.png"",""/tangrams/182_7.png""]"
01JFGB9ASAYFE6BC55RK2RYH0F,TRUE,01JFGA58DFG208NE3ZXZFARAF8,41,65,2,/tangrams/182_7.png,/tangrams/182_7.png,10,41,"[""/tangrams/182_7.png"",""/tangrams/47_7.png"",""/tangrams/182_243.png"",""/tangrams/47_243.png""]"
01JFG9M8GQJ76P6WNJV9ZT83ZN,TRUE,01JFG8YPFB4QWAE1J5AKFP27SX,46,65,2,/tangrams/11_392.png,/tangrams/11_392.png,15,46,"[""/tangrams/74_250.png"",""/tangrams/11_392.png"",""/tangrams/415_360.png"",""/tangrams/287_82.png""]"
01JFGA4GT1K53P7J42NZJZB707,TRUE,01JFG8YYF8H0QD8W9TRHSGW7CC,39,65,2,/tangrams/170_371.png,/tangrams/170_371.png,8,39,"[""/tangrams/462_119.png"",""/tangrams/462_371.png"",""/tangrams/170_371.png"",""/tangrams/170_119.png""]"
01JFGA8FDG12XMKWAMRY6TQV78,FALSE,01JFG9ZJ9GEX6MPZ0HAKGHGQ29,10,65,0,/tangrams/170_437.png,/tangrams/170_324.png,11,10,"[""/tangrams/170_324.png"",""/tangrams/170_437.png"",""/tangrams/97_324.png"",""/tangrams/97_437.png""]"
01JFG9M8G89H4HHT0NQXN3PV0J,TRUE,01JFG8YPFB4QWAE1J5AKFP27SX,33,65,2,/tangrams/415_250.png,/tangrams/415_250.png,2,33,"[""/tangrams/74_392.png"",""/tangrams/415_250.png"",""/tangrams/287_82.png"",""/tangrams/11_360.png""]"
01JFGA8FFSZJ1E2R7Z4SGJBANT,TRUE,01JFG9ZJ9GEX6MPZ0HAKGHGQ29,24,65,1,/tangrams/311_79.png,/tangrams/311_79.png,9,24,"[""/tangrams/97_267.png"",""/tangrams/311_267.png"",""/tangrams/311_79.png"",""/tangrams/97_79.png""]"
01JFGA6DG29JGG8PP6FRCCH5SD,TRUE,01JFG8ZHV16RJMZXAMJCSCC8YH,62,65,3,/tangrams/22_321.png,/tangrams/22_321.png,15,62,"[""/tangrams/232_321.png"",""/tangrams/22_321.png"",""/tangrams/232_346.png"",""/tangrams/22_346.png""]"
01JFGA6DG55AFSDC9XBKGQAQNV,TRUE,01JFG8ZHV16RJMZXAMJCSCC8YH,56,65,3,/tangrams/227_321.png,/tangrams/227_321.png,9,56,"[""/tangrams/227_321.png"",""/tangrams/232_346.png"",""/tangrams/232_321.png"",""/tangrams/227_346.png""]"
01JFGAFFXA072DPCF44DA19CAC,FALSE,01JFG8Z7EFJZW02VJSC7JSSAXB,8,65,0,/tangrams/442_446.png,/tangrams/93_45.png,9,8,"[""/tangrams/93_45.png"",""/tangrams/442_446.png"",""/tangrams/380_338.png"",""/tangrams/274_316.png""]"
01JFGAXKZTXE3K5RQXSBH6F3M7,TRUE,01JFG8Z9BQREF412YKSXPEAKSA,63,65,3,/tangrams/241_347.png,/tangrams/241_347.png,16,63,"[""/tangrams/195_56.png"",""/tangrams/343_166.png"",""/tangrams/258_180.png"",""/tangrams/241_347.png""]"
01JFGA4GS0G44SSXX8MB65CMH5,TRUE,01JFG8YYF8H0QD8W9TRHSGW7CC,12,65,0,/tangrams/462_232.png,/tangrams/462_232.png,13,12,"[""/tangrams/224_203.png"",""/tangrams/224_232.png"",""/tangrams/462_203.png"",""/tangrams/462_232.png""]"
01JFGA4GTGM9YZZYN04EFHNYC3,TRUE,01JFG8YYF8H0QD8W9TRHSGW7CC,56,65,3,/tangrams/53_232.png,/tangrams/53_232.png,9,56,"[""/tangrams/224_371.png"",""/tangrams/224_232.png"",""/tangrams/53_232.png"",""/tangrams/53_371.png""]"
01JFGA6DAVEWNQJ6704GNHEFC0,FALSE,01JFG8ZHV16RJMZXAMJCSCC8YH,6,65,0,/tangrams/413_346.png,/tangrams/22_346.png,7,6,"[""/tangrams/413_346.png"",""/tangrams/22_448.png"",""/tangrams/22_346.png"",""/tangrams/413_448.png""]"
01JFGAFG5P4SXF1C97J6J44S20,FALSE,01JFG8Z7EFJZW02VJSC7JSSAXB,53,65,3,/tangrams/400_193.png,/tangrams/117_24.png,6,53,"[""/tangrams/358_214.png"",""/tangrams/400_193.png"",""/tangrams/454_450.png"",""/tangrams/117_24.png""]"
01JFGAFG6M7D7PF56TAHE7Z7Y9,TRUE,01JFG8Z7EFJZW02VJSC7JSSAXB,57,65,3,/tangrams/454_450.png,/tangrams/454_450.png,10,57,"[""/tangrams/215_384.png"",""/tangrams/454_450.png"",""/tangrams/93_45.png"",""/tangrams/125_148.png""]"
01JFG9M8GHV25S7R4SHHN5KK7B,TRUE,01JFG8YPFB4QWAE1J5AKFP27SX,42,65,2,/tangrams/11_82.png,/tangrams/11_82.png,11,42,"[""/tangrams/74_392.png"",""/tangrams/11_82.png"",""/tangrams/415_360.png"",""/tangrams/287_250.png""]"
01JFGA6DBKBN6PMQ6RWRS09SZ5,TRUE,01JFG8ZHV16RJMZXAMJCSCC8YH,12,65,0,/tangrams/22_448.png,/tangrams/22_448.png,13,12,"[""/tangrams/413_448.png"",""/tangrams/413_346.png"",""/tangrams/22_346.png"",""/tangrams/22_448.png""]"
01JFGA6DC6AR38A3J2ZQZAZFB8,TRUE,01JFG8ZHV16RJMZXAMJCSCC8YH,18,65,1,/tangrams/413_448.png,/tangrams/413_448.png,3,18,"[""/tangrams/413_425.png"",""/tangrams/232_448.png"",""/tangrams/232_425.png"",""/tangrams/413_448.png""]"
