roundID,text,playerID,director_msg,chit_chat
01JH17B9N3E5FP6JB1CD8GA9AM,again the one thats the biggest,01JH16W8EY1V73TD5KGBAMNVQ9,TRUE,FALSE
01JH10G6P0QFWPRS4GDSXTYE9B,the one that look like letter X,01JH0ZZQRJ088VTZ4BK5WZ5MYH,TRUE,FALSE
01JH0ZNXJ9GRWS77K2M19GN73V,2 edges at the top and bottom and a triangle on the left,01JH0ZDNTCH13XZDTNSGWAN5YP,TRUE,FALSE
01JH0ZNXJ9GRWS77K2M19GN73V,hole on right?,01JH0ZGCE0SZNDNF9KEBZD782P,FALSE,FALSE
01JH0ZNXJ9GRWS77K2M19GN73V,no,01JH0ZDNTCH13XZDTNSGWAN5YP,TRUE,TRUE
01JH0ZNXJ9GRWS77K2M19GN73V,its small,01JH0ZDNTCH13XZDTNSGWAN5YP,TRUE,FALSE
01JH0ZNXJ9GRWS77K2M19GN73V,its like a curve,01JH0ZDNTCH13XZDTNSGWAN5YP,TRUE,FALSE
01JH0ZNXJ9GRWS77K2M19GN73V,2 edges at the top,01JH0ZDNTCH13XZDTNSGWAN5YP,TRUE,FALSE
01JH172BYZWFDJW0XK03T4S4XZ,looks like a weird llama carrying furniture behind it,01JH16KE9DJ3AKDCTWNY4P8HY4,TRUE,FALSE
01JH105EXTGKSHHQ0NK9Z8G1SZ,combination of arrow like shape heading right,01JH0ZSK9VP35HG27XV96QGK8P,TRUE,FALSE
01JH0Z605BHP2PA2C4F7PT3BNT,Tree like - triangle base,01JH0YYB8YNEDQSFMX34EKSY7X,TRUE,FALSE
01JH0ZHYET104NRQKA39B3HWEE,"flat bottom, bird on top",01JH0YVPJHJA484R92F8Q7QA88,TRUE,FALSE
01JH150DNHHV3KMR0WGF6A3CQS,"Man with arm across him, cradling baby. Defined jaw line",01JH14NY2S2NX1EZN2C9RWX3P3,TRUE,FALSE
01JH0Z6051WR4J2T34ESGSA055,"Arrow pointing down at bottom, arrow at top pointing up",01JH0YWVP8MYRHJX6GYK4YNCSQ,TRUE,FALSE
01JH0ZW9MGCSGP06Z064W0ED3R,Fully black along top of shape,01JH0ZFF7ZSP75ZGWGR8492XSG,TRUE,FALSE
01JH0ZW9MGCSGP06Z064W0ED3R,upside down house,01JH0ZS6TEEZTSN6DTAG7QZ8YS,FALSE,FALSE
01JH0ZW9NH1QR3DYM4VXMS6NEY,Z shape,01JH0ZFF7ZSP75ZGWGR8492XSG,TRUE,FALSE
01JH10G6NMSA0NZB2601CY072X,its perfectly symetrical horiontally,01JH0ZRRSJTRCZ4ZDNZN1NM18J,TRUE,FALSE
01JH10G6QPC7RA7MQS97YMYB3F,image with snake at the end,01JH0ZZQRJ088VTZ4BK5WZ5MYH,TRUE,FALSE
01JH10G6XFMQD3MF1469YW9EX4,the big hole in it,01JH0ZRRSJTRCZ4ZDNZN1NM18J,TRUE,FALSE
01JH10G6XFMQD3MF1469YW9EX4,my bad,01JH0ZZQRJ088VTZ4BK5WZ5MYH,FALSE,FALSE
01JH16TBEHEPZVBN4SBB258471,theres a rectangle on the top right of the shape,01JH16KS8FMSPVZ1AHHPTX9Z7Q,TRUE,FALSE
01JH17BACYEFRSR45ANMQCDG0K,chinese house,01JH16W8EY1V73TD5KGBAMNVQ9,TRUE,FALSE
01JH0ZNXJ0950K8D1D97QZFCNA,4 edges at the bottom and huge triangle on the right with hole in the middle,01JH0ZDNTCH13XZDTNSGWAN5YP,TRUE,FALSE
01JH0ZNXJ0950K8D1D97QZFCNA,4 edges top and bottom,01JH0ZDNTCH13XZDTNSGWAN5YP,TRUE,FALSE
01JH172CTRB4XVPV446S8AGHMV,Spikey with two triangles on the right,01JH16T46ECRT2DCA0TCK3A9FY,TRUE,FALSE
01JH10G6Q00B3DJN16B9PHSZZJ,3 triangular points on the right,01JH0ZRRSJTRCZ4ZDNZN1NM18J,TRUE,FALSE
01JH10G6PAAMDFPV42MER4TQVT,yeah its not working proper,01JH0ZRRSJTRCZ4ZDNZN1NM18J,FALSE,FALSE
01JH10G6PAAMDFPV42MER4TQVT,image with an arrow pointing left,01JH0ZZQRJ088VTZ4BK5WZ5MYH,TRUE,FALSE
01JH0ZW9PGXF6N14PKWN2H3JJ1,bird sitting on a next... not the seal one,01JH0ZS6TEEZTSN6DTAG7QZ8YS,TRUE,FALSE
01JH0ZW9Q7SAJ5ZXZJEZZHVR8J,moose,01JH0ZS6TEEZTSN6DTAG7QZ8YS,TRUE,FALSE
01JH0ZW9N95WC3CEBXQPPYRKCZ,"bowl shape at bottom, looks like animal sitting on top",01JH0ZFF7ZSP75ZGWGR8492XSG,TRUE,FALSE
01JH150EC0832QGZ0VED8TMAE7,fish head holding a baby,01JH14EHNP0989SWS80XTG93E8,TRUE,FALSE
01JH0ZW9NY2V119CV3AR3MB3YX,upside down cup ?,01JH0ZFF7ZSP75ZGWGR8492XSG,TRUE,FALSE
01JH0ZW9R6EZJT8JXQPHA9QW12,Z shape,01JH0ZFF7ZSP75ZGWGR8492XSG,TRUE,FALSE
01JH105F2V3A2JDWTJ2A5XRWPE,"So a bit pointing up on left, then right has two bits coming off it - one in a diamond shape at top, and the other is more triangle at bottom",01JH0ZVX8S2SBNZZFA5V7NKGW1,TRUE,FALSE
01JH105F2V3A2JDWTJ2A5XRWPE,with black block in middle,01JH0ZVX8S2SBNZZFA5V7NKGW1,TRUE,FALSE
01JH10G6R3EVSZ58CXMD3K72KP,image with triangle in it pointing to right,01JH0ZZQRJ088VTZ4BK5WZ5MYH,TRUE,FALSE
01JH10G6VX7KMT76ANKMWCJM6C,the image with square inside,01JH0ZZQRJ088VTZ4BK5WZ5MYH,TRUE,FALSE
01JH172E4R575SFQTVX4SX30E0,funnel through boot,01JH16KE9DJ3AKDCTWNY4P8HY4,TRUE,FALSE
01JH0ZW9MZ65NKE567PYBXDJXT,Looks like antlers on a moose,01JH0ZFF7ZSP75ZGWGR8492XSG,TRUE,FALSE
01JH0ZW9MZ65NKE567PYBXDJXT,you had the right one last time?,01JH0ZS6TEEZTSN6DTAG7QZ8YS,FALSE,FALSE
01JH10G6PK4E7FFDDSGXHYZ76A,look for the image with T shape in it,01JH0ZZQRJ088VTZ4BK5WZ5MYH,TRUE,FALSE
01JH0ZW9PKBQKYCEY7PF7KGJ1S,animal on a ledge,01JH0ZFF7ZSP75ZGWGR8492XSG,TRUE,FALSE
01JH10TFWTXQK0KA5KR5VZXMX7,spiky house multiple floors,01JH10D3QMW178B4QXDNK94Q9F,TRUE,FALSE
01JH10G6WEGYEABX0NY2N810M3,the crown,01JH0ZRRSJTRCZ4ZDNZN1NM18J,TRUE,FALSE
01JH10G6WEGYEABX0NY2N810M3,that was the image they showed me,01JH0ZZQRJ088VTZ4BK5WZ5MYH,FALSE,FALSE
01JH10G6WEGYEABX0NY2N810M3,the got us with the double whammi,01JH0ZRRSJTRCZ4ZDNZN1NM18J,TRUE,TRUE
01JH0ZHYEP8WZMYKXW5G5RTQ57,tripod on bottom,01JH0ZF8TRM7V47TBA0K2KGSW6,TRUE,FALSE
01JH0ZHYEP8WZMYKXW5G5RTQ57,triangle on top,01JH0ZF8TRM7V47TBA0K2KGSW6,TRUE,FALSE
01JH16RVPC07608981Z6QFVP9J,similar to the one with an arrow pointing down,01JH16K8JGRDA2R62NXZ6PSAF9,TRUE,FALSE
01JH16RVPC07608981Z6QFVP9J,but has no arrow,01JH16K8JGRDA2R62NXZ6PSAF9,TRUE,FALSE
01JH0Z605YF71GBX929659ZJRX,Tree like - triangle pointing up at base,01JH0YYB8YNEDQSFMX34EKSY7X,TRUE,FALSE
01JH150DYT6DNA7WGV800FZQJB,"Man leaning over, carrying big rock on his back",01JH14NY2S2NX1EZN2C9RWX3P3,TRUE,FALSE
01JH0ZHYEW4QC2VFDW6J7Z6E2G,flat at bottom,01JH0ZF8TRM7V47TBA0K2KGSW6,TRUE,FALSE
01JH0ZHYEW4QC2VFDW6J7Z6E2G,flat edge on top,01JH0ZF8TRM7V47TBA0K2KGSW6,TRUE,FALSE
01JH150DWA4MENRVFWQMFJHTA0,man carrying rock on his back with a head,01JH14EHNP0989SWS80XTG93E8,TRUE,FALSE
01JH150EEKS0WBK5ETBDW5HFWJ,jawline head running,01JH14EHNP0989SWS80XTG93E8,TRUE,FALSE
01JH0ZW9ME62P52B3179PTBKVN,Bird with legs,01JH0ZFF7ZSP75ZGWGR8492XSG,TRUE,FALSE
01JH0ZW9ME62P52B3179PTBKVN,i cant click it!,01JH0ZS6TEEZTSN6DTAG7QZ8YS,FALSE,FALSE
01JH0ZW9ME62P52B3179PTBKVN,Me either something hapepend,01JH0ZFF7ZSP75ZGWGR8492XSG,TRUE,FALSE
01JH0ZW9R9337PWWFZMX5BQFA2,mountain in white on bottom,01JH0ZS6TEEZTSN6DTAG7QZ8YS,TRUE,FALSE
01JH105F46YH774KEZ1JFY43G3,Straight edge on left,01JH0ZVX8S2SBNZZFA5V7NKGW1,TRUE,FALSE
01JH0ZNXG9MWBJQ9SJBD4A1JVD,12 points,01JH0ZGCE0SZNDNF9KEBZD782P,TRUE,FALSE
01JH0ZNXHF0EVPJ57KF4935FJ5,diamond on the left and 1 edge at the top right#,01JH0ZDNTCH13XZDTNSGWAN5YP,TRUE,FALSE
01JH0ZNXHF0EVPJ57KF4935FJ5,Flat right side?,01JH0ZGCE0SZNDNF9KEBZD782P,FALSE,FALSE
01JH0ZNXHF0EVPJ57KF4935FJ5,yeah,01JH0ZDNTCH13XZDTNSGWAN5YP,TRUE,TRUE
01JH0ZNXJSBRXY7ZVGY8253GGQ,diamond on the left with hole on the right,01JH0ZDNTCH13XZDTNSGWAN5YP,TRUE,FALSE
01JH150DX4Q1823E86Z3NV3254,traingle haed man with four legs no eyes,01JH14EHNP0989SWS80XTG93E8,TRUE,FALSE
01JH0Z605J7HRH6XKXWM7762R2,Big arrow downwards at bottom,01JH0YWVP8MYRHJX6GYK4YNCSQ,TRUE,FALSE
01JH150E0M17XZTZZANP8RG981,man carrying a rock,01JH14EHNP0989SWS80XTG93E8,TRUE,FALSE
01JH150E4CE8PJD1S1B3VNZWXZ,"4 legged man, triangle head.",01JH14NY2S2NX1EZN2C9RWX3P3,TRUE,FALSE
01JH0ZW9NWQHDA8H1NH52Z02TW,t shape cross,01JH0ZFF7ZSP75ZGWGR8492XSG,TRUE,FALSE
01JH0ZW9M6NC3006KG2AX39FST,most solid,01JH0ZS6TEEZTSN6DTAG7QZ8YS,NA,FALSE
01JH10TFYP7J92NE4KNPS0HZQ5,balancing objects,01JH10KQNGZFF28QS5MVWVGPEK,TRUE,FALSE
01JH150EAM657BGTB633WY1A50,"Fish head, 4 legs",01JH14NY2S2NX1EZN2C9RWX3P3,TRUE,FALSE
01JH172DNWCYCCQ2W8TAV7ARQ1,fist punching a wall that's spikey on the left side,01JH16T46ECRT2DCA0TCK3A9FY,TRUE,FALSE
01JH0ZW9Q2CR5SQHDZWNT8HG5G,seal on table,01JH0ZS6TEEZTSN6DTAG7QZ8YS,TRUE,FALSE
01JH0ZW9PDBTT16SFTKM57537F,mouth open to the right,01JH0ZS6TEEZTSN6DTAG7QZ8YS,TRUE,FALSE
01JH0ZHYEXA900WNKC1BWRCZR2,"tripod bottom, ears on top",01JH0YVPJHJA484R92F8Q7QA88,TRUE,FALSE
01JH0ZHYFD3G2KA3CWPKSG6A64,one long leg on bottom,01JH0ZF8TRM7V47TBA0K2KGSW6,TRUE,FALSE
01JH0ZHYFD3G2KA3CWPKSG6A64,looks like birdon top,01JH0ZF8TRM7V47TBA0K2KGSW6,TRUE,FALSE
01JH0ZNXJAJX2V88B1E49BF0F4,Whole right side flat. Large triangle,01JH0ZGCE0SZNDNF9KEBZD782P,TRUE,FALSE
01JH0ZNXJAJX2V88B1E49BF0F4,on left,01JH0ZGCE0SZNDNF9KEBZD782P,TRUE,FALSE
01JH0ZNXJAJX2V88B1E49BF0F4,diamond?,01JH0ZDNTCH13XZDTNSGWAN5YP,FALSE,FALSE
01JH0ZNXJAJX2V88B1E49BF0F4,no,01JH0ZGCE0SZNDNF9KEBZD782P,TRUE,TRUE
01JH10TFZK0DMJ1SP42VGHWX8C,"House at the top, arrow at bottom",01JH10KQNGZFF28QS5MVWVGPEK,TRUE,FALSE
01JH16TB72MNQ0TKBCFEN94PDJ,hello,01JH16KS8FMSPVZ1AHHPTX9Z7Q,NA,FALSE
01JH0ZHYEM0BW08SFQRRWX8JF4,"flat bottom, triangle on top",01JH0YVPJHJA484R92F8Q7QA88,TRUE,FALSE
01JH172EBEX2D5DQK3790DHYNZ,letter k with legs dragging behind,01JH16KE9DJ3AKDCTWNY4P8HY4,TRUE,FALSE
01JH172DJXMHVQR2P7PD5HS0T8,half llama half spiky nail,01JH16KE9DJ3AKDCTWNY4P8HY4,TRUE,FALSE
01JH172CHPFHJ4HXEC9W8WE3R5,Looks like a thick letter K,01JH16T46ECRT2DCA0TCK3A9FY,TRUE,FALSE
01JH172EJFG0HZ03D7D2W51SWN,llama walking with tail pointing to the ground,01JH16T46ECRT2DCA0TCK3A9FY,TRUE,FALSE
01JH10G6X510TQ5YC05SJ3YKSC,snake,01JH0ZZQRJ088VTZ4BK5WZ5MYH,TRUE,FALSE
01JH0ZNXHWPXWP6T9DCCNFYDVJ,3 points at the bottom 2 squares on the right and 1 point at the top,01JH0ZDNTCH13XZDTNSGWAN5YP,TRUE,FALSE
01JH0ZW9MRSPGTBCPVMVQ4AM1Q,white area looks like mountains on bottom,01JH0ZFF7ZSP75ZGWGR8492XSG,TRUE,FALSE
01JH10TG6WGMCENPKG5YBHDRJ1,white triangle and square,01JH10KQNGZFF28QS5MVWVGPEK,TRUE,FALSE
01JH0Z605QAPE3TAJA1WFZBDE6,Tree like - triangle at top and bottom pointing up,01JH0YYB8YNEDQSFMX34EKSY7X,TRUE,FALSE
01JH0ZW9P34D8ZP8QJNC1RFB2N,squre on right of top,01JH0ZFF7ZSP75ZGWGR8492XSG,TRUE,FALSE
01JH0ZW9PABM1RN04Q7X1DHN9H,looks like a monster with mouth open to the left,01JH0ZS6TEEZTSN6DTAG7QZ8YS,TRUE,FALSE
01JH17B99CBA4406MJA1MN8K35,looks the pointiest,01JH16W8EY1V73TD5KGBAMNVQ9,TRUE,FALSE
01JH17B9MC3VNMMK9PDRGPGA63,one that looks like a tree,01JH16R0FXPRTDDKM3EZ4AHETJ,TRUE,FALSE
01JH17B9MC3VNMMK9PDRGPGA63,it wont let me click,01JH16W8EY1V73TD5KGBAMNVQ9,FALSE,FALSE
01JH17B9MC3VNMMK9PDRGPGA63,then a rectangular base,01JH16R0FXPRTDDKM3EZ4AHETJ,TRUE,FALSE
01JH17B9MC3VNMMK9PDRGPGA63,its stuck?,01JH16W8EY1V73TD5KGBAMNVQ9,FALSE,FALSE
01JH0ZW9N2N04RJ91F1MRV4FP5,two spikes on each outer bottom side,01JH0ZFF7ZSP75ZGWGR8492XSG,TRUE,FALSE
01JH10TFZ0XXYRTG5JP0YX6CQ2,spiky house no chimely with arrow,01JH10D3QMW178B4QXDNK94Q9F,TRUE,FALSE
01JH10G6W46X2E7Y8K9ZQK3SMM,the image with triangle in it,01JH0ZZQRJ088VTZ4BK5WZ5MYH,TRUE,FALSE
01JH172E0D6JEDJ5WFQ6H8NAYA,christmas cracker,01JH16KE9DJ3AKDCTWNY4P8HY4,TRUE,FALSE
01JH172E75RJKS1EV4P1NVPASM,turkey walking straight with fluffy tail,01JH16T46ECRT2DCA0TCK3A9FY,TRUE,FALSE
01JH10G6SNA2XNMFV5X60BH42R,triangle shape to it,01JH0ZZQRJ088VTZ4BK5WZ5MYH,TRUE,FALSE
01JH0ZNXHZQYMV4DY1EZ3ZM3ZB,10 points on the left. 2 points on the right,01JH0ZGCE0SZNDNF9KEBZD782P,TRUE,FALSE
01JH0ZNXHZQYMV4DY1EZ3ZM3ZB,is there a square,01JH0ZDNTCH13XZDTNSGWAN5YP,FALSE,FALSE
01JH0ZNXHZQYMV4DY1EZ3ZM3ZB,on the right,01JH0ZDNTCH13XZDTNSGWAN5YP,FALSE,FALSE
01JH0ZNXHZQYMV4DY1EZ3ZM3ZB,Yes small,01JH0ZGCE0SZNDNF9KEBZD782P,TRUE,FALSE
01JH10TG97VGTZWJHP9XWQMDE6,balancing objects,01JH10KQNGZFF28QS5MVWVGPEK,TRUE,FALSE
01JH0ZHYDF5B63MY0FZCHB1994,on the bottom is spiky triangles,01JH0ZF8TRM7V47TBA0K2KGSW6,TRUE,FALSE
01JH0ZHYDF5B63MY0FZCHB1994,on top looks lke a bird,01JH0ZF8TRM7V47TBA0K2KGSW6,TRUE,FALSE
01JH10TFVVFNKRWJ9SBXTKVB0P,house on head,01JH10KQNGZFF28QS5MVWVGPEK,TRUE,FALSE
01JH0ZHYF48S4T1NN7ZBJB5QD1,flat bottom bird on top,01JH0YVPJHJA484R92F8Q7QA88,TRUE,FALSE
01JH0ZNXJSBRXY7ZVGXJPDWRBG,Whole right side is flat. Large section of top is flat,01JH0ZGCE0SZNDNF9KEBZD782P,TRUE,FALSE
01JH0ZNXJSBRXY7ZVGXJPDWRBG,2 points at the bottom,01JH0ZGCE0SZNDNF9KEBZD782P,TRUE,FALSE
01JH0ZNXJSBRXY7ZVGXJPDWRBG,3 edges on the right?,01JH0ZDNTCH13XZDTNSGWAN5YP,FALSE,FALSE
01JH0ZNXJSBRXY7ZVGXJPDWRBG,with 2 at the bottom?,01JH0ZDNTCH13XZDTNSGWAN5YP,FALSE,FALSE
01JH0ZW9Q5AP938NFP1GANCYC6,hello?,01JH0ZS6TEEZTSN6DTAG7QZ8YS,FALSE,FALSE
01JH0ZW9Q5AP938NFP1GANCYC6,the shape has a longer edge hanging off,01JH0ZFF7ZSP75ZGWGR8492XSG,TRUE,FALSE
01JH10G6WS4GA0TPQ4TGCNS21R,Batman,01JH0ZRRSJTRCZ4ZDNZN1NM18J,TRUE,FALSE
01JH0Z605306BAPB19PFNV67S1,"Tree shaped, triangle base",01JH0YYB8YNEDQSFMX34EKSY7X,TRUE,FALSE
01JH16TBDAF9A8WBZ0KTVR0PHD,hmm,01JH16KS8FMSPVZ1AHHPTX9Z7Q,NA,FALSE
01JH10G6SHGKGNW72TMHMD2PCB,diamond on the right,01JH0ZRRSJTRCZ4ZDNZN1NM18J,TRUE,FALSE
01JH0Z605YF71GBX928E7W6ETB,diamond bottom right,01JH0YWVP8MYRHJX6GYK4YNCSQ,TRUE,FALSE
01JH0ZNXJ3FQXS3S3MXCN07E28,3 edges on the left and flat on the right,01JH0ZDNTCH13XZDTNSGWAN5YP,TRUE,FALSE
01JH0ZNXJ3FQXS3S3MXCN07E28,4 edges at the bottom,01JH0ZDNTCH13XZDTNSGWAN5YP,TRUE,FALSE
01JH0ZNXJ3FQXS3S3MXCN07E28,its all edges,01JH0ZDNTCH13XZDTNSGWAN5YP,TRUE,FALSE
01JH0ZW9MN8W7Z3NQ6TKR6PERF,upside down cupp,01JH0ZFF7ZSP75ZGWGR8492XSG,TRUE,FALSE
01JH10TG44KYD3BJG73XEX4E8C,house no chimney,01JH10D3QMW178B4QXDNK94Q9F,TRUE,FALSE
01JH0Z605KDD6S61YMS9CNXJKJ,Arrow pointing down at the bottom - looks like a snowman,01JH0YYB8YNEDQSFMX34EKSY7X,TRUE,FALSE
01JH17BA9AV3103EJ5TGDX0AJZ,chiness house with a block on top,01JH16R0FXPRTDDKM3EZ4AHETJ,TRUE,FALSE
01JH10G6TYZX29DX674EFF7H9K,image with H,01JH0ZZQRJ088VTZ4BK5WZ5MYH,TRUE,FALSE
01JH17B9X7G173WT9K4SKMJBNZ,biggest one with 2 trinagles on the left side,01JH16W8EY1V73TD5KGBAMNVQ9,TRUE,FALSE
01JH17B9X7G173WT9K4SKMJBNZ,the trinagles look like feet,01JH16W8EY1V73TD5KGBAMNVQ9,TRUE,FALSE
01JH105F0YCH22A9XDKFJ4CXVN,"A diamond shape in middle, both side end with plain",01JH0ZSK9VP35HG27XV96QGK8P,TRUE,FALSE
01JH17BAS9BTHQJ3SD0R75GFCB,biggest with flat base,01JH16R0FXPRTDDKM3EZ4AHETJ,TRUE,FALSE
01JH172BSNFJVN2E9PMVKW7MD6,hi,01JH16KE9DJ3AKDCTWNY4P8HY4,FALSE,FALSE
01JH172BSNFJVN2E9PMVKW7MD6,The target looks like a turkey dragging its legs behind it,01JH16T46ECRT2DCA0TCK3A9FY,TRUE,FALSE
01JH150DNXGX1764NTZEGK28BQ,Any idea??,01JH14NY2S2NX1EZN2C9RWX3P3,FALSE,FALSE
01JH150DNXGX1764NTZEGK28BQ,man with house on his back,01JH14EHNP0989SWS80XTG93E8,TRUE,FALSE
01JH105EYC89ZEZYJWPS1MKQCZ,"A triangle shape on the left, very blocky shape in general.  Triangle in middle of right, with two pointy bits either side.",01JH0ZVX8S2SBNZZFA5V7NKGW1,TRUE,FALSE
01JH10G6PPFMM5TRM8B05B2C14,its symetrical if you draw a line horizontal,01JH0ZRRSJTRCZ4ZDNZN1NM18J,TRUE,FALSE
01JH150DN4TY1WZSP4W7M6X49M,"Man with head, carrying an open mouth fish pointing upwards",01JH14NY2S2NX1EZN2C9RWX3P3,TRUE,FALSE
01JH0Z6058VT32KEX3JCGDCE4B,Triangle base,01JH0YYB8YNEDQSFMX34EKSY7X,TRUE,FALSE
01JH172D95HE1QH5H1WMRJQXYF,Spikey with two triangles pointing right,01JH16T46ECRT2DCA0TCK3A9FY,TRUE,FALSE
01JH172C5XAGJCS0BNE3PA7H8M,kind of like a turkey pecking the ground,01JH16KE9DJ3AKDCTWNY4P8HY4,TRUE,FALSE
01JH17B98ETBMGEYH3YHVQ9JFB,Help i didnt read instructions,01JH16W8EY1V73TD5KGBAMNVQ9,NA,FALSE
01JH17Y2EHRPAA96Q0HGRNPEPB,right up,01JH17A1DH58WY3B9AYQZV979F,TRUE,FALSE
01JH172DVR476GPSERSQ6N57BY,looks like a chair on the left and half a funnel on the right,01JH16T46ECRT2DCA0TCK3A9FY,TRUE,FALSE
01JH0ZW9NQV84W8PB42JY52N7E,deathstar triangle one,01JH0ZS6TEEZTSN6DTAG7QZ8YS,TRUE,FALSE
01JH172DFXF7G8R6WXNXEMT4GD,fist punching spikey nail,01JH16T46ECRT2DCA0TCK3A9FY,TRUE,FALSE
01JH0ZNXJ6TEZZFFP61S7NKX89,small diamond. hole on right,01JH0ZGCE0SZNDNF9KEBZD782P,TRUE,FALSE
01JH0ZW9PRMNHDQXA6GC2W290P,wolf head with mouth open to the right,01JH0ZS6TEEZTSN6DTAG7QZ8YS,TRUE,FALSE
01JH0ZW9QEFR7P4RVMFCBYT07D,"one with square on right, smushed square on bottom",01JH0ZFF7ZSP75ZGWGR8492XSG,TRUE,FALSE
01JH150DPVF2E9B6QYQSZYDSBF,Hey! So the object has 4 arm/leg limb-like objects hanging out,01JH14NY2S2NX1EZN2C9RWX3P3,TRUE,FALSE
01JH150DPVF2E9B6QYQSZYDSBF,Like a person standing,01JH14NY2S2NX1EZN2C9RWX3P3,TRUE,FALSE
01JH17BAW2VQVMR23TDSJTPPDC,tree,01JH16W8EY1V73TD5KGBAMNVQ9,TRUE,FALSE
01JH0ZNXJVKTCPNKZ7PEJCJ3JP,flat on the top left hole on the right,01JH0ZDNTCH13XZDTNSGWAN5YP,TRUE,FALSE
01JH16RVTKN9VFQRK6R7NSGBMW,hey,01JH16K8JGRDA2R62NXZ6PSAF9,NA,FALSE
01JH16RVTKN9VFQRK6R7NSGBMW,say sth,01JH16K8JGRDA2R62NXZ6PSAF9,NA,FALSE
01JH17Y29HZD76QF32MN6TJW9E,right down,01JH17A1DH58WY3B9AYQZV979F,TRUE,FALSE
01JH0Z605VCT7A777MTHYXJBTM,diamond bottom,01JH0YWVP8MYRHJX6GYK4YNCSQ,TRUE,FALSE
01JH105EYQR5VTAWXZKJV00B1C,A man holding a block,01JH0ZSK9VP35HG27XV96QGK8P,TRUE,FALSE
01JH0ZNXJPXFMCECR36KK49M1M,flat on the top left 3 edges on the right,01JH0ZDNTCH13XZDTNSGWAN5YP,TRUE,FALSE
01JH0ZNXJPXFMCECR36KK49M1M,top is all flat,01JH0ZDNTCH13XZDTNSGWAN5YP,TRUE,FALSE
01JH0ZNXJPXFMCECR36KK49M1M,Whole top flat?,01JH0ZGCE0SZNDNF9KEBZD782P,FALSE,FALSE
01JH0ZNXJPXFMCECR36KK49M1M,yepp,01JH0ZDNTCH13XZDTNSGWAN5YP,TRUE,FALSE
01JH150ECWW6YMT7C3PJB4T1A8,Fish man running,01JH14NY2S2NX1EZN2C9RWX3P3,TRUE,FALSE
01JH10G6TCEXEF9JPZ956321NE,should have said the image with T sharp in it,01JH0ZZQRJ088VTZ4BK5WZ5MYH,TRUE,FALSE
01JH10G6TCEXEF9JPZ956321NE,sorry,01JH0ZRRSJTRCZ4ZDNZN1NM18J,FALSE,FALSE
01JH10G6TCEXEF9JPZ956321NE,look for the image look like H at the end,01JH0ZZQRJ088VTZ4BK5WZ5MYH,TRUE,FALSE
01JH10G6XAQ2DBHBSWKY7FDFNQ,the image with square in it,01JH0ZZQRJ088VTZ4BK5WZ5MYH,TRUE,FALSE
01JH17B9XXR44CCP4F9SNN0T34,looks like a tree,01JH16W8EY1V73TD5KGBAMNVQ9,TRUE,FALSE
01JH0ZW9P7SJ8YBSE4A93F0NGX,looks like a bird with legs,01JH0ZFF7ZSP75ZGWGR8492XSG,TRUE,FALSE
01JH150E7XJRFMERC5A7DXQYXJ,jawline carrying baby,01JH14NY2S2NX1EZN2C9RWX3P3,TRUE,FALSE
01JH150E7XJRFMERC5A7DXQYXJ,it is not clicking,01JH14EHNP0989SWS80XTG93E8,FALSE,FALSE
01JH10G6WXN96KRKTHW0E4DAQ4,the image with small diamond to the right,01JH0ZZQRJ088VTZ4BK5WZ5MYH,TRUE,FALSE
01JH10TG397MEG0469EPMQ8D3G,white eye,01JH10KQNGZFF28QS5MVWVGPEK,TRUE,FALSE
01JH10G6P78NKB62BHHBQMDJ32,the big box,01JH0ZZQRJ088VTZ4BK5WZ5MYH,TRUE,FALSE
01JH0ZW9RPK3S8J88KCH7T3ZB4,moose,01JH0ZS6TEEZTSN6DTAG7QZ8YS,TRUE,FALSE
01JH10G6SX3VQGPV593ESTSYK9,reverse C again,01JH0ZRRSJTRCZ4ZDNZN1NM18J,TRUE,FALSE
01JH10G6SX3VQGPV593ESTSYK9,alright,01JH0ZZQRJ088VTZ4BK5WZ5MYH,FALSE,FALSE
01JH150DP849K48GW7QWYKN9WN,"Man with head, carrying large chalice on his back",01JH14NY2S2NX1EZN2C9RWX3P3,TRUE,FALSE
01JH17BAC4X32QBM3GSHPQNNKW,christmas tree,01JH16R0FXPRTDDKM3EZ4AHETJ,TRUE,FALSE
01JH0ZHYFBR5Y9YSZN79MM5J1Q,spiky on bottom,01JH0ZF8TRM7V47TBA0K2KGSW6,TRUE,FALSE
01JH0ZHYFBR5Y9YSZN79MM5J1Q,triangle on top,01JH0ZF8TRM7V47TBA0K2KGSW6,TRUE,FALSE
01JH10TG9N59KKRH0G0D6HH6H4,bbalencing objects,01JH10D3QMW178B4QXDNK94Q9F,TRUE,FALSE
01JH172CXH11FVMBY4HKQFRZG9,Like a sideways funnel with spikes going through it,01JH16T46ECRT2DCA0TCK3A9FY,TRUE,FALSE
01JH10TG1V4F4DY2YS6SZ458DR,spikey cat,01JH10D3QMW178B4QXDNK94Q9F,TRUE,FALSE
01JH0ZHYDP2SF77ZTVWVSKDFWH,long leg bottom,01JH0ZF8TRM7V47TBA0K2KGSW6,TRUE,FALSE
01JH0ZHYDP2SF77ZTVWVSKDFWH,triange on top,01JH0ZF8TRM7V47TBA0K2KGSW6,TRUE,FALSE
01JH0ZW9QKVBZ6WCHDEXZFFW5N,wolf on ledge,01JH0ZS6TEEZTSN6DTAG7QZ8YS,TRUE,FALSE
01JH17BA57X97WREHRFGMV3S6E,the house with arrowa at the roof,01JH16R0FXPRTDDKM3EZ4AHETJ,TRUE,FALSE
01JH0Z605J7HRH6XKXVQHT50J8,Diamond bottom right,01JH0YYB8YNEDQSFMX34EKSY7X,TRUE,FALSE
01JH17BAV3N3NBQZSGDC4WT03T,chines ouse,01JH16R0FXPRTDDKM3EZ4AHETJ,TRUE,FALSE
01JH105F3TX9WEQB2GVVNVMG6E,"A blocky shape, left a tail upward pointing",01JH0ZSK9VP35HG27XV96QGK8P,TRUE,FALSE
01JH0ZHYEH7B2HSWHMZHAPFBQJ,tripod on bottom,01JH0ZF8TRM7V47TBA0K2KGSW6,TRUE,FALSE
01JH0ZHYEH7B2HSWHMZHAPFBQJ,flat top,01JH0ZF8TRM7V47TBA0K2KGSW6,TRUE,FALSE
01JH0ZNXJ775CK1BXB4TFCF4GB,good job,01JH0ZDNTCH13XZDTNSGWAN5YP,FALSE,FALSE
01JH0ZNXJ775CK1BXB4TFCF4GB,Diamond on the left. 3 points to the right,01JH0ZGCE0SZNDNF9KEBZD782P,TRUE,FALSE
01JH0ZNXJ775CK1BXB4TFCF4GB,is there 1 edge at the top,01JH0ZDNTCH13XZDTNSGWAN5YP,FALSE,FALSE
01JH0ZNXJ775CK1BXB4TFCF4GB,yes,01JH0ZGCE0SZNDNF9KEBZD782P,TRUE,TRUE
01JH0ZNXJ775CK1BXB4TFCF4GB,got you,01JH0ZDNTCH13XZDTNSGWAN5YP,FALSE,FALSE
01JH105EZK81PZRYK41Q3XXMTX,Left has like a sharp bit pointing downwards.,01JH0ZVX8S2SBNZZFA5V7NKGW1,TRUE,FALSE
01JH105EZK81PZRYK41Q3XXMTX,Middle bottom also has sharp bit pointing down,01JH0ZVX8S2SBNZZFA5V7NKGW1,TRUE,FALSE
01JH0ZHYF23G8S8TRHGX5E6VCX,spiky on bottom,01JH0ZF8TRM7V47TBA0K2KGSW6,TRUE,FALSE
01JH0ZHYF23G8S8TRHGX5E6VCX,bird on top,01JH0ZF8TRM7V47TBA0K2KGSW6,TRUE,FALSE
01JH105EYG54Z6N25SBYEKW0EQ,"Bottom is square-like - left has almost like an arm pointing down, right is like an arm in the air",01JH0ZVX8S2SBNZZFA5V7NKGW1,TRUE,FALSE
01JH10TFX0FF44SPKHAAEE1VWV,"balancing objects, on points",01JH10KQNGZFF28QS5MVWVGPEK,TRUE,FALSE
01JH0Z605RMNCAETN1FWNHA8FJ,diamond bottom,01JH0YWVP8MYRHJX6GYK4YNCSQ,TRUE,FALSE
01JH10TFWKH7B1M2J9G1EH9FXG,head wearing beret,01JH10KQNGZFF28QS5MVWVGPEK,TRUE,FALSE
01JH0Z6051WR4J2T34FMTWXH72,Shape standing on a triangle base,01JH0YYB8YNEDQSFMX34EKSY7X,TRUE,FALSE
01JH0ZW9QR0B42S43GKS39TFJW,fully black on top. Upside down house?,01JH0ZFF7ZSP75ZGWGR8492XSG,TRUE,FALSE
01JH10TFRZWK45P7ZM8SWYWFVB,hi,01JH10D3QMW178B4QXDNK94Q9F,FALSE,FALSE
01JH10TFRZWK45P7ZM8SWYWFVB,"one object balancing on top of another, point to point",01JH10KQNGZFF28QS5MVWVGPEK,TRUE,FALSE
01JH0ZNXJXD1M76Y21GTXYWZ1R,Large triangle on left and no hole,01JH0ZGCE0SZNDNF9KEBZD782P,TRUE,FALSE
01JH0ZNXJXD1M76Y21GTXYWZ1R,3 points to right,01JH0ZGCE0SZNDNF9KEBZD782P,TRUE,FALSE
01JH0ZNXJXD1M76Y21GTXYWZ1R,is there a diamond?,01JH0ZDNTCH13XZDTNSGWAN5YP,FALSE,FALSE
01JH0ZNXJXD1M76Y21GTXYWZ1R,no,01JH0ZGCE0SZNDNF9KEBZD782P,TRUE,TRUE
01JH105EXM2T064879CT3Q9JCA,left side like docomo,01JH0ZSK9VP35HG27XV96QGK8P,TRUE,FALSE
01JH105EXM2T064879CT3Q9JCA,game,01JH0ZSK9VP35HG27XV96QGK8P,TRUE,FALSE
01JH105EXM2T064879CT3Q9JCA,Not heard of it,01JH0ZVX8S2SBNZZFA5V7NKGW1,FALSE,FALSE
01JH105EXM2T064879CT3Q9JCA,Is it like a person on their side,01JH0ZVX8S2SBNZZFA5V7NKGW1,FALSE,FALSE
01JH105EXM2T064879CT3Q9JCA,in middle shape of trapezoid in white space,01JH0ZSK9VP35HG27XV96QGK8P,TRUE,FALSE
01JH10G6W028CZ3P119E2HF119,the one you classified as M,01JH0ZZQRJ088VTZ4BK5WZ5MYH,TRUE,FALSE
01JH105EX270KZ136FPH2ANDAY,a small diamond on the left and an arrow shape right,01JH0ZSK9VP35HG27XV96QGK8P,TRUE,FALSE
01JH10TG7BEAHF4YG04K6N8QJ1,balancing objects,01JH10KQNGZFF28QS5MVWVGPEK,TRUE,FALSE
01JH172DCGK58W25W3JHNGJWWJ,"spikey with triangles on right side, back dragging",01JH16T46ECRT2DCA0TCK3A9FY,TRUE,FALSE
01JH0ZNXJZBY71TYAG4A7KSTTK,Small triangle on left with a hole on right,01JH0ZGCE0SZNDNF9KEBZD782P,TRUE,FALSE
01JH10G6SBTV8GWAH69676BDSJ,3 triangle point to the right just like the previous one,01JH0ZZQRJ088VTZ4BK5WZ5MYH,TRUE,FALSE
01JH0ZW9PW2GTF5AJ541GTA1VB,"open to the left, ledge on bottom",01JH0ZFF7ZSP75ZGWGR8492XSG,TRUE,FALSE
01JH0ZW9PW2GTF5AJ541GTA1VB,triangles on top or no,01JH0ZS6TEEZTSN6DTAG7QZ8YS,FALSE,FALSE
01JH0ZW9PW2GTF5AJ541GTA1VB,Like a hook to the lef. no,01JH0ZFF7ZSP75ZGWGR8492XSG,TRUE,FALSE
01JH105F4GFRGMTK9T0EBZ4KSW,A blocky shape- left a traingle going into blocky shape,01JH0ZSK9VP35HG27XV96QGK8P,TRUE,FALSE
01JH10G6XVQRQP31HP6FKAQA03,they got us with both arrows going left,01JH0ZRRSJTRCZ4ZDNZN1NM18J,TRUE,TRUE
01JH10G6XVQRQP31HP6FKAQA03,any way,01JH0ZRRSJTRCZ4ZDNZN1NM18J,TRUE,TRUE
01JH10G6XVQRQP31HP6FKAQA03,batman,01JH0ZRRSJTRCZ4ZDNZN1NM18J,TRUE,FALSE
01JH0Z605WJVR4QAZ8SDZQMGNN,Diamond bottom right again,01JH0YYB8YNEDQSFMX34EKSY7X,TRUE,FALSE
01JH17B9NX5ZQSHVQCQ1M9MZWT,which one,01JH16R0FXPRTDDKM3EZ4AHETJ,FALSE,FALSE
01JH17B9NX5ZQSHVQCQ1M9MZWT,theres 2 big ones but the one your looking for has a pointy bit on the left as apposed to rectangles,01JH16W8EY1V73TD5KGBAMNVQ9,TRUE,FALSE
01JH17B9V692MNVTC5GMQDHZGN,again tree,01JH16W8EY1V73TD5KGBAMNVQ9,TRUE,FALSE
01JH0ZNXH7B2GSBMMXWSYYCMG6,square at the top 1 corner at the bottom facing left the other facing right#,01JH0ZDNTCH13XZDTNSGWAN5YP,TRUE,FALSE
01JH0ZHYF3Q3AX7DQ6D51T7EFS,spiky on bottom,01JH0ZF8TRM7V47TBA0K2KGSW6,TRUE,FALSE
01JH0ZHYF3Q3AX7DQ6D51T7EFS,triangle on top,01JH0ZF8TRM7V47TBA0K2KGSW6,TRUE,FALSE
01JH105F2GC9200EFXVNY7QEJ6,"Left looks almost like a hat on its side, with a straight edge - then there's arrows in middle, with a blocky bit on the right",01JH0ZVX8S2SBNZZFA5V7NKGW1,TRUE,FALSE
01JH0Z604VT000DQ75KKAYWCBW,Tree shaped,01JH0YYB8YNEDQSFMX34EKSY7X,TRUE,FALSE
01JH10TG6P02363140ZVKXZM6A,white  eye,01JH10D3QMW178B4QXDNK94Q9F,TRUE,FALSE
01JH0ZHYD6WXJD579F87EZFMWB,hi,01JH0ZF8TRM7V47TBA0K2KGSW6,FALSE,FALSE
01JH0ZHYD6WXJD579F87EZFMWB,hi,01JH0YVPJHJA484R92F8Q7QA88,TRUE,TRUE
01JH0ZHYD6WXJD579F87EZFMWB,bottomhalf lookslike a tree,01JH0YVPJHJA484R92F8Q7QA88,TRUE,FALSE
01JH0ZHYD6WXJD579F87EZFMWB,there is a square with triangle on top on the top right part of the image,01JH0YVPJHJA484R92F8Q7QA88,TRUE,FALSE
01JH10TG7M3YNVZ22ZG3ZNXJ8V,head with beret,01JH10KQNGZFF28QS5MVWVGPEK,TRUE,FALSE
01JH172D6J677FJ969XMJT4RCZ,Turkey with tail pointing down,01JH16T46ECRT2DCA0TCK3A9FY,TRUE,FALSE
01JH172EA1JQDYGZKJ6FJDKH61,fist punching backwards L,01JH16KE9DJ3AKDCTWNY4P8HY4,TRUE,FALSE
01JH17BA60PQ94NVKPDWYEAJVX,the house but instead of chinese its a hat with blocks on it,01JH16W8EY1V73TD5KGBAMNVQ9,TRUE,FALSE
01JH0Z605WJVR4QAZ8TDPS7PVF,diamond bottom right,01JH0YWVP8MYRHJX6GYK4YNCSQ,TRUE,FALSE
01JH10G6T6P34RA0ZYDAJ4Q9AA,the image that looks like A abd C combined,01JH0ZZQRJ088VTZ4BK5WZ5MYH,TRUE,FALSE
01JH0ZNXGB871VNBKG995Y0KH2,the top is like a square,01JH0ZDNTCH13XZDTNSGWAN5YP,TRUE,FALSE
01JH10G6Y6MJ9BDDSFT34V4SF8,3 triangles,01JH0ZZQRJ088VTZ4BK5WZ5MYH,TRUE,FALSE
01JH172CK6RKQZ0MX4G2BS235C,llama walking forward,01JH16KE9DJ3AKDCTWNY4P8HY4,TRUE,FALSE
01JH17BAFR7Q38Y1XA2YFFEW2G,house with arrows on the roof,01JH16R0FXPRTDDKM3EZ4AHETJ,TRUE,FALSE
01JH17BAFR7Q38Y1XA2YFFEW2G,pointed ends,01JH16R0FXPRTDDKM3EZ4AHETJ,TRUE,FALSE
01JH0Z602M2MZNZT80NZG8ZAAV,There is a diamond shape at the bottom,01JH0YWVP8MYRHJX6GYK4YNCSQ,TRUE,FALSE
01JH105EZ6QR7CPHKSFKKJ4RMW,Looks almost like a robot on its side.. square-ish bit on right,01JH0ZVX8S2SBNZZFA5V7NKGW1,TRUE,FALSE
01JH105EZ6QR7CPHKSFKKJ4RMW,Like two legs on left (with triangle white bits inbetween),01JH0ZVX8S2SBNZZFA5V7NKGW1,TRUE,FALSE
01JH105F4BSE8B3VXKP786EEF1,"Arm on left pointing down, arm on right pointing up",01JH0ZVX8S2SBNZZFA5V7NKGW1,TRUE,FALSE
01JH0ZNXJFE6BM175TW871WVNZ,Big flat top- entire top flat,01JH0ZGCE0SZNDNF9KEBZD782P,TRUE,FALSE
01JH105EWTHHFP6DNX53HKV39T,Is anybody there?,01JH0ZVX8S2SBNZZFA5V7NKGW1,FALSE,FALSE
01JH105EWTHHFP6DNX53HKV39T,arrow like shape,01JH0ZSK9VP35HG27XV96QGK8P,TRUE,FALSE
01JH17BA6W6AQ1E1F15WH82B8W,evident arrow,01JH16R0FXPRTDDKM3EZ4AHETJ,TRUE,FALSE
01JH0ZNXHCHAVE5J071M1QPZ80,nice,01JH0ZDNTCH13XZDTNSGWAN5YP,FALSE,FALSE
01JH0ZNXHCHAVE5J071M1QPZ80,Triangle at the left. 2 points to the right,01JH0ZGCE0SZNDNF9KEBZD782P,TRUE,FALSE
01JH10TG90SEB55WY06QTG14PH,house chimney arrow,01JH10KQNGZFF28QS5MVWVGPEK,TRUE,FALSE
01JH172C4KAK0S1FH2ZSJDC9KW,kind of like letter k/like legs dragging behind it,01JH16KE9DJ3AKDCTWNY4P8HY4,TRUE,FALSE
01JH0ZW9NB4FZVCYY7A4RG1G3Y,wolf on a ledge.. not seal on table,01JH0ZS6TEEZTSN6DTAG7QZ8YS,TRUE,FALSE
01JH150E8E7NTEREQZ5Z271HPZ,"Castle with 2 eyes, carrying baby",01JH14NY2S2NX1EZN2C9RWX3P3,TRUE,FALSE
01JH172CSMV4JDW67X0G1APQ94,like a spiky accordion,01JH16KE9DJ3AKDCTWNY4P8HY4,TRUE,FALSE
01JH0Z6056S6Y7TQH3NN650WRH,Diamond bottom right,01JH0YWVP8MYRHJX6GYK4YNCSQ,TRUE,FALSE
01JH0ZNXJE97R1H1CK4A3TGJ1K,diamond on the left and 1 edge on the top right,01JH0ZDNTCH13XZDTNSGWAN5YP,TRUE,FALSE
01JH0ZNXK1DGHS47N097G4RNFF,1 hole on the right 1 on the left without its a small corner,01JH0ZDNTCH13XZDTNSGWAN5YP,TRUE,FALSE
01JH0ZNXK1DGHS47N097G4RNFF,large or small triangle on left?,01JH0ZGCE0SZNDNF9KEBZD782P,FALSE,FALSE
01JH0ZNXK1DGHS47N097G4RNFF,hole on the right i mean,01JH0ZDNTCH13XZDTNSGWAN5YP,TRUE,FALSE
01JH0ZNXK1DGHS47N097G4RNFF,small,01JH0ZDNTCH13XZDTNSGWAN5YP,TRUE,FALSE
01JH0ZNXK1DGHS47N097G4RNFF,GO TEAM!!,01JH0ZGCE0SZNDNF9KEBZD782P,FALSE,FALSE
01JH0ZNXK1DGHS47N097G4RNFF,its like a corner,01JH0ZDNTCH13XZDTNSGWAN5YP,TRUE,FALSE
01JH0ZNXK1DGHS47N097G4RNFF,NOOOOO,01JH0ZDNTCH13XZDTNSGWAN5YP,TRUE,TRUE
01JH10G6T1F1CF1WS9Q10MXY7P,the snake,01JH0ZRRSJTRCZ4ZDNZN1NM18J,TRUE,FALSE
01JH10G6T1F1CF1WS9Q10MXY7P,good,01JH0ZZQRJ088VTZ4BK5WZ5MYH,FALSE,FALSE
01JH150EBKJKP0YBBHWEP4WVE4,"Big jaw line, 4 legs",01JH14NY2S2NX1EZN2C9RWX3P3,TRUE,FALSE
01JH17B9J96XVWCCF1N9PZB7VS,looks like an umbrella on the right,01JH16R0FXPRTDDKM3EZ4AHETJ,TRUE,FALSE
01JH0ZHYF87GNH6MWTDMKC1XA9,looks like tripod on bottom,01JH0ZF8TRM7V47TBA0K2KGSW6,TRUE,FALSE
01JH0ZHYF87GNH6MWTDMKC1XA9,ok,01JH0YVPJHJA484R92F8Q7QA88,FALSE,FALSE
01JH0ZHYF87GNH6MWTDMKC1XA9,on top is black shape that is flat,01JH0ZF8TRM7V47TBA0K2KGSW6,TRUE,FALSE
01JH10TG290G9FXTQGQSV47YEP,spikey cat arrow,01JH10D3QMW178B4QXDNK94Q9F,TRUE,FALSE
01JH17B9B3TBYNMAE9FSD5MHJF,two arrows on the left side,01JH16W8EY1V73TD5KGBAMNVQ9,TRUE,FALSE
01JH17B9B3TBYNMAE9FSD5MHJF,looks like its got legs,01JH16W8EY1V73TD5KGBAMNVQ9,TRUE,FALSE
01JH0ZNXHGXQC57R6QRH26G0TH,Square top left. 2 points to the right side,01JH0ZGCE0SZNDNF9KEBZD782P,TRUE,FALSE
01JH0ZNXHGXQC57R6QRH26G0TH,Small square,01JH0ZGCE0SZNDNF9KEBZD782P,TRUE,FALSE
01JH0ZHYEM0BW08SFQQZ2NV33X,tripod on bottom,01JH0ZF8TRM7V47TBA0K2KGSW6,TRUE,FALSE
01JH0ZHYEM0BW08SFQQZ2NV33X,ears on top,01JH0ZF8TRM7V47TBA0K2KGSW6,TRUE,FALSE
01JH0ZHYEA6BY8VXD266NF8521,spiky bottom,01JH0ZF8TRM7V47TBA0K2KGSW6,TRUE,FALSE
01JH0ZHYEA6BY8VXD266NF8521,bird on top,01JH0ZF8TRM7V47TBA0K2KGSW6,TRUE,FALSE
01JH0ZNXHJBJXTFKH3YVPMVS3D,5 edges at the top and 1 small triangle on the left,01JH0ZDNTCH13XZDTNSGWAN5YP,TRUE,FALSE
01JH0ZNXHJBJXTFKH3YVPMVS3D,THERE IS NO HOLE,01JH0ZDNTCH13XZDTNSGWAN5YP,TRUE,FALSE
01JH0ZNXHJBJXTFKH3YVPMVS3D,ITS SMALLLL,01JH0ZDNTCH13XZDTNSGWAN5YP,TRUE,FALSE
01JH0ZNXHJBJXTFKH3YVPMVS3D,lol,01JH0ZDNTCH13XZDTNSGWAN5YP,TRUE,TRUE
01JH105F19XMVAP14CJQJKVV75,heading towards left- blocky type,01JH0ZSK9VP35HG27XV96QGK8P,TRUE,FALSE
01JH16TBC60SXWMNTKZ7F77171,"Hello! Let's start. I see four shapes, and one of them is marked as the target. I'll describe it to you. The target shape has a large triangle on the left side.",01JH16NJ1MECQD0S8DAJ39REQ5,TRUE,FALSE
01JH16TBC60SXWMNTKZ7F77171,hello!,01JH16KS8FMSPVZ1AHHPTX9Z7Q,FALSE,FALSE
01JH105F0C4CP8F8EBXSYVYDDP,tail in the left pointing upward,01JH0ZSK9VP35HG27XV96QGK8P,TRUE,FALSE
01JH0Z605SCSYPH8M72TD2YH25,Diamond bottom,01JH0YYB8YNEDQSFMX34EKSY7X,TRUE,FALSE
01JH0ZW9R0YH6VTB58DAPY4702,monster mouth to left,01JH0ZS6TEEZTSN6DTAG7QZ8YS,TRUE,FALSE
01JH0Z604QHF4XK82JN2P9FDW7,There is a diamond shape at the bottom,01JH0YWVP8MYRHJX6GYK4YNCSQ,TRUE,FALSE
01JH17B9ZAHP95HPRT8K3WRV91,it looks like a person like it has triangles fro feet and arms and an arrow head,01JH16W8EY1V73TD5KGBAMNVQ9,TRUE,FALSE
01JH0Z6056S6Y7TQH3MYS4MTF8,Diamond bottom,01JH0YYB8YNEDQSFMX34EKSY7X,TRUE,FALSE
01JH105EZG8SG56Y0T4DAZCXJ0,A arrow pointing towards right,01JH0ZSK9VP35HG27XV96QGK8P,TRUE,FALSE
01JH10TG6GQ8F3MKJJ20QT8NKB,house multiple floors,01JH10D3QMW178B4QXDNK94Q9F,TRUE,FALSE
01JH150DWPVP8942V4HA9BWDGV,"Triangle head man carrying baby, no eyes",01JH14NY2S2NX1EZN2C9RWX3P3,TRUE,FALSE
01JH0ZHYF6XNS0KY0GK8P49B3V,tripod on bottom,01JH0ZF8TRM7V47TBA0K2KGSW6,TRUE,FALSE
01JH0ZHYF6XNS0KY0GK8P49B3V,flat on top,01JH0ZF8TRM7V47TBA0K2KGSW6,TRUE,FALSE
01JH105F0697G56PX1QY6C182G,look like robot lying,01JH0ZSK9VP35HG27XV96QGK8P,TRUE,FALSE
01JH172D13DP73ZJN1E6F1JVME,Looks like a sloppy letter k with the back leg dragging,01JH16T46ECRT2DCA0TCK3A9FY,TRUE,FALSE
01JH0ZHYF48S4T1NN80BJD9B17,"one leg bottom, ears on top",01JH0YVPJHJA484R92F8Q7QA88,TRUE,FALSE
01JH17BAN6Z8ETWZXPRBAYQAWZ,chines house with a brick on top,01JH16R0FXPRTDDKM3EZ4AHETJ,TRUE,FALSE
01JH150ED8Q7WKRVEWCMDN3VA7,man carrying fish on his back running,01JH14EHNP0989SWS80XTG93E8,TRUE,FALSE
01JH10G6VDZETR87GN7Y8A64TP,arrow going left,01JH0ZRRSJTRCZ4ZDNZN1NM18J,TRUE,FALSE
01JH0Z6057JE27CWSWR2P3FX82,Diamond bottom,01JH0YWVP8MYRHJX6GYK4YNCSQ,TRUE,FALSE
01JH0ZW9M97C1FCBVP950AD8EJ,wolf open to right,01JH0ZS6TEEZTSN6DTAG7QZ8YS,TRUE,FALSE
01JH0ZW9QFA3ABNNGNQQGFS4TM,monster mouth open to left,01JH0ZS6TEEZTSN6DTAG7QZ8YS,TRUE,FALSE
01JH105EX5VEAEZSHCC0ZKZBZE,An inerted robot shape,01JH0ZSK9VP35HG27XV96QGK8P,TRUE,FALSE
01JH105F12GNXT2K0WM3QZQAZR,"Okay so it had a box-like bottom, then two bits coming off the top",01JH0ZVX8S2SBNZZFA5V7NKGW1,TRUE,FALSE
01JH150EA2A6H86DCCPHN5HBDY,traingle head holding a baby,01JH14EHNP0989SWS80XTG93E8,TRUE,FALSE
01JH0ZNXHYN6PE833ZP0KZB6RQ,flat on the left side 1 edge on the top right,01JH0ZDNTCH13XZDTNSGWAN5YP,TRUE,FALSE
01JH0ZNXHYN6PE833ZP0KZB6RQ,2 edges at the bottom,01JH0ZDNTCH13XZDTNSGWAN5YP,TRUE,FALSE
01JH0ZNXHYN6PE833ZP0KZB6RQ,flat all on the top,01JH0ZDNTCH13XZDTNSGWAN5YP,TRUE,FALSE
01JH150DYEX6MX2Q5GXRF79D8S,jawline man holding a baby,01JH14EHNP0989SWS80XTG93E8,TRUE,FALSE
01JH172E6080J61WVBR9ZFR976,fist punching wall that's spikey on the left,01JH16T46ECRT2DCA0TCK3A9FY,TRUE,FALSE
01JH0ZW9QTK4A5CMSWRJJFS560,upside down cup,01JH0ZFF7ZSP75ZGWGR8492XSG,TRUE,FALSE
01JH0Z605XGAHZC0J04KXV2XVD,"and again, bottom right",01JH0YWVP8MYRHJX6GYK4YNCSQ,TRUE,FALSE
01JH10G6YBB5APGKJ7RCA8K6EY,symetrical horizontal,01JH0ZRRSJTRCZ4ZDNZN1NM18J,TRUE,FALSE
01JH10TFWDA4NXZSWCQY52XP3G,cat with whiskers and arrow,01JH10D3QMW178B4QXDNK94Q9F,TRUE,FALSE
01JH10TFZ9B7SPJM8QGH768ZSC,"face, beret",01JH10KQNGZFF28QS5MVWVGPEK,TRUE,FALSE
01JH150E28BE3524QVZCSGN3H0,Running man with big jaw line,01JH14NY2S2NX1EZN2C9RWX3P3,TRUE,FALSE
01JH172C0CV0FETKJHK7Y6DCDC,"Looks like a letter ""K"" a little bit",01JH16T46ECRT2DCA0TCK3A9FY,TRUE,FALSE
01JH172C0CV0FETKJHK7Y6DCDC,frozen,01JH16KE9DJ3AKDCTWNY4P8HY4,FALSE,FALSE
01JH172DHJ2JJMGGMXGMNDFTCQ,fist punching a backwards L,01JH16T46ECRT2DCA0TCK3A9FY,TRUE,FALSE
01JH0Z605EEYH4FK03C8JAZMVJ,Sorry! Big arrow pointing down at bottom,01JH0YYB8YNEDQSFMX34EKSY7X,TRUE,FALSE
01JH172DM86NDTDP4APSKVVZ83,funnel through boot,01JH16KE9DJ3AKDCTWNY4P8HY4,TRUE,FALSE
01JH172C9VR02RCKNH1CB0HJFH,turkey pecking ground,01JH16KE9DJ3AKDCTWNY4P8HY4,TRUE,FALSE
01JH17BAF022B53WJ0BM2NK6CJ,christmas tree,01JH16W8EY1V73TD5KGBAMNVQ9,TRUE,FALSE
01JH0ZHYD16SQXDRQC6X4EV366,hi,01JH0YVPJHJA484R92F8Q7QA88,FALSE,FALSE
01JH0ZHYD16SQXDRQC6X4EV366,triangle on top,01JH0ZF8TRM7V47TBA0K2KGSW6,TRUE,FALSE
01JH0ZHYD16SQXDRQC6X4EV366,looks like tail on bottom,01JH0ZF8TRM7V47TBA0K2KGSW6,TRUE,FALSE
01JH0ZHYD16SQXDRQC6X4EV366,ok there are two images like that,01JH0YVPJHJA484R92F8Q7QA88,FALSE,FALSE
01JH0ZHYD16SQXDRQC6X4EV366,ok got it,01JH0YVPJHJA484R92F8Q7QA88,FALSE,FALSE
01JH17B9S0HK5YXFRNBRKFKERF,one that looks like a house with a small house on top,01JH16R0FXPRTDDKM3EZ4AHETJ,TRUE,FALSE
01JH0Z605GQ2QKE9VA2PA22SC4,diamond bottom,01JH0YWVP8MYRHJX6GYK4YNCSQ,TRUE,FALSE
01JH17BAJQ5XEYMCY3J5P9H9YB,christmas tree,01JH16W8EY1V73TD5KGBAMNVQ9,TRUE,FALSE
01JH0ZNXJM96E24Y5VCM4C37AS,3 shapes in total,01JH0ZGCE0SZNDNF9KEBZD782P,TRUE,FALSE
01JH0ZNXJM96E24Y5VCM4C37AS,triangle on left,01JH0ZGCE0SZNDNF9KEBZD782P,TRUE,FALSE
01JH0ZNXJM96E24Y5VCM4C37AS,flat to right,01JH0ZGCE0SZNDNF9KEBZD782P,TRUE,FALSE
01JH0ZNXJM96E24Y5VCM4C37AS,is there a hole on the left,01JH0ZDNTCH13XZDTNSGWAN5YP,FALSE,FALSE
01JH0ZNXJM96E24Y5VCM4C37AS,no hole,01JH0ZGCE0SZNDNF9KEBZD782P,TRUE,FALSE
01JH0ZNXJM96E24Y5VCM4C37AS,edge?,01JH0ZDNTCH13XZDTNSGWAN5YP,FALSE,FALSE
01JH0ZNXJM96E24Y5VCM4C37AS,at the top,01JH0ZDNTCH13XZDTNSGWAN5YP,FALSE,FALSE
01JH0ZW9N5ZGNQKCV53ET1KM7Q,upside down cup,01JH0ZFF7ZSP75ZGWGR8492XSG,TRUE,FALSE
01JH0ZW9Q019AD8M87VYAKK076,bird w/ shoes,01JH0ZFF7ZSP75ZGWGR8492XSG,TRUE,FALSE
01JH10G6RFS22VE57S9GQAVMJY,slightly bigger diamond on the left,01JH0ZRRSJTRCZ4ZDNZN1NM18J,TRUE,FALSE
01JH150DXYHMEPTCZ7MT7C8V1G,man with fish head running,01JH14EHNP0989SWS80XTG93E8,TRUE,FALSE
01JH150EE3N13C9ZTDAPRR457S,traingle head with two legs,01JH14EHNP0989SWS80XTG93E8,TRUE,FALSE
01JH150EE3N13C9ZTDAPRR457S,Running?,01JH14NY2S2NX1EZN2C9RWX3P3,FALSE,FALSE
01JH150EE3N13C9ZTDAPRR457S,no,01JH14EHNP0989SWS80XTG93E8,TRUE,TRUE
01JH172CR5J3QR76ETQJ4Y2B7A,Like a turkey walking straight with tail dragging,01JH16T46ECRT2DCA0TCK3A9FY,TRUE,FALSE
01JH17B9JZDWYTK7G1K8KK9NG7,which one,01JH16R0FXPRTDDKM3EZ4AHETJ,FALSE,FALSE
01JH17B9JZDWYTK7G1K8KK9NG7,looks like an octogon maybe? in the middle,01JH16W8EY1V73TD5KGBAMNVQ9,TRUE,FALSE
01JH0ZHYEGQ4WXKG3H3WGZDNYR,"flat bottom, flat top",01JH0YVPJHJA484R92F8Q7QA88,TRUE,FALSE
01JH10G6NX1PZJJNVHVYB46YGP,top left? lol,01JH0ZRRSJTRCZ4ZDNZN1NM18J,TRUE,FALSE
01JH10G6NX1PZJJNVHVYB46YGP,really,01JH0ZZQRJ088VTZ4BK5WZ5MYH,FALSE,FALSE
01JH10G6NB5VDKAY6Z6RAQ7256,hello,01JH0ZZQRJ088VTZ4BK5WZ5MYH,NA,FALSE
01JH0Z605D7C65RN7EVSEDFMQV,Diamond bottom right,01JH0YYB8YNEDQSFMX34EKSY7X,TRUE,FALSE
01JH0ZNXHP2CS44QY2B433ATMS,3 edges aty the top and a huge triangle on the right with a hole,01JH0ZDNTCH13XZDTNSGWAN5YP,TRUE,FALSE
01JH0ZNXHP2CS44QY2B433ATMS,diamond on the left,01JH0ZDNTCH13XZDTNSGWAN5YP,TRUE,FALSE
01JH0ZNXHP2CS44QY2B433ATMS,diamond on left??,01JH0ZGCE0SZNDNF9KEBZD782P,FALSE,FALSE
01JH0ZNXHP2CS44QY2B433ATMS,got u,01JH0ZGCE0SZNDNF9KEBZD782P,FALSE,FALSE
01JH150E116AXRH25G6EFPJMX8,4 legged big jaw line,01JH14NY2S2NX1EZN2C9RWX3P3,TRUE,FALSE
01JH0Z60500RMSRKSRCDF05Y22,Arrow pointing down at bottom,01JH0YYB8YNEDQSFMX34EKSY7X,TRUE,FALSE
01JH10TFW698BG06N46KT92RJD,tent on top of university student,01JH10D3QMW178B4QXDNK94Q9F,TRUE,FALSE
01JH10TFW698BG06N46KT92RJD,hat,01JH10D3QMW178B4QXDNK94Q9F,TRUE,FALSE
01JH10TFW698BG06N46KT92RJD,does it have white triangle,01JH10KQNGZFF28QS5MVWVGPEK,FALSE,FALSE
01JH10TFW698BG06N46KT92RJD,yesw,01JH10D3QMW178B4QXDNK94Q9F,TRUE,TRUE
01JH0ZNXJPXFMCECR37FMP4PT5,5 edges at the top 1 small triangle on the right,01JH0ZDNTCH13XZDTNSGWAN5YP,TRUE,FALSE
01JH0ZNXJPXFMCECR37FMP4PT5,without hoole,01JH0ZDNTCH13XZDTNSGWAN5YP,TRUE,FALSE
01JH0ZNXJPXFMCECR37FMP4PT5,*hole,01JH0ZDNTCH13XZDTNSGWAN5YP,TRUE,FALSE
01JH0ZNXJPXFMCECR37FMP4PT5,flat at top or no?,01JH0ZGCE0SZNDNF9KEBZD782P,FALSE,FALSE
01JH0ZNXJPXFMCECR37FMP4PT5,no,01JH0ZDNTCH13XZDTNSGWAN5YP,TRUE,TRUE
01JH105EXCQ26J0SCBAQ64V6CD,"Left-hand side if like an arrow, then right-hand side looks like a house almost",01JH0ZVX8S2SBNZZFA5V7NKGW1,TRUE,FALSE
01JH105EXCQ26J0SCBAQ64V6CD,With a triangular roof then a squared bit on top,01JH0ZVX8S2SBNZZFA5V7NKGW1,TRUE,FALSE
01JH0ZHYF7HQS955B6G6KA0387,tripod on bottom,01JH0ZF8TRM7V47TBA0K2KGSW6,TRUE,FALSE
01JH0ZHYF7HQS955B6G6KA0387,looks like bird sitting on top,01JH0ZF8TRM7V47TBA0K2KGSW6,TRUE,FALSE
01JH172E1WFYVE1JQ43Q67PJ1S,spikey on the right two triangles,01JH16T46ECRT2DCA0TCK3A9FY,TRUE,FALSE
01JH10G6Y1BJ9JDKJP4PB78QHH,that was funny,01JH0ZZQRJ088VTZ4BK5WZ5MYH,TRUE,TRUE
01JH10G6Y1BJ9JDKJP4PB78QHH,the image you classified as M,01JH0ZZQRJ088VTZ4BK5WZ5MYH,TRUE,FALSE
01JH10G6Y1BJ9JDKJP4PB78QHH,got me sweating,01JH0ZRRSJTRCZ4ZDNZN1NM18J,FALSE,FALSE
01JH10TG0ATP8YDHHW01WBBTRX,spiky cat,01JH10D3QMW178B4QXDNK94Q9F,TRUE,FALSE
01JH172C78EQ7ERT6ZM6X5BN0P,It kind of looks like a boot facing left with a funnel going through it,01JH16T46ECRT2DCA0TCK3A9FY,TRUE,FALSE
01JH172DE7GTTHX6DH71F1EKD7,"llama walking foward, legs dragging behind",01JH16KE9DJ3AKDCTWNY4P8HY4,TRUE,FALSE
01JH0Z605QAPE3TAJA2HGXV073,Diamond bottom,01JH0YWVP8MYRHJX6GYK4YNCSQ,TRUE,FALSE
01JH150E9JEC6SKZNYEBGG8MHA,man carrying big cup on his back,01JH14EHNP0989SWS80XTG93E8,TRUE,FALSE
01JH150E8XF3WFHJZJKP9ZMVE6,castle with two eyes and two legs,01JH14EHNP0989SWS80XTG93E8,TRUE,FALSE
01JH0Z604X9VCAA6ZWJ19J9ZV9,Arrow pointing up at the top,01JH0YYB8YNEDQSFMX34EKSY7X,TRUE,FALSE
01JH150E6GCSRXJBQ8M9HJX3KK,"Triangle head, running away",01JH14NY2S2NX1EZN2C9RWX3P3,TRUE,FALSE
01JH150DKCD0PDSQYZHG1JXYW6,Running man with defined jaw line,01JH14NY2S2NX1EZN2C9RWX3P3,TRUE,FALSE
01JH105EY29B76WQJ318MXEA4X,"A diamond shape on left, with an arrow on right",01JH0ZVX8S2SBNZZFA5V7NKGW1,TRUE,FALSE
01JH0Z605PSQXZP8K7RZYYPYK7,Diamond bottom,01JH0YYB8YNEDQSFMX34EKSY7X,TRUE,FALSE
01JH0ZNXJQ9E4MX1B2EJERNF64,Square top left. 3 points at bottom,01JH0ZGCE0SZNDNF9KEBZD782P,TRUE,FALSE
01JH105EX93ATWSG2MH3MACR9P,Big blocky shape - triangular bit on left,01JH0ZVX8S2SBNZZFA5V7NKGW1,TRUE,FALSE
01JH17B9FFFBDB12GV3M66H2W5,which one,01JH16R0FXPRTDDKM3EZ4AHETJ,FALSE,FALSE
01JH17B9FFFBDB12GV3M66H2W5,on the right side there is an arrow,01JH16W8EY1V73TD5KGBAMNVQ9,TRUE,FALSE
01JH17B9FFFBDB12GV3M66H2W5,theres only one with an arrow,01JH16W8EY1V73TD5KGBAMNVQ9,TRUE,FALSE
01JH0ZNXJG89VRB0EMHHTB2DCH,Whole top is flat,01JH0ZGCE0SZNDNF9KEBZD782P,TRUE,FALSE
01JH0ZNXJG89VRB0EMHHTB2DCH,easy,01JH0ZDNTCH13XZDTNSGWAN5YP,FALSE,FALSE
01JH0ZHYFEYZGDVMQV86MJF67F,tripod at bottom,01JH0YVPJHJA484R92F8Q7QA88,TRUE,FALSE
01JH0ZHYFEYZGDVMQV86MJF67F,triangle at top,01JH0YVPJHJA484R92F8Q7QA88,TRUE,FALSE
01JH172ECTR4X3XPAPAJE5RCGK,half llama half spiky nail,01JH16KE9DJ3AKDCTWNY4P8HY4,TRUE,FALSE
01JH0ZHYDQ1FR0MB5Z2G9BHPEV,flat bottom,01JH0ZF8TRM7V47TBA0K2KGSW6,TRUE,FALSE
01JH0ZHYDQ1FR0MB5Z2G9BHPEV,triangle on top,01JH0ZF8TRM7V47TBA0K2KGSW6,TRUE,FALSE
01JH150E4T190X3HAZYWRX6EKK,man carrying fish on his back,01JH14EHNP0989SWS80XTG93E8,TRUE,FALSE
01JH10TG70TBB9QT7YF34E4F08,white eye,01JH10D3QMW178B4QXDNK94Q9F,TRUE,FALSE
01JH172D5GFQARV5XYWP4NGPAR,end of a christmas cracker,01JH16KE9DJ3AKDCTWNY4P8HY4,TRUE,FALSE
01JH17BA14B7WF8NEA3ERAZB8J,the hous with arrows on the roof and at the bottom,01JH16R0FXPRTDDKM3EZ4AHETJ,TRUE,FALSE
01JH17BAECTPZBWJ9TH0QSN6WP,"rocket ship, christmas tree, arrow or chinese house",01JH16W8EY1V73TD5KGBAMNVQ9,TRUE,FALSE
01JH17BAECTPZBWJ9TH0QSN6WP,arrow with a ruler and a house,01JH16R0FXPRTDDKM3EZ4AHETJ,FALSE,FALSE
01JH105EXYJW140NTB6WES76G0,Blocky again - all bits pointing to left,01JH0ZVX8S2SBNZZFA5V7NKGW1,TRUE,FALSE
01JH150DJ857ZZBYRRN34F0042,What does it look like?,01JH14NY2S2NX1EZN2C9RWX3P3,FALSE,FALSE
01JH150DJ857ZZBYRRN34F0042,Fish looking up,01JH14EHNP0989SWS80XTG93E8,TRUE,FALSE
01JH17BAM2EY637XW4CD8SNN11,2 feet at the bottom big blob as head,01JH16W8EY1V73TD5KGBAMNVQ9,TRUE,FALSE
01JH0ZW9M2WB07829N55V3NFR9,most solid.. not wolf on ledge,01JH0ZS6TEEZTSN6DTAG7QZ8YS,TRUE,FALSE
01JH150E5PGY3EXVJ3YFHFB5MK,"Castle man, with 2 eyes, carrying baby",01JH14NY2S2NX1EZN2C9RWX3P3,TRUE,FALSE
01JH10TG8H74REDMTGHHVDW76X,cat with arrow,01JH10D3QMW178B4QXDNK94Q9F,TRUE,FALSE
01JH105EZRKR9XGHAK9VYA2HDH,robot lying again,01JH0ZSK9VP35HG27XV96QGK8P,TRUE,FALSE
01JH0ZW9P59NW1BGPA9WCR0QCZ,almost a z on top of a crown,01JH0ZS6TEEZTSN6DTAG7QZ8YS,TRUE,FALSE
01JH11ATV3KHNY2Z2MBVED0YFS,Are you there yet,01JH116VPDXTYT77ZFKS3VZ75G,NA,FALSE
01JH150EF2CRBHNRR35R21X05Y,"Triangle head, on back of leaning man",01JH14NY2S2NX1EZN2C9RWX3P3,TRUE,FALSE
01JH0ZHYEK3D2CQ3VFE2KHSGD1,flat bottom,01JH0ZF8TRM7V47TBA0K2KGSW6,TRUE,FALSE
01JH0ZHYEK3D2CQ3VFE2KHSGD1,ears on top,01JH0ZF8TRM7V47TBA0K2KGSW6,TRUE,FALSE
01JH10TFSJR303CG1A6GCEYS6E,white box and triangle,01JH10D3QMW178B4QXDNK94Q9F,TRUE,FALSE
01JH10TFSJR303CG1A6GCEYS6E,??,01JH10KQNGZFF28QS5MVWVGPEK,FALSE,FALSE
01JH172D42C42EZE0JM0GQJNEZ,Turkey walking straight with pointed tail down,01JH16T46ECRT2DCA0TCK3A9FY,TRUE,FALSE
01JH10G6QT8VBJS9MAJ3E8MS1P,two sharp points top and bottom facing left,01JH0ZRRSJTRCZ4ZDNZN1NM18J,TRUE,FALSE
01JH10TFSXJ50D5P6QP1JPJ3J9,triangle for an eye,01JH10D3QMW178B4QXDNK94Q9F,TRUE,FALSE
01JH150E63F9FKTC9SWBVRP2Q5,fish head wit four legs,01JH14EHNP0989SWS80XTG93E8,TRUE,FALSE
01JH150E63F9FKTC9SWBVRP2Q5,I'm clicking,01JH14NY2S2NX1EZN2C9RWX3P3,FALSE,FALSE
01JH150E63F9FKTC9SWBVRP2Q5,it's not doing anything,01JH14NY2S2NX1EZN2C9RWX3P3,FALSE,FALSE
01JH17B971KARCZZSC8WBWGDH8,i unfortunately didnt read instructions can you tell me what to do,01JH16W8EY1V73TD5KGBAMNVQ9,NA,FALSE
01JH105F3FRZC177K07PSC92QQ,S shape on its side on left - white square block in middle of rght,01JH0ZVX8S2SBNZZFA5V7NKGW1,TRUE,FALSE
01JH0ZW9QBPC27PD266SP9Y3FY,smushed square on bottom again,01JH0ZFF7ZSP75ZGWGR8492XSG,TRUE,FALSE
01JH10G6SSDGJ6QD7902AKCQS0,image with an opposite C,01JH0ZRRSJTRCZ4ZDNZN1NM18J,TRUE,FALSE
01JH17B9HGT93A8C6C84WWBAY6,a single arrow on the right,01JH16R0FXPRTDDKM3EZ4AHETJ,TRUE,FALSE
01JH0Z604YVJNF5W5XST8QTFV4,Diamond bottom right,01JH0YWVP8MYRHJX6GYK4YNCSQ,TRUE,FALSE
01JH16RVE12SRPH3APXST994CW,it looks the same but the lower diagram,01JH16K8JGRDA2R62NXZ6PSAF9,TRUE,FALSE
01JH172EKYNT8Y00Q88S51KHD6,weird accordion,01JH16KE9DJ3AKDCTWNY4P8HY4,TRUE,FALSE
01JH172EKYNT8Y00Q88S51KHD6,:),01JH16KE9DJ3AKDCTWNY4P8HY4,TRUE,TRUE
01JH0ZHYEP8WZMYKXW4PP85BQG,"spiky bottom, ears on top",01JH0YVPJHJA484R92F8Q7QA88,TRUE,FALSE
01JH0ZW9M4BDTB08KHBTEJFJMJ,most solid shape,01JH0ZS6TEEZTSN6DTAG7QZ8YS,TRUE,FALSE
01JH150DTP8NPKXPGXWZ15MDT7,Big jaw line man running,01JH14NY2S2NX1EZN2C9RWX3P3,TRUE,FALSE
01JH150DTP8NPKXPGXWZ15MDT7,sorry,01JH14EHNP0989SWS80XTG93E8,FALSE,FALSE
01JH150DTP8NPKXPGXWZ15MDT7,It's okay bud :),01JH14NY2S2NX1EZN2C9RWX3P3,TRUE,TRUE
01JH172BW4J4AX0D52HH1GH72K,still looks a bit like an accordion,01JH16KE9DJ3AKDCTWNY4P8HY4,TRUE,FALSE
01JH172EE8PB2TTN496V6ZPQEJ,spikey accordion,01JH16T46ECRT2DCA0TCK3A9FY,TRUE,FALSE
01JH0ZHYEZEWWYHKHQFBDR1TCW,left long leg on bottom,01JH0ZF8TRM7V47TBA0K2KGSW6,TRUE,FALSE
01JH0ZHYEZEWWYHKHQFBDR1TCW,flat on top,01JH0ZF8TRM7V47TBA0K2KGSW6,TRUE,FALSE
01JH17B9VWN92X6Z68MNNR9JHG,imagine you are going from left to right,01JH16W8EY1V73TD5KGBAMNVQ9,TRUE,FALSE
01JH17B9VWN92X6Z68MNNR9JHG,2 triangles,01JH16W8EY1V73TD5KGBAMNVQ9,TRUE,FALSE
01JH17B9VWN92X6Z68MNNR9JHG,and then rectangle,01JH16W8EY1V73TD5KGBAMNVQ9,TRUE,FALSE
01JH0ZNXHXA505AG6XADHQYM8J,diamond on the left and 3 points at the bottom,01JH0ZDNTCH13XZDTNSGWAN5YP,TRUE,FALSE
01JH0ZNXHXA505AG6XADHQYM8J,sqaure on the right,01JH0ZDNTCH13XZDTNSGWAN5YP,TRUE,FALSE
01JH0ZW9NG7BNW3P4300RRNKS4,z on top of crown,01JH0ZS6TEEZTSN6DTAG7QZ8YS,TRUE,FALSE
01JH150DRB4W3ATJ93QPT276QD,jawline head man with four legs,01JH14EHNP0989SWS80XTG93E8,TRUE,FALSE
01JH0ZHYF12279FJNJNQB60RGC,"spiky bottom, bird on top",01JH0YVPJHJA484R92F8Q7QA88,TRUE,FALSE
01JH0ZHYESMSP7ZDVY1WWE454W,"flat bottom, triangle on top",01JH0YVPJHJA484R92F8Q7QA88,TRUE,FALSE
01JH0ZNXHH659EFDEPSMY3W1VS,diamond on the left. 2 points on the right,01JH0ZGCE0SZNDNF9KEBZD782P,TRUE,FALSE
01JH105F08401P3FRRGX7AHSK4,Looks like an arrow on left and then a straight edge on right (like a house with a roof then a flat bit on top),01JH0ZVX8S2SBNZZFA5V7NKGW1,TRUE,FALSE
01JH0ZHYEB8BKYRQKNWZT6K4DF,spiky bottom,01JH0ZF8TRM7V47TBA0K2KGSW6,TRUE,FALSE
01JH0ZHYEB8BKYRQKNWZT6K4DF,triangle on top,01JH0ZF8TRM7V47TBA0K2KGSW6,TRUE,FALSE
01JH10G6P4G4MRJX2M0T096Z86,i clicked it didnt respond,01JH0ZRRSJTRCZ4ZDNZN1NM18J,TRUE,TRUE
01JH10G6P4G4MRJX2M0T096Z86,same here,01JH0ZZQRJ088VTZ4BK5WZ5MYH,FALSE,FALSE
01JH10G6P4G4MRJX2M0T096Z86,looks bit like pacman,01JH0ZRRSJTRCZ4ZDNZN1NM18J,TRUE,FALSE
01JH10G6P4G4MRJX2M0T096Z86,i think they are having a technical issues,01JH0ZZQRJ088VTZ4BK5WZ5MYH,FALSE,FALSE
01JH10G6P4G4MRJX2M0T096Z86,white rectangle insude,01JH0ZRRSJTRCZ4ZDNZN1NM18J,TRUE,FALSE
01JH150DR0FEG022P9CP11E1JA,Non-fish-head man running // triangle head man running,01JH14NY2S2NX1EZN2C9RWX3P3,TRUE,FALSE
01JH17BAAN27Q45WRSDW01YPFY,chinese house,01JH16W8EY1V73TD5KGBAMNVQ9,TRUE,FALSE
01JH17BAAN27Q45WRSDW01YPFY,with 2 feet,01JH16W8EY1V73TD5KGBAMNVQ9,TRUE,FALSE
01JH0Z605AK08E2R69YCKPFAN9,Diamond bottom right,01JH0YYB8YNEDQSFMX34EKSY7X,TRUE,FALSE
01JH0ZW9RJ3DEB6DZ1P3J8S6BN,Diamond. or death star,01JH0ZFF7ZSP75ZGWGR8492XSG,TRUE,FALSE
01JH0ZHYEGQ4WXKG3H3560W1S1,"tripod bottom, bird on top",01JH0YVPJHJA484R92F8Q7QA88,TRUE,FALSE
01JH0ZHYEVAS14HK8S1B8JNY0R,tripod on bottom,01JH0ZF8TRM7V47TBA0K2KGSW6,TRUE,FALSE
01JH0ZHYEVAS14HK8S1B8JNY0R,triangle on top,01JH0ZF8TRM7V47TBA0K2KGSW6,TRUE,FALSE
01JH0Z6055TVVV10X680ZQ7XXC,Diamond bottom right,01JH0YWVP8MYRHJX6GYK4YNCSQ,TRUE,FALSE
01JH150EB4MAZVVR4CKWMVZDGN,Fish head running,01JH14NY2S2NX1EZN2C9RWX3P3,TRUE,FALSE
01JH150EB4MAZVVR4CKWMVZDGN,it is not clicking,01JH14EHNP0989SWS80XTG93E8,FALSE,FALSE
01JH172D7Q3A459E65F3V8RARX,spiky accordion,01JH16KE9DJ3AKDCTWNY4P8HY4,TRUE,FALSE
01JH0ZW9NSJGBZ7AX5TY3M5ZSZ,deathstar lol,01JH0ZS6TEEZTSN6DTAG7QZ8YS,TRUE,FALSE
01JH0ZW9NSJGBZ7AX5TY3M5ZSZ,triangle shape in middle,01JH0ZS6TEEZTSN6DTAG7QZ8YS,TRUE,FALSE
01JH0ZNXHTT1F2XS6ZH5AV5NQ0,8 points on the left. Whole on the left. Big square,01JH0ZGCE0SZNDNF9KEBZD782P,TRUE,FALSE
01JH0ZNXHTT1F2XS6ZH5AV5NQ0,hold*,01JH0ZGCE0SZNDNF9KEBZD782P,TRUE,FALSE
01JH0ZNXHTT1F2XS6ZH5AV5NQ0,*hole,01JH0ZGCE0SZNDNF9KEBZD782P,TRUE,FALSE
01JH0ZNXHTT1F2XS6ZH5AV5NQ0,got you,01JH0ZDNTCH13XZDTNSGWAN5YP,FALSE,FALSE
01JH150E3QH90PA3DQ704RRXAR,"man  with traingle head running, no eyes",01JH14EHNP0989SWS80XTG93E8,TRUE,FALSE
01JH172BTW01PR8FVHM7KQTJKZ,Looks like a turkey with a big fluffy tail walking straight,01JH16T46ECRT2DCA0TCK3A9FY,TRUE,FALSE
01JH0Z6052355TFQC41PXSHS7V,Diamond bottom right,01JH0YWVP8MYRHJX6GYK4YNCSQ,TRUE,FALSE
01JH0ZNXJD5RWJP2R0B6HSEJWD,diamond on the left and 3 edges on the left,01JH0ZDNTCH13XZDTNSGWAN5YP,TRUE,FALSE
01JH0ZNXJD5RWJP2R0B6HSEJWD,right,01JH0ZDNTCH13XZDTNSGWAN5YP,TRUE,FALSE
01JH0ZNXJD5RWJP2R0B6HSEJWD,on the right? do you mean?,01JH0ZGCE0SZNDNF9KEBZD782P,FALSE,FALSE
01JH0ZNXJD5RWJP2R0B6HSEJWD,haha,01JH0ZGCE0SZNDNF9KEBZD782P,FALSE,FALSE
01JH0ZNXJD5RWJP2R0B6HSEJWD,edges on the right,01JH0ZDNTCH13XZDTNSGWAN5YP,TRUE,FALSE
01JH10TG03JH74RKMMDQ8RRWAN,white eye,01JH10KQNGZFF28QS5MVWVGPEK,TRUE,FALSE
01JH0ZHYEC0ZMQRRNZRP5HCMZ7,"tripod bottom, bird on top",01JH0YVPJHJA484R92F8Q7QA88,TRUE,FALSE
01JH0ZNXJAJX2V88B1EV5F7WV2,3 edges on the right and 3 edges on the top left,01JH0ZDNTCH13XZDTNSGWAN5YP,TRUE,FALSE
01JH0ZNXJAJX2V88B1EV5F7WV2,left is flat with 1 small edge,01JH0ZDNTCH13XZDTNSGWAN5YP,TRUE,FALSE
01JH0ZNXJAJX2V88B1EV5F7WV2,3 edges on the left,01JH0ZDNTCH13XZDTNSGWAN5YP,TRUE,FALSE
01JH0ZNXH9F5JWS6KKC31PB8CM,triangle hole on the right. Diamond on the left,01JH0ZGCE0SZNDNF9KEBZD782P,TRUE,FALSE
01JH0ZHYER913W1616RSKWH31A,long left on bottom,01JH0ZF8TRM7V47TBA0K2KGSW6,TRUE,FALSE
01JH0ZHYER913W1616RSKWH31A,triangle on top,01JH0ZF8TRM7V47TBA0K2KGSW6,TRUE,FALSE
01JH0ZNXJ1MN1P101G39RBZVW9,Triangle on the left. 3 points on the right,01JH0ZGCE0SZNDNF9KEBZD782P,TRUE,FALSE
01JH0ZNXJ1MN1P101G39RBZVW9,flat at top,01JH0ZGCE0SZNDNF9KEBZD782P,TRUE,FALSE
01JH10TG5ETBYHA863NCHA26P2,white eye,01JH10KQNGZFF28QS5MVWVGPEK,TRUE,FALSE
01JH10TFY55T2C2SX9N2TJ3V0E,white triangle and square,01JH10KQNGZFF28QS5MVWVGPEK,TRUE,FALSE
01JH16TB5Y9KXDPY9JYK37F32R,it has like 2 triangles on the right side,01JH16KS8FMSPVZ1AHHPTX9Z7Q,TRUE,FALSE
01JH17B9ETFPEQ0BYXW52YYNNS,wasnt simple,01JH16W8EY1V73TD5KGBAMNVQ9,TRUE,FALSE
01JH17B9ETFPEQ0BYXW52YYNNS,what do i look for,01JH16R0FXPRTDDKM3EZ4AHETJ,FALSE,FALSE
01JH17B9ETFPEQ0BYXW52YYNNS,i have no idea how to describe,01JH16W8EY1V73TD5KGBAMNVQ9,TRUE,TRUE
01JH17B9ETFPEQ0BYXW52YYNNS,you have to,01JH16R0FXPRTDDKM3EZ4AHETJ,FALSE,FALSE
01JH17B9ETFPEQ0BYXW52YYNNS,theres 2 shapes that arent very pointy,01JH16W8EY1V73TD5KGBAMNVQ9,TRUE,FALSE
01JH17B9ETFPEQ0BYXW52YYNNS,like they have alot of body to them,01JH16W8EY1V73TD5KGBAMNVQ9,TRUE,FALSE
01JH105EWN7C0CKJ2E8W0YJQF0,Hey so the shape looks like it has two legs on the right-hand side,01JH0ZVX8S2SBNZZFA5V7NKGW1,TRUE,FALSE
01JH105EWN7C0CKJ2E8W0YJQF0,and arms on the left-hand side,01JH0ZVX8S2SBNZZFA5V7NKGW1,TRUE,FALSE
01JH105EWN7C0CKJ2E8W0YJQF0,it's like a body on its side,01JH0ZVX8S2SBNZZFA5V7NKGW1,TRUE,FALSE
01JH0ZNXJJPXK1ZYP6H2HTFFDH,top is flat with 1 edge on the right#,01JH0ZDNTCH13XZDTNSGWAN5YP,TRUE,FALSE
01JH10G6VSF1XVW7298PHPY264,opposite C,01JH0ZZQRJ088VTZ4BK5WZ5MYH,TRUE,FALSE
01JH172D2N37Y228HTKD355B3M,turkey pecking ground,01JH16KE9DJ3AKDCTWNY4P8HY4,TRUE,FALSE
01JH172EFGBSH143GF93HGT3R8,backwards L with spikey right side two triangles,01JH16T46ECRT2DCA0TCK3A9FY,TRUE,FALSE
01JH0Z605RMNCAETN1HP9CD8CB,Big triangle base pointing down,01JH0YYB8YNEDQSFMX34EKSY7X,TRUE,FALSE
01JH105F0G76QPQWVKHEWB22TM,Like an S shape on its side on the left of it - then right is like a diamond shape but with a straight edge and a white square inside,01JH0ZVX8S2SBNZZFA5V7NKGW1,TRUE,FALSE
01JH172E3D12G4G6KY06EN1KVR,fist punching spiky nail,01JH16KE9DJ3AKDCTWNY4P8HY4,TRUE,FALSE
01JH0Z604RJDWND0EM8DGCCEXA,There are lots of jagged edges and a diamond shape at the bottom,01JH0YYB8YNEDQSFMX34EKSY7X,TRUE,FALSE
01JH172CBMFGRPZ6CTCP9MQF44,spikey on the right with two triangles,01JH16T46ECRT2DCA0TCK3A9FY,TRUE,FALSE
01JH0ZHYF0XBZKPW3F6DP2DB8T,"flat bottom, ears on top",01JH0YVPJHJA484R92F8Q7QA88,TRUE,FALSE
01JH10TG1C0ZPZEJXEGM0BM156,house with chimney balencing object#,01JH10D3QMW178B4QXDNK94Q9F,TRUE,FALSE
01JH150E32B7XVYAHBG8RCV0RA,"Man with a triangular head, carrying a baby",01JH14NY2S2NX1EZN2C9RWX3P3,TRUE,FALSE
01JH150E32B7XVYAHBG8RCV0RA,no eyes,01JH14NY2S2NX1EZN2C9RWX3P3,TRUE,FALSE
01JH16TBFZ8F183Y8814N224X2,I choose shape 2,01JH16NJ1MECQD0S8DAJ39REQ5,FALSE,FALSE
01JH16TBFZ8F183Y8814N224X2,looks like a crab on the left side,01JH16KS8FMSPVZ1AHHPTX9Z7Q,TRUE,FALSE
01JH10G6NRFFFRXMRF49XC6AVC,M,01JH0ZRRSJTRCZ4ZDNZN1NM18J,TRUE,FALSE
01JH10G6NRFFFRXMRF49XC6AVC,m with hole in it or,01JH0ZZQRJ088VTZ4BK5WZ5MYH,FALSE,FALSE
01JH10G6NRFFFRXMRF49XC6AVC,no hole,01JH0ZRRSJTRCZ4ZDNZN1NM18J,TRUE,FALSE
01JH0ZHYEZEWWYHKHQG6Q1EQ41,long leg at bottom,01JH0ZF8TRM7V47TBA0K2KGSW6,TRUE,FALSE
01JH0ZHYEZEWWYHKHQG6Q1EQ41,looks like bird on top,01JH0ZF8TRM7V47TBA0K2KGSW6,TRUE,FALSE
01JH0ZHYF12279FJNJPEKW8BXS,one long leg on the left bottom,01JH0YVPJHJA484R92F8Q7QA88,TRUE,FALSE
01JH0ZHYF12279FJNJPEKW8BXS,flat top,01JH0YVPJHJA484R92F8Q7QA88,TRUE,FALSE
01JH105F3BF7CXMCB6FJB87ZHP,Combination of arrows pointing right,01JH0ZSK9VP35HG27XV96QGK8P,TRUE,FALSE
01JH0ZHYE7MWT0Q5DR247YVEDH,"spiky bottom, flat top",01JH0YVPJHJA484R92F8Q7QA88,TRUE,FALSE
01JH105EZYGJQAZQ3AEW1E7HWQ,"White trapezoid shape on right,",01JH0ZVX8S2SBNZZFA5V7NKGW1,TRUE,FALSE
01JH150DRQ20QSDH6F6V5K61JN,Running man with castle-like upper-body. 2 eyes in center of body,01JH14NY2S2NX1EZN2C9RWX3P3,TRUE,FALSE
01JH105F4E0WCEXNQD09F13WHZ,"Two arams like - on in left pointing downward, right arm upward",01JH0ZSK9VP35HG27XV96QGK8P,TRUE,FALSE
01JH172DYWBAFJ6H11SWTWD6WZ,turkey walking forward with fluffy tail,01JH16KE9DJ3AKDCTWNY4P8HY4,TRUE,FALSE
01JH17B9A7B8DQRQ8XKHQ15Y66,describe the item i amto look for,01JH16R0FXPRTDDKM3EZ4AHETJ,FALSE,FALSE
01JH17B9A7B8DQRQ8XKHQ15Y66,arrow in the middle,01JH16W8EY1V73TD5KGBAMNVQ9,TRUE,FALSE
01JH17BAGHDV846FFEXZCW8F11,"arrow,ruler,house",01JH16R0FXPRTDDKM3EZ4AHETJ,TRUE,FALSE
01JH0ZHYDW35D5WW77STG0G9GR,one leg bottom,01JH0ZF8TRM7V47TBA0K2KGSW6,TRUE,FALSE
01JH0ZHYDW35D5WW77STG0G9GR,bird on top,01JH0ZF8TRM7V47TBA0K2KGSW6,TRUE,FALSE
01JH10G6XQFJMK29X1E483NQ8M,hexagon,01JH0ZRRSJTRCZ4ZDNZN1NM18J,TRUE,FALSE
01JH10G6QHVC6G86FNYKVPVGZH,looks like an M,01JH0ZRRSJTRCZ4ZDNZN1NM18J,TRUE,FALSE
01JH0ZHYFBR5Y9YSZN8EA3WDPQ,one long leg at bottom,01JH0YVPJHJA484R92F8Q7QA88,TRUE,FALSE
01JH0ZHYFBR5Y9YSZN8EA3WDPQ,triangle on top,01JH0YVPJHJA484R92F8Q7QA88,TRUE,FALSE
01JH0ZW9R25C1G27DESW73QQRJ,animal sitting with bowl under,01JH0ZFF7ZSP75ZGWGR8492XSG,TRUE,FALSE
01JH10G6NG871SQ5XAMQY53BDR,truangular shape to it,01JH0ZRRSJTRCZ4ZDNZN1NM18J,TRUE,FALSE
01JH10G6NG871SQ5XAMQY53BDR,okay,01JH0ZZQRJ088VTZ4BK5WZ5MYH,FALSE,FALSE
01JH10TFXYN2Z9JF60BNPJVVGZ,"house, chimney arrow",01JH10KQNGZFF28QS5MVWVGPEK,TRUE,FALSE
01JH172CPJ0V5REG1F8M0AXQN0,like a funnel going through a boot,01JH16KE9DJ3AKDCTWNY4P8HY4,TRUE,FALSE
01JH0Z6056S6Y7TQH3PN18VF86,Diamond at bottom,01JH0YYB8YNEDQSFMX34EKSY7X,TRUE,FALSE
01JH0ZW9QPXHR8G9XMYFR6M7Q4,wolf on ledge,01JH0ZFF7ZSP75ZGWGR8492XSG,TRUE,FALSE
01JH105EZ848ZZM4VTWTRKY44P,A white space of trapezoid inside,01JH0ZSK9VP35HG27XV96QGK8P,TRUE,FALSE
01JH10G6PTBX4Z7QXX9BH57PKB,its symmetrical,01JH0ZRRSJTRCZ4ZDNZN1NM18J,TRUE,FALSE
01JH10G6PTBX4Z7QXX9BH57PKB,like a plane,01JH0ZRRSJTRCZ4ZDNZN1NM18J,TRUE,FALSE
01JH10G6PTBX4Z7QXX9BH57PKB,or a jet,01JH0ZRRSJTRCZ4ZDNZN1NM18J,TRUE,FALSE
01JH17BA8H9JNZBRS1PZJ88KDX,like a christmas tree 3 blocks on the right side,01JH16W8EY1V73TD5KGBAMNVQ9,TRUE,FALSE
01JH0Z604PQAWP7S5692TVXXHV,It is shaped like a tree,01JH0YWVP8MYRHJX6GYK4YNCSQ,TRUE,FALSE
01JH172CW3GVNGVRGN28JZGKN8,like a fist punching a spiky nail,01JH16KE9DJ3AKDCTWNY4P8HY4,TRUE,FALSE
01JH17BADM0RNYE68ZRM14756G,left side christmas tree right side arrow,01JH16W8EY1V73TD5KGBAMNVQ9,TRUE,FALSE
01JH17BADM0RNYE68ZRM14756G,seperated by a line,01JH16W8EY1V73TD5KGBAMNVQ9,TRUE,FALSE
01JH0ZNXJM96E24Y5VDF7YFCP3,triangle on the left 3 edges on the right,01JH0ZDNTCH13XZDTNSGWAN5YP,TRUE,FALSE
01JH150DJPY421AMP25PN0SJ8W,Man carrying a house,01JH14EHNP0989SWS80XTG93E8,TRUE,FALSE
01JH0Z605ZYTW6YXANNGC9PNQD,diamond bottom,01JH0YWVP8MYRHJX6GYK4YNCSQ,TRUE,FALSE
01JH10G6S733SMYH851D7YV66G,we are getting rich!,01JH0ZRRSJTRCZ4ZDNZN1NM18J,FALSE,FALSE
01JH10G6S733SMYH851D7YV66G,image that the end looks like a crown,01JH0ZZQRJ088VTZ4BK5WZ5MYH,TRUE,FALSE
01JH17BA7Q3CPEVNPB5YAPA48C,the most plain one,01JH16R0FXPRTDDKM3EZ4AHETJ,TRUE,FALSE
01JH17BAHCNCFCZWRR0M05HEZ6,chrismad tree ruller and arrow,01JH16R0FXPRTDDKM3EZ4AHETJ,TRUE,FALSE
01JH0Z6055TVVV10X679T8J7RN,Big arrow pointing down at base,01JH0YYB8YNEDQSFMX34EKSY7X,TRUE,FALSE
01JH10TFT36YFAVPXQFM1G3VJQ,"cat with whiskers, tail to right",01JH10KQNGZFF28QS5MVWVGPEK,TRUE,FALSE
01JH17B9GRHTDKGQMK6X9E2GB2,look for the figure with a square and an arrow protruding from the squre,01JH16R0FXPRTDDKM3EZ4AHETJ,TRUE,FALSE
01JH105F2BQ0XB05SNXQGRB3TF,S like shape on the left,01JH0ZSK9VP35HG27XV96QGK8P,TRUE,FALSE
01JH0ZNXHREWGGM0NNBBFCSQPF,Large triangle on the left. 3 points to the right,01JH0ZGCE0SZNDNF9KEBZD782P,TRUE,FALSE
01JH0ZNXHREWGGM0NNBBFCSQPF,this is actually fun,01JH0ZDNTCH13XZDTNSGWAN5YP,FALSE,FALSE
01JH0Z605NYSMTBT6A1W7JK653,Big arrow pointing down at base,01JH0YYB8YNEDQSFMX34EKSY7X,TRUE,FALSE
01JH0ZW9QH3T7JNCQHQ9FBN80F,person cross,01JH0ZS6TEEZTSN6DTAG7QZ8YS,TRUE,FALSE
01JH0ZHYEEF6ZEE44076WV478M,long leg on bottom,01JH0ZF8TRM7V47TBA0K2KGSW6,TRUE,FALSE
01JH0ZHYEEF6ZEE44076WV478M,bird on top,01JH0ZF8TRM7V47TBA0K2KGSW6,TRUE,FALSE
01JH0ZHYEW4QC2VFDW7C4A2Z0H,"spiky bottom, ears on top",01JH0YVPJHJA484R92F8Q7QA88,TRUE,FALSE
01JH105F42YCYGMBT5A43TDFAH,Two pointy edges on left at top and bottom.  Trapezoid white shape in right side,01JH0ZVX8S2SBNZZFA5V7NKGW1,TRUE,FALSE
01JH0Z605KDD6S61YMT2XZVK4G,Tree like with arrow pointing up at top,01JH0YYB8YNEDQSFMX34EKSY7X,TRUE,FALSE
01JH172C8E8XQSFHYC5PPWJ217,Like a turkey pecking the ground again,01JH16T46ECRT2DCA0TCK3A9FY,TRUE,FALSE
01JH17BAP32DVSBCDT8CMVKYA6,2 feet on the left,01JH16W8EY1V73TD5KGBAMNVQ9,TRUE,FALSE
01JH17BAP32DVSBCDT8CMVKYA6,triangle,01JH16W8EY1V73TD5KGBAMNVQ9,TRUE,FALSE
01JH17BAP32DVSBCDT8CMVKYA6,feet,01JH16W8EY1V73TD5KGBAMNVQ9,TRUE,FALSE
01JH105EZVDFK6WNAWMC6K8MKX,"Left has like an arm pointing upwards, right has two 'legs' almost",01JH0ZVX8S2SBNZZFA5V7NKGW1,TRUE,FALSE
01JH0ZHYEFEYEFP5VZB84TTQET,"spiky bottom, triangle on top",01JH0YVPJHJA484R92F8Q7QA88,TRUE,FALSE
01JH0ZHYEFEYEFP5VZB84TTQET,gg,01JH0ZF8TRM7V47TBA0K2KGSW6,FALSE,FALSE
01JH0ZHYEFEYEFP5VZB84TTQET,wp,01JH0YVPJHJA484R92F8Q7QA88,TRUE,FALSE
01JH112JYDTQV4842Q0ERKMP65,hi are you there? discription please,01JH103ATD3MNME9CM6W630X24,FALSE,FALSE
01JH112JYDTQV4842Q0ERKMP65,"LIKE A COVER UP. A MIDDLE WITH EDGES, A THREE SHAPE DOWN",01JH0ZVCE46SE8GYA8GQ0GHKGV,TRUE,FALSE
01JH112JYDTQV4842Q0ERKMP65,noo 4,01JH103ATD3MNME9CM6W630X24,FALSE,FALSE
01JH0Z605VCT7A777MSBQ8C5WV,"Arrow pointing up at bottom, arrow pointing down at top",01JH0YWVP8MYRHJX6GYK4YNCSQ,TRUE,FALSE
01JH150DZ7AVD98N508GRY8PXP,"Castle head man, 2 eyes, carrying baby",01JH14NY2S2NX1EZN2C9RWX3P3,TRUE,FALSE
01JH16TB7QQSYVCZP5M06R16A4,hmm,01JH16KS8FMSPVZ1AHHPTX9Z7Q,NA,FALSE
01JH105F4MPW5GDP2F0FBEWPXB,A white traingle shape enclosed,01JH0ZSK9VP35HG27XV96QGK8P,TRUE,FALSE
01JH17B9C2HYD1HSB1NKMQSVGG,i cant select,01JH16W8EY1V73TD5KGBAMNVQ9,FALSE,FALSE
01JH17B9C2HYD1HSB1NKMQSVGG,why is that,01JH16W8EY1V73TD5KGBAMNVQ9,FALSE,FALSE
01JH17B9C2HYD1HSB1NKMQSVGG,has two small arrows on the left,01JH16R0FXPRTDDKM3EZ4AHETJ,TRUE,FALSE
01JH17B9PRFA337ZXJDY3R15R5,the one with an actual arrow on the right,01JH16R0FXPRTDDKM3EZ4AHETJ,TRUE,FALSE
01JH10TFS71ADFH9GQ4CMSN73V,face with whiskers each side of head,01JH10KQNGZFF28QS5MVWVGPEK,TRUE,FALSE
01JH0ZNXHN85PEX6P7QZ154P02,1 flat triangle on the left and 1 small on the left 2 corners top and bottom,01JH0ZDNTCH13XZDTNSGWAN5YP,TRUE,FALSE
01JH0ZNXHN85PEX6P7QZ154P02,2 corners top and bottom,01JH0ZDNTCH13XZDTNSGWAN5YP,TRUE,FALSE
01JH0ZNXJ41SVBHKHHX8ENZB03,Triangle on left. Hole on right,01JH0ZGCE0SZNDNF9KEBZD782P,TRUE,FALSE
01JH112JY56W2J5TGDN1AXKMCJ,I SELECT THE FIRST,01JH0ZVCE46SE8GYA8GQ0GHKGV,NA,FALSE
01JH172C38A3VFM8TAWWEBJEYE,The one with what looks like legs dragging behind it..,01JH16T46ECRT2DCA0TCK3A9FY,TRUE,FALSE
01JH17B9ZZ97XM0P0VPGT6D7EH,chiness house,01JH16R0FXPRTDDKM3EZ4AHETJ,TRUE,FALSE
01JH0Z604T293REBGH99GJ17SJ,Diamond bottom right,01JH0YWVP8MYRHJX6GYK4YNCSQ,TRUE,FALSE
01JH0ZHYFABQBS54VZ756QD55M,"one leg bottom, ears on top",01JH0YVPJHJA484R92F8Q7QA88,TRUE,FALSE
01JH11ATT64CDQHZ5T4Z610K4H,"three stacked images, the bottom is like a W, the middle is like Mountains, and then the top",01JH116VPDXTYT77ZFKS3VZ75G,TRUE,FALSE
01JH0ZHYDS05MX3493CWHMC6ZN,"one leg bottom, flat top",01JH0YVPJHJA484R92F8Q7QA88,TRUE,FALSE
01JH10TG3RKBE1ZD26ZGSRJWMC,spikey cat,01JH10D3QMW178B4QXDNK94Q9F,TRUE,FALSE
01JH11ATSWJ9F9D0532SCW5K9E,Mostly its a rectange over a W,01JH116VPDXTYT77ZFKS3VZ75G,TRUE,FALSE
01JH172DRWQS9FMRWTSHFQ493Z,"fist punching an upside down lower case ""f""",01JH16T46ECRT2DCA0TCK3A9FY,TRUE,FALSE
01JH0ZW9MKH3GRCTBHPK8Q38G1,triangles on bottom side.. two of them one,01JH0ZS6TEEZTSN6DTAG7QZ8YS,TRUE,FALSE
01JH0ZHYF5FN5E7KCC4RW5KQ64,"flat bottom, ears on top",01JH0YVPJHJA484R92F8Q7QA88,TRUE,FALSE
01JH172C1N5JN9WSMBJC5H518X,looks like an axe kind of thrown at a satellite dish,01JH16KE9DJ3AKDCTWNY4P8HY4,TRUE,FALSE
01JH172C1N5JN9WSMBJC5H518X,there's a square on the very left side,01JH16KE9DJ3AKDCTWNY4P8HY4,TRUE,FALSE
01JH10TG7GQK3BEQPD1MB1Z09J,white eye,01JH10D3QMW178B4QXDNK94Q9F,TRUE,FALSE
01JH105F30BMZDYNBF6Y3RCQQS,Straight edge on left,01JH0ZVX8S2SBNZZFA5V7NKGW1,TRUE,FALSE
01JH105F30BMZDYNBF6Y3RCQQS,and right,01JH0ZVX8S2SBNZZFA5V7NKGW1,TRUE,FALSE
01JH10G6RMN4JK4VV3R1FQJR2Q,image with the longest hole in it,01JH0ZZQRJ088VTZ4BK5WZ5MYH,TRUE,FALSE
01JH10TFXQ936VRK69XNT8R8AD,object with white eye,01JH10D3QMW178B4QXDNK94Q9F,TRUE,FALSE
01JH172CN346VMPXGQGDX9S969,Turkey walking straight with a big fluffy tail,01JH16T46ECRT2DCA0TCK3A9FY,TRUE,FALSE
01JH105EYT3TK5D3QT2RSGQTCG,"Okay so like a diamond shape on the left with a couple of triangular shapes just after that, then an arrow on the right",01JH0ZVX8S2SBNZZFA5V7NKGW1,TRUE,FALSE
01JH0ZW9N72399XZN7G3MYE1CH,seal on the table,01JH0ZFF7ZSP75ZGWGR8492XSG,TRUE,FALSE
01JH0ZNXHD4WM8EHDS5Z30VK2M,1 huge square on the right with hole in the middle and 1 flat triange on the left,01JH0ZDNTCH13XZDTNSGWAN5YP,TRUE,FALSE
01JH0ZNXHD4WM8EHDS5Z30VK2M,2 trianges conntencted,01JH0ZDNTCH13XZDTNSGWAN5YP,TRUE,FALSE
01JH0ZNXJT7Q9QHR0W6P4W9FPJ,Diamond on left. 2 points on the right,01JH0ZGCE0SZNDNF9KEBZD782P,TRUE,FALSE
01JH150DS3MXAACZ7J8WQX75H0,castle with two eyes,01JH14EHNP0989SWS80XTG93E8,TRUE,FALSE
01JH17B9SQ4K2BPABWWNCBDQPG,one with a clear arrow,01JH16R0FXPRTDDKM3EZ4AHETJ,TRUE,FALSE
01JH0ZNXHVMCYEFNV0GRHCWCKV,trirangle on the left and then 1 edge at the top,01JH0ZDNTCH13XZDTNSGWAN5YP,TRUE,FALSE
01JH0ZW9M707F7V1WH93SRBHMB,its not the upside w or the diamond its a sold shape,01JH0ZS6TEEZTSN6DTAG7QZ8YS,TRUE,FALSE
01JH105EZCWWZKSKRMWGNH2VST,Like a hat on its side on left flat edge - blocky on right with flat edge,01JH0ZVX8S2SBNZZFA5V7NKGW1,TRUE,FALSE
01JH105F1ZFBG0PQMRZ4GX06YN,Arrow shape heading to the right,01JH0ZSK9VP35HG27XV96QGK8P,TRUE,FALSE
01JH17BAREPJ0CANXQVE6FP970,like the previous person with arrow head but instead of 2 triangle feet its just like a triangle,01JH16W8EY1V73TD5KGBAMNVQ9,TRUE,FALSE
01JH17BAREPJ0CANXQVE6FP970,three to go it was nice doing this with you,01JH16R0FXPRTDDKM3EZ4AHETJ,FALSE,FALSE
01JH17BAREPJ0CANXQVE6FP970,i mean rectangle,01JH16W8EY1V73TD5KGBAMNVQ9,TRUE,FALSE
01JH0ZHYFF7Z4W1AX13H9EM0CF,"tripod bottom, flat top",01JH0YVPJHJA484R92F8Q7QA88,TRUE,FALSE
01JH0ZW9QXV6VG495MYVJCCPH6,wolf mouth open to right,01JH0ZS6TEEZTSN6DTAG7QZ8YS,TRUE,FALSE
01JH10G6WNTB3BQKPV0AEMGD6Z,one with the crown,01JH0ZRRSJTRCZ4ZDNZN1NM18J,TRUE,FALSE
01JH112JX5YQF5MG9ED2BPQGVR,THE ONE WITH A SHARP POINTED EDGE,01JH0ZVCE46SE8GYA8GQ0GHKGV,TRUE,FALSE
01JH112JX5YQF5MG9ED2BPQGVR,I chose the first one,01JH103ATD3MNME9CM6W630X24,FALSE,FALSE
01JH150ECFT716H4BC9NR55YJ3,"Castle head, 2 eyes, running",01JH14NY2S2NX1EZN2C9RWX3P3,TRUE,FALSE
01JH0ZHYEDJHTPA2GQH97R09AV,tripod bottom,01JH0ZF8TRM7V47TBA0K2KGSW6,TRUE,FALSE
01JH0ZHYEDJHTPA2GQH97R09AV,triangle on top,01JH0ZF8TRM7V47TBA0K2KGSW6,TRUE,FALSE
01JH172BXKP8WBKCDKJSJJ7ZMY,Looks like a weird lama walking straight,01JH16T46ECRT2DCA0TCK3A9FY,TRUE,FALSE
01JH0ZW9RER1AHS7531WHWSEVW,bird in next,01JH0ZS6TEEZTSN6DTAG7QZ8YS,TRUE,FALSE
01JH0ZW9RER1AHS7531WHWSEVW,nest,01JH0ZS6TEEZTSN6DTAG7QZ8YS,TRUE,FALSE
01JH105F35VSSQ506QVFTJYMEW,Very blocky shape with straight edge on left and right - left has sharp bit that looks like it's pointing down,01JH0ZVX8S2SBNZZFA5V7NKGW1,TRUE,FALSE
01JH0ZNXHA8DY6CTSXEJX8P0RM,7 points and then 1 point at the top,01JH0ZDNTCH13XZDTNSGWAN5YP,TRUE,FALSE
01JH0ZNXHA8DY6CTSXEJX8P0RM,1 sharp at the top,01JH0ZDNTCH13XZDTNSGWAN5YP,TRUE,FALSE
01JH0ZNXHA8DY6CTSXEJX8P0RM,7 sharps on the left,01JH0ZDNTCH13XZDTNSGWAN5YP,TRUE,FALSE
01JH0ZNXJH04ABJQJRP2K8HTW5,diamond on the left 3 edges on the right,01JH0ZDNTCH13XZDTNSGWAN5YP,TRUE,FALSE
01JH0ZW9RMBW6SJT5DGPJNW20C,seal on ledge,01JH0ZFF7ZSP75ZGWGR8492XSG,TRUE,FALSE
01JH0ZHYFCQFMY39DCSESA8325,flat at bottom,01JH0ZF8TRM7V47TBA0K2KGSW6,TRUE,FALSE
01JH0ZHYFCQFMY39DCSESA8325,flat on top,01JH0ZF8TRM7V47TBA0K2KGSW6,TRUE,FALSE
01JH0ZNXJ3FQXS3S3MWFH7PX9W,Triangle hole on right. Big square top left,01JH0ZGCE0SZNDNF9KEBZD782P,TRUE,FALSE
01JH0ZNXJ3FQXS3S3MWFH7PX9W,2 edges at the bottom?,01JH0ZDNTCH13XZDTNSGWAN5YP,FALSE,FALSE
01JH0ZNXJ3FQXS3S3MWFH7PX9W,2 points and 1 edge,01JH0ZGCE0SZNDNF9KEBZD782P,TRUE,FALSE
01JH0ZNXJ3FQXS3S3MWFH7PX9W,at bottom,01JH0ZGCE0SZNDNF9KEBZD782P,TRUE,FALSE
01JH0Z605XGAHZC0J03WMS4JFB,Diamond bottom right,01JH0YYB8YNEDQSFMX34EKSY7X,TRUE,FALSE
01JH0Z605RMNCAETN1GWRYFJDP,"Snowman, big triangle base pointing down",01JH0YWVP8MYRHJX6GYK4YNCSQ,TRUE,FALSE
01JH10TG9FB35EM5GSRB4XX8SP,house no chimney not balancing,01JH10D3QMW178B4QXDNK94Q9F,TRUE,FALSE
01JH10TFTSACC1MKJ4BS69K4VM,white triangle eye,01JH10KQNGZFF28QS5MVWVGPEK,TRUE,FALSE
01JH10G6S3CCDVH3BVPNB06GRR,image with letter H at the end,01JH0ZZQRJ088VTZ4BK5WZ5MYH,TRUE,FALSE
01JH10G6X1NDCN6AJS0MZGM0ZX,trianle in the hole,01JH0ZRRSJTRCZ4ZDNZN1NM18J,TRUE,FALSE
01JH10G6X1NDCN6AJS0MZGM0ZX,triangle,01JH0ZRRSJTRCZ4ZDNZN1NM18J,TRUE,FALSE
01JH10G6X1NDCN6AJS0MZGM0ZX,we are getting rich indeed,01JH0ZZQRJ088VTZ4BK5WZ5MYH,FALSE,FALSE
01JH10TG5RHP0AS12716B9Z13S,house balencing on objects,01JH10D3QMW178B4QXDNK94Q9F,TRUE,FALSE
01JH17BA22S86KBKQ63DHJH5HZ,person,01JH16W8EY1V73TD5KGBAMNVQ9,TRUE,FALSE
01JH17BA22S86KBKQ63DHJH5HZ,same as before,01JH16W8EY1V73TD5KGBAMNVQ9,TRUE,FALSE
01JH17BAPWQ6VD4BFDFX1M1RHX,the biggest flat base,01JH16R0FXPRTDDKM3EZ4AHETJ,TRUE,FALSE
01JH105F3QPHVVSF9RMBA9HGEZ,Arrow on left pointing to left - like a house on right with a flat bit,01JH0ZVX8S2SBNZZFA5V7NKGW1,TRUE,FALSE
01JH10TG7TZT83CA7A12J6YQ2R,house multiple floors,01JH10D3QMW178B4QXDNK94Q9F,TRUE,FALSE
01JH172EH1QJ9Y41XWZN0YZ9W9,"spiky on the right, two triangles",01JH16KE9DJ3AKDCTWNY4P8HY4,TRUE,FALSE
01JH10TG69K3RZJ9KCYBR2RXPG,house with chimney,01JH10KQNGZFF28QS5MVWVGPEK,TRUE,FALSE
01JH0Z604QHF4XK82JMAJVBPK5,The shape has a diamond attached at the bottom right corner,01JH0YYB8YNEDQSFMX34EKSY7X,TRUE,FALSE
01JH150DQ75DB2XB7VEE5CX514,fish man holding a baby,01JH14EHNP0989SWS80XTG93E8,TRUE,FALSE
01JH10G6RSSWA4JKS4G3KJV13H,Image with a hexagon in it,01JH0ZRRSJTRCZ4ZDNZN1NM18J,TRUE,FALSE
01JH10G6RSSWA4JKS4G3KJV13H,alright,01JH0ZZQRJ088VTZ4BK5WZ5MYH,FALSE,FALSE
01JH16RTK0KYMJDN1SSEHHDKK1,.....,01JH16K8JGRDA2R62NXZ6PSAF9,TRUE,TRUE
01JH16RTK0KYMJDN1SSEHHDKK1,which image,01JH16K8JGRDA2R62NXZ6PSAF9,TRUE,TRUE
01JH16RTK0KYMJDN1SSEHHDKK1,is enclosed,01JH16K8JGRDA2R62NXZ6PSAF9,TRUE,TRUE
01JH17B9QG47SSJWY3JGWTEB3N,one that lppks more like a house,01JH16R0FXPRTDDKM3EZ4AHETJ,TRUE,FALSE
01JH0ZW9PN5A5RGXDYPQRH5ZKT,top has three squares that come up,01JH0ZFF7ZSP75ZGWGR8492XSG,TRUE,FALSE
01JH10TFX7KGJCQ7HS1FFCYZWY,house on top of head no chimely,01JH10D3QMW178B4QXDNK94Q9F,TRUE,FALSE
01JH150DVHKD5N0386C8RCBHYH,my network,01JH14EHNP0989SWS80XTG93E8,TRUE,TRUE
01JH150DVHKD5N0386C8RCBHYH,"Don't stress, all good! Let's fire through this quickly :)",01JH14NY2S2NX1EZN2C9RWX3P3,FALSE,FALSE
01JH150DVHKD5N0386C8RCBHYH,man carry house on his bak,01JH14EHNP0989SWS80XTG93E8,TRUE,FALSE
01JH150EDMY053H504RZ92KEKQ,hi,01JH14EHNP0989SWS80XTG93E8,FALSE,FALSE
01JH150EDMY053H504RZ92KEKQ,"Sorry, internet",01JH14NY2S2NX1EZN2C9RWX3P3,TRUE,TRUE
01JH150EDMY053H504RZ92KEKQ,Castle on back,01JH14NY2S2NX1EZN2C9RWX3P3,TRUE,FALSE
01JH150EDMY053H504RZ92KEKQ,no worries,01JH14EHNP0989SWS80XTG93E8,FALSE,FALSE
01JH17B9KPYXE9BMFPXM5SFE8F,the one that has the most black,01JH16W8EY1V73TD5KGBAMNVQ9,TRUE,FALSE
01JH17B9KPYXE9BMFPXM5SFE8F,which one,01JH16R0FXPRTDDKM3EZ4AHETJ,FALSE,FALSE
01JH17B9KPYXE9BMFPXM5SFE8F,like the biggest,01JH16W8EY1V73TD5KGBAMNVQ9,TRUE,FALSE
01JH17B9KPYXE9BMFPXM5SFE8F,no arrows,01JH16W8EY1V73TD5KGBAMNVQ9,TRUE,FALSE
01JH0ZW9KGWWXZ9Z4WPZH1ZMXM,it is a down arrow,01JH0ZS6TEEZTSN6DTAG7QZ8YS,TRUE,FALSE
01JH10TG87RZ4Z85D9FH4NWYZF,head with side spikes,01JH10KQNGZFF28QS5MVWVGPEK,TRUE,FALSE
01JH150E1NWRBPTB40ZACR5C97,man carrying house on his back,01JH14EHNP0989SWS80XTG93E8,TRUE,FALSE
01JH0ZHYEC0ZMQRRNZQY7H323A,"spiky bottom, flat top",01JH0YVPJHJA484R92F8Q7QA88,TRUE,FALSE
01JH105F261FTHD948VYGM387Z,Blocky shape - straight edge on left that goes into a triangle type shape,01JH0ZVX8S2SBNZZFA5V7NKGW1,TRUE,FALSE
01JH0ZNXJXD1M76Y21HXGE8BTE,Diamond on left. Flat side on the right,01JH0ZGCE0SZNDNF9KEBZD782P,TRUE,FALSE
01JH150DVX90ZB38CE0AYXYXFG,network crying,01JH14EHNP0989SWS80XTG93E8,FALSE,FALSE
01JH150DVX90ZB38CE0AYXYXFG,Haha just focus on trying to message what it is :),01JH14NY2S2NX1EZN2C9RWX3P3,TRUE,FALSE
01JH150DVX90ZB38CE0AYXYXFG,Fish man holding baby,01JH14NY2S2NX1EZN2C9RWX3P3,TRUE,FALSE
01JH0ZNXJ533BEJEA98R4A9F1X,diamond on the left and 1 small triangle on the right without hole,01JH0ZDNTCH13XZDTNSGWAN5YP,TRUE,FALSE
01JH0ZNXJ533BEJEA98R4A9F1X,Flat top or no?,01JH0ZGCE0SZNDNF9KEBZD782P,FALSE,FALSE
01JH0ZNXJ533BEJEA98R4A9F1X,no,01JH0ZDNTCH13XZDTNSGWAN5YP,TRUE,TRUE
01JH10TFZVH3FWDN6X5VQPKEVW,house with chimely,01JH10D3QMW178B4QXDNK94Q9F,TRUE,FALSE
01JH10TG5ZAPDFW6Q55BB4H3N3,white eye,01JH10KQNGZFF28QS5MVWVGPEK,TRUE,FALSE
01JH172DTBBBBC4N02ZMRGVN8G,"spiky on the right, two triangles",01JH16KE9DJ3AKDCTWNY4P8HY4,TRUE,FALSE
01JH0Z605VCT7A777MV95NPPYJ,Triangle base pointing up,01JH0YYB8YNEDQSFMX34EKSY7X,TRUE,FALSE
01JH150E7EBJKV7CA1GH19PJ9N,jawline head carrying a baby,01JH14EHNP0989SWS80XTG93E8,TRUE,FALSE
01JH0ZW9ND48SG4RNMXZBK270Q,face with mouth open to the left,01JH0ZFF7ZSP75ZGWGR8492XSG,TRUE,FALSE
01JH150DSWEEG3P9FWGDASWT1H,jawline head man with four legs,01JH14EHNP0989SWS80XTG93E8,TRUE,FALSE
01JH105EXFBH6FXP7661XJ41QK,a inverted S shape,01JH0ZSK9VP35HG27XV96QGK8P,TRUE,FALSE
01JH105EXFBH6FXP7661XJ41QK,in the left,01JH0ZSK9VP35HG27XV96QGK8P,TRUE,FALSE
01JH150DMNKVGTNQH0KP7A5X27,"Hey, any idea?",01JH14NY2S2NX1EZN2C9RWX3P3,FALSE,FALSE
01JH150DMNKVGTNQH0KP7A5X27,full castle with two eyes,01JH14EHNP0989SWS80XTG93E8,TRUE,FALSE
01JH150DMNKVGTNQH0KP7A5X27,Haha nice,01JH14NY2S2NX1EZN2C9RWX3P3,FALSE,FALSE
01JH0ZNXHSFM7Y34TPTVA6V7J7,2 diamonds on the left and a square on the right,01JH0ZDNTCH13XZDTNSGWAN5YP,TRUE,FALSE
01JH0ZNXHSFM7Y34TPTVA6V7J7,the square is huge,01JH0ZDNTCH13XZDTNSGWAN5YP,TRUE,FALSE
01JH0ZNXHSFM7Y34TPTVA6V7J7,it hasa hole in the middle,01JH0ZDNTCH13XZDTNSGWAN5YP,TRUE,FALSE
01JH0Z605WJVR4QAZ8V71MZMNA,Small triangle pointing up at base,01JH0YYB8YNEDQSFMX34EKSY7X,TRUE,FALSE
01JH10TG557D2Q0KDSRA6NWWB8,house with chimney,01JH10D3QMW178B4QXDNK94Q9F,TRUE,FALSE
01JH0Z604NG7CEKKM13S4HHZRF,The bottom of the shape is like an arrow pointing down,01JH0YYB8YNEDQSFMX34EKSY7X,TRUE,FALSE
01JH105EY6A7GCB0STJ5ZNB3CN,"Look like a man holding something on back, in the left pointed tail in upward direction",01JH0ZSK9VP35HG27XV96QGK8P,TRUE,FALSE
01JH0ZHYEK3D2CQ3VFDC6XHPEE,"long leg on bottom, ears on top",01JH0ZF8TRM7V47TBA0K2KGSW6,TRUE,FALSE
01JH10TFT81390BRADN3CCZB8Z,2 objects balancing on  top of eachother,01JH10D3QMW178B4QXDNK94Q9F,TRUE,FALSE
01JH172DQDRQ0DNTGV2ZDKE2V5,christmas cracker,01JH16KE9DJ3AKDCTWNY4P8HY4,TRUE,FALSE
01JH17B9DTR1GYJN1125HEZ9A3,two arrows from a restangle on the left side,01JH16R0FXPRTDDKM3EZ4AHETJ,TRUE,FALSE
01JH17B9DTR1GYJN1125HEZ9A3,which one,01JH16W8EY1V73TD5KGBAMNVQ9,FALSE,FALSE
01JH0ZNXHYN6PE833ZPTTXCRZQ,2 edges at the bottom and 1 big triange on the right with a hole in,01JH0ZDNTCH13XZDTNSGWAN5YP,TRUE,FALSE
01JH0ZNXHYN6PE833ZPTTXCRZQ,no idea how i got the last one wrong,01JH0ZDNTCH13XZDTNSGWAN5YP,TRUE,TRUE
01JH0ZNXHYN6PE833ZPTTXCRZQ,Left top square or no,01JH0ZGCE0SZNDNF9KEBZD782P,FALSE,FALSE
01JH0ZNXHYN6PE833ZPTTXCRZQ,2 points on the bottom,01JH0ZDNTCH13XZDTNSGWAN5YP,TRUE,FALSE
01JH17B9R80SZPPAN11A5P316F,which one,01JH16R0FXPRTDDKM3EZ4AHETJ,FALSE,FALSE
01JH17B9R80SZPPAN11A5P316F,in the middle it looks like an octogon or some shape like that,01JH16W8EY1V73TD5KGBAMNVQ9,TRUE,FALSE
01JH0ZHYDNDMAE5X9W97KXVBD3,flat bottom,01JH0ZF8TRM7V47TBA0K2KGSW6,TRUE,FALSE
01JH0ZHYDNDMAE5X9W97KXVBD3,flat top,01JH0ZF8TRM7V47TBA0K2KGSW6,TRUE,FALSE
01JH150E702B0JXRWGRTYTY4YG,fish head carrying a baby,01JH14EHNP0989SWS80XTG93E8,TRUE,FALSE
01JH105EXQ7GSZMMEKP2K0C1N7,one side pointed and other like window pan,01JH0ZSK9VP35HG27XV96QGK8P,TRUE,FALSE
01JH0ZNXJK3QJMDM67WJF3WVNX,diamond on left. no hole,01JH0ZGCE0SZNDNF9KEBZD782P,TRUE,FALSE
01JH105F015ZANMPDYVYR8RREE,Very blocky - sharp bit on the left pointing downwards,01JH0ZVX8S2SBNZZFA5V7NKGW1,TRUE,FALSE
01JH0ZHYF9CMQQ76WWWATFEXEH,looks like tripod at bottom,01JH0ZF8TRM7V47TBA0K2KGSW6,TRUE,FALSE
01JH0ZHYF9CMQQ76WWWATFEXEH,ok,01JH0YVPJHJA484R92F8Q7QA88,FALSE,FALSE
01JH0ZHYF9CMQQ76WWWATFEXEH,"on top is symetrical on top, looks like has wings",01JH0ZF8TRM7V47TBA0K2KGSW6,TRUE,FALSE
01JH10TG7ZT3F3FGCGPFSM4RFV,house with arrow below,01JH10KQNGZFF28QS5MVWVGPEK,TRUE,FALSE
01JH172CERCGX22HK4ER5B9M1C,Looks like turkey pecking the ground,01JH16T46ECRT2DCA0TCK3A9FY,TRUE,FALSE
01JH172CG59QC478G491V8VRGG,turkey pecking ground again,01JH16KE9DJ3AKDCTWNY4P8HY4,TRUE,FALSE
01JH10TFTFGARV0XGFQ4RYQM64,house with chimely on top,01JH10D3QMW178B4QXDNK94Q9F,TRUE,FALSE
01JH105EZ2MR2JBSR0SEHG1XGF,"While we're still here, well played and good luck in future studies! :)",01JH0ZVX8S2SBNZZFA5V7NKGW1,FALSE,FALSE
01JH105EZ2MR2JBSR0SEHG1XGF,Space ship like shape lying,01JH0ZSK9VP35HG27XV96QGK8P,TRUE,FALSE
01JH150DZMBC0ZCGZ54D60R4SH,castle with two eyes,01JH14EHNP0989SWS80XTG93E8,TRUE,FALSE
01JH0ZW9RCQ98HGQSZVQH5GXTY,hook to the left,01JH0ZFF7ZSP75ZGWGR8492XSG,TRUE,FALSE
01JH105F0M0QQ4AMM6VPVCFKEB,right is blocky and left look like triangle going inside the blocky,01JH0ZSK9VP35HG27XV96QGK8P,TRUE,FALSE
01JH10TG157V63E62BR3XCQ3H7,house chimney arrow,01JH10KQNGZFF28QS5MVWVGPEK,TRUE,FALSE
01JH172DAXQ7X3XB94DX9TJ25P,weird accordion with square pole through the middle,01JH16KE9DJ3AKDCTWNY4P8HY4,TRUE,FALSE
01JH0Z605F3ZXJ51DTKPJG9EDS,Diamond bottom,01JH0YWVP8MYRHJX6GYK4YNCSQ,TRUE,FALSE
01JH10TFXET52T2N19NN9H7EFR,balancing objects,01JH10KQNGZFF28QS5MVWVGPEK,TRUE,FALSE
01JH10TFYAPAVRVDPFWYDDZSZZ,cat with spiky whiskers,01JH10D3QMW178B4QXDNK94Q9F,TRUE,FALSE
01JH150DSFCVMS9VSRYGFY4W6K,Man leaning over with big fish on back,01JH14NY2S2NX1EZN2C9RWX3P3,TRUE,FALSE
01JH105EYZ14V9BCYG0C7ZA8KN,"Left is triangle pointing to the left-hand side, then right has triangle in middle and two pointy bits either side",01JH0ZVX8S2SBNZZFA5V7NKGW1,TRUE,FALSE
01JH105EYZ14V9BCYG0C7ZA8KN,We've had this object before,01JH0ZVX8S2SBNZZFA5V7NKGW1,TRUE,FALSE
01JH10TG8TEWNWGJFRTFJ7M8T6,head with side spikes,01JH10D3QMW178B4QXDNK94Q9F,TRUE,FALSE
01JH10TG8TEWNWGJFRTFJ7M8T6,flat at bottom?,01JH10KQNGZFF28QS5MVWVGPEK,FALSE,FALSE
01JH10TG8TEWNWGJFRTFJ7M8T6,yes,01JH10D3QMW178B4QXDNK94Q9F,TRUE,TRUE
01JH112K3G86MVPS1XPTZ31397,the with three shape adge and like a star,01JH103ATD3MNME9CM6W630X24,TRUE,FALSE
01JH112K3G86MVPS1XPTZ31397,"STRAIGHT, FOUR BRANCHES, IN FORM OF STEPS",01JH0ZVCE46SE8GYA8GQ0GHKGV,FALSE,FALSE
01JH105F3KBRA3BFEVSZ6JWMWQ,robot lying,01JH0ZSK9VP35HG27XV96QGK8P,TRUE,FALSE
01JH0Z605H0BT5X0YGAQPKH3W9,diamond bottom,01JH0YWVP8MYRHJX6GYK4YNCSQ,TRUE,FALSE
01JH10G6WJS5F9N56Y2QEEYT0A,the image you classified as arrow to the left,01JH0ZZQRJ088VTZ4BK5WZ5MYH,TRUE,FALSE
01JH172BQZ6T91N0RXC6980ZYF,looks kind of like a very spiky accordion,01JH16KE9DJ3AKDCTWNY4P8HY4,TRUE,FALSE
01JH17BABC46N3MEZSZ1EMT64E,if you half all the shapes into 2 the one you are looking for has the most black on the right half,01JH16W8EY1V73TD5KGBAMNVQ9,TRUE,FALSE
01JH17BABC46N3MEZSZ1EMT64E,biggest one i think,01JH16W8EY1V73TD5KGBAMNVQ9,TRUE,FALSE
01JH105EZPGCA6Q7P950M01VBB,A small diamond in the left,01JH0ZSK9VP35HG27XV96QGK8P,TRUE,FALSE
01JH150DM176XQ35TQM7ZGBDTJ,"Upwards pointing triangle, but not the one with legs.",01JH14NY2S2NX1EZN2C9RWX3P3,TRUE,FALSE
01JH150DM176XQ35TQM7ZGBDTJ,hi,01JH14EHNP0989SWS80XTG93E8,FALSE,FALSE
01JH150DXJ3E1BKHN34Q8N7RTP,"Castle head man, running, with eyes",01JH14NY2S2NX1EZN2C9RWX3P3,TRUE,FALSE
01JH0ZNXHQF34F0ZFGF2MDWP91,Small triangle on left. 3 points at the right,01JH0ZGCE0SZNDNF9KEBZD782P,TRUE,FALSE
01JH17BA4BBB2HMWC7YSP7SVFP,it looks like the previous person with traingles as feet but a big blob as head,01JH16W8EY1V73TD5KGBAMNVQ9,TRUE,FALSE
01JH0ZW9PY2T7V6SRDYF3DT42K,large upside down house on top,01JH0ZS6TEEZTSN6DTAG7QZ8YS,TRUE,FALSE
01JH0ZHYF7HQS955B6H46EA0K1,flat at bottom,01JH0ZF8TRM7V47TBA0K2KGSW6,TRUE,FALSE
01JH0ZHYF7HQS955B6H46EA0K1,ears on top,01JH0ZF8TRM7V47TBA0K2KGSW6,TRUE,FALSE
01JH0ZHYFABQBS54VZ7WD4TW6Z,bottom is flat,01JH0YVPJHJA484R92F8Q7QA88,TRUE,FALSE
01JH0ZHYFABQBS54VZ7WD4TW6Z,does it have spiky triangles on bottom?,01JH0ZF8TRM7V47TBA0K2KGSW6,FALSE,FALSE
01JH0ZHYFABQBS54VZ7WD4TW6Z,ok,01JH0ZF8TRM7V47TBA0K2KGSW6,FALSE,FALSE
01JH0ZHYFABQBS54VZ7WD4TW6Z,triangle on top,01JH0YVPJHJA484R92F8Q7QA88,TRUE,FALSE
01JH0ZHYFABQBS54VZ7WD4TW6Z,what about top,01JH0ZF8TRM7V47TBA0K2KGSW6,FALSE,FALSE
01JH150DQN2K4YD49W2KEPBEGV,fish head man running,01JH14EHNP0989SWS80XTG93E8,TRUE,FALSE
01JH0Z605SCSYPH8M73HCG1SQM,"big triangle base, pointing down",01JH0YWVP8MYRHJX6GYK4YNCSQ,TRUE,FALSE
01JH105F3YKF5NXM30ASHJ1MX9,Complete black shape heading left,01JH0ZSK9VP35HG27XV96QGK8P,TRUE,FALSE
01JH150DV3AM0SBVZ2R6ERQY93,You there?,01JH14NY2S2NX1EZN2C9RWX3P3,FALSE,FALSE
01JH150DV3AM0SBVZ2R6ERQY93,sorry,01JH14EHNP0989SWS80XTG93E8,TRUE,TRUE
01JH105F2NC2VZ1R128XJEEPTS,Triangle bit on left - triangle on right too but with two pointy bits either side,01JH0ZVX8S2SBNZZFA5V7NKGW1,TRUE,FALSE
01JH10G6PFFDSPW2J76Q8KRST6,look for the image that the end looks like a snake,01JH0ZZQRJ088VTZ4BK5WZ5MYH,TRUE,FALSE
01JH10TG1KAK31ZW4PPR8SYCWB,white triangle and square,01JH10KQNGZFF28QS5MVWVGPEK,TRUE,FALSE
01JH0ZHYDR0RVTT9K2XQ14YT04,"spiky bottom, ears on top",01JH0YVPJHJA484R92F8Q7QA88,TRUE,FALSE
01JH17BAT6GNWD3N69MAVJJ3EG,same,01JH16W8EY1V73TD5KGBAMNVQ9,FALSE,FALSE
01JH17BAT6GNWD3N69MAVJJ3EG,two houses,01JH16R0FXPRTDDKM3EZ4AHETJ,TRUE,FALSE
01JH0ZHYEQJ54C3KCXV4Z19FHP,spiky at bottom,01JH0ZF8TRM7V47TBA0K2KGSW6,TRUE,FALSE
01JH0ZHYEQJ54C3KCXV4Z19FHP,flat edge on top,01JH0ZF8TRM7V47TBA0K2KGSW6,TRUE,FALSE
01JH172CZ20EDPWYHC50F22Z7Y,spiky on the right side with two triangles,01JH16KE9DJ3AKDCTWNY4P8HY4,TRUE,FALSE
01JH150E59R5P8M7EAHBVFETPX,man carrying castle on his back,01JH14EHNP0989SWS80XTG93E8,TRUE,FALSE
01JH10G6Q5NYPA8FJ74K9ZY8WV,look for the image with the longest hole in it,01JH0ZZQRJ088VTZ4BK5WZ5MYH,TRUE,FALSE
01JH10G6WAV8KP99H8BBHQ01JE,big diamond left,01JH0ZRRSJTRCZ4ZDNZN1NM18J,TRUE,FALSE
01JH10TG4TVQZAWZ2QVPRJ29H7,head and beret,01JH10KQNGZFF28QS5MVWVGPEK,TRUE,FALSE
01JH172CD7NY6WP93N1QGAV6QS,like the end of a christmas cracker,01JH16KE9DJ3AKDCTWNY4P8HY4,TRUE,FALSE
01JH17B9CVJBM1W5R5757P8Y4R,the simplest of them all,01JH16R0FXPRTDDKM3EZ4AHETJ,TRUE,FALSE
01JH0ZHYEN49TTK4XXW0GC482X,"spiky bottom, ears on top",01JH0YVPJHJA484R92F8Q7QA88,TRUE,FALSE
01JH17BA2TMTT9D7PK8WTN0R58,tree,01JH16W8EY1V73TD5KGBAMNVQ9,TRUE,FALSE
01JH17BA2TMTT9D7PK8WTN0R58,we are doing well,01JH16R0FXPRTDDKM3EZ4AHETJ,FALSE,FALSE
01JH17BA2TMTT9D7PK8WTN0R58,but wider,01JH16W8EY1V73TD5KGBAMNVQ9,TRUE,FALSE
01JH17BA2TMTT9D7PK8WTN0R58,ye lol,01JH16W8EY1V73TD5KGBAMNVQ9,TRUE,TRUE
01JH0ZHYET104NRQKA2E7RFBFE,"one leg at bottom, ears on top",01JH0YVPJHJA484R92F8Q7QA88,TRUE,FALSE
01JH105F226V3NMGJS8JWK2MD7,An arrow-like shape heading towards the left and striking on a block,01JH0ZSK9VP35HG27XV96QGK8P,TRUE,FALSE
01JH150DT885YFNB4HBV56HBRC,Running man with triangular head,01JH14NY2S2NX1EZN2C9RWX3P3,TRUE,FALSE
01JH0ZW9P1K1RTKR3CAA1W7JVA,looks like a person with open arms.. cross one,01JH0ZS6TEEZTSN6DTAG7QZ8YS,TRUE,FALSE
01JH0ZHYEM0BW08SFQQB5CJ2K1,"one leg at bottom, flat top",01JH0YVPJHJA484R92F8Q7QA88,TRUE,FALSE
01JH0Z605MZC5G5G1DDYFE61MB,diamond bottom right,01JH0YWVP8MYRHJX6GYK4YNCSQ,TRUE,FALSE
01JH17BAQPX15Y3KJQEZQK6HPR,looks like a person with an arrow head,01JH16W8EY1V73TD5KGBAMNVQ9,TRUE,FALSE
01JH10G6TSZCDBWNN673GP2HHF,the one with hexagon,01JH0ZZQRJ088VTZ4BK5WZ5MYH,TRUE,FALSE
01JH105F38Z5YA1J2XJWGHA003,A robot lying,01JH0ZSK9VP35HG27XV96QGK8P,TRUE,FALSE
01JH0ZW9PTABD0J6HN1NXZZHQK,say somehting,01JH0ZS6TEEZTSN6DTAG7QZ8YS,FALSE,FALSE
01JH0ZW9PTABD0J6HN1NXZZHQK,the black takes up the entire top portion of the square,01JH0ZFF7ZSP75ZGWGR8492XSG,TRUE,FALSE
01JH10TFYGNBGZ8NSHBFERXF6X,spiky house no chimely,01JH10D3QMW178B4QXDNK94Q9F,TRUE,FALSE
01JH16TB8ZJD37VWC78BYQYGZG,theres a triangle with a rectangle on right side,01JH16KS8FMSPVZ1AHHPTX9Z7Q,TRUE,FALSE
01JH16TB8ZJD37VWC78BYQYGZG,and a triangle on bottom left side,01JH16KS8FMSPVZ1AHHPTX9Z7Q,TRUE,FALSE
01JH10TFV55ZE7K9FS5WYQDJYZ,balancing objects,01JH10KQNGZFF28QS5MVWVGPEK,TRUE,FALSE
01JH10G6XMNMT9BHRJNS79CK79,the one you describe as T or arrow going left,01JH0ZRRSJTRCZ4ZDNZN1NM18J,TRUE,FALSE
01JH0ZHYEYGPREJ729AMQX1Y78,tripod on bottom,01JH0ZF8TRM7V47TBA0K2KGSW6,TRUE,FALSE
01JH0ZHYEYGPREJ729AMQX1Y78,bird on top,01JH0ZF8TRM7V47TBA0K2KGSW6,TRUE,FALSE
01JH10TG0VR9CRM53RJJWCEQRA,spiky cat with arrow underneath,01JH10KQNGZFF28QS5MVWVGPEK,TRUE,FALSE
01JH150E2N1TZQADFEEV5PFQ43,castle with two eyes,01JH14EHNP0989SWS80XTG93E8,TRUE,FALSE
01JH150E2N1TZQADFEEV5PFQ43,no baby,01JH14EHNP0989SWS80XTG93E8,TRUE,FALSE
01JH10G6QYN3SZQFE74092YD5R,small diamond on the right,01JH0ZRRSJTRCZ4ZDNZN1NM18J,TRUE,FALSE
01JH105EY8YMDTQCB801GDWAZ8,An arrow-like shape heading left and striking on a box size shape,01JH0ZSK9VP35HG27XV96QGK8P,TRUE,FALSE
01JH105F0TT91ZWHXAJT2SKYDA,Like a giant man on its side - jagged on left with two 'legs',01JH0ZVX8S2SBNZZFA5V7NKGW1,TRUE,FALSE
01JH10G6RBK13BV8XHVJE754AA,image that look like a bat man symbol,01JH0ZZQRJ088VTZ4BK5WZ5MYH,TRUE,FALSE
01JH10TG4E31SXWM094FGB36GZ,house no chimney arrow,01JH10KQNGZFF28QS5MVWVGPEK,TRUE,FALSE
01JH172DX9VES1YGZQ75AWA7AY,half chair and half funnel,01JH16T46ECRT2DCA0TCK3A9FY,TRUE,FALSE
01JH0ZW9NPSP8HX6WE401PMVCY,looks like a bird with a human body,01JH0ZS6TEEZTSN6DTAG7QZ8YS,TRUE,FALSE
01JH0Z604VT000DQ75MCNS1FCH,The bottom is a big point downwards,01JH0YWVP8MYRHJX6GYK4YNCSQ,TRUE,FALSE
01JH0ZNXHK7HGR4CNH5MF0R66F,Top left is square. 2 points to the right. No hole,01JH0ZGCE0SZNDNF9KEBZD782P,TRUE,FALSE
01JH0Z602KDZQXED2CFBV2M3MH,The top of the selected image looks like an arrow pointing up,01JH0YYB8YNEDQSFMX34EKSY7X,TRUE,FALSE
01JH0ZHYEJY18W16K679JA3SZV,"flat bottom, bird on top",01JH0YVPJHJA484R92F8Q7QA88,TRUE,FALSE
01JH0ZNXGD844Z3NQS0C7X2SA9,good job,01JH0ZDNTCH13XZDTNSGWAN5YP,FALSE,FALSE
01JH0ZNXGD844Z3NQS0C7X2SA9,lets keep it going,01JH0ZDNTCH13XZDTNSGWAN5YP,FALSE,FALSE
01JH0ZNXGD844Z3NQS0C7X2SA9,Little Diamond to the left. Large piece to the right,01JH0ZGCE0SZNDNF9KEBZD782P,TRUE,FALSE
01JH0ZNXGD844Z3NQS0C7X2SA9,take your time bro,01JH0ZDNTCH13XZDTNSGWAN5YP,FALSE,FALSE
01JH0ZNXHMZZJS3BC83JER2WY2,Triangle on the left. Flat along the right side. Big piece in middle,01JH0ZGCE0SZNDNF9KEBZD782P,TRUE,FALSE
01JH10G6VJDQETZWVBEHDCJAYZ,the one you classified as having a deep hole,01JH0ZRRSJTRCZ4ZDNZN1NM18J,TRUE,FALSE
01JH0Z6054PQ4J4K9VZ7KH8YH2,Big arrow pointing down at bottom,01JH0YWVP8MYRHJX6GYK4YNCSQ,TRUE,FALSE
01JH0ZW9R562H9802ZJ4XMV427,most solid shape.. not mountains on bottom,01JH0ZS6TEEZTSN6DTAG7QZ8YS,TRUE,FALSE
01JH10G6V5Y18FDNMRZDVSQSH0,triangle point right flat nose,01JH0ZRRSJTRCZ4ZDNZN1NM18J,TRUE,FALSE
01JH10G6V5Y18FDNMRZDVSQSH0,forgot how you said to descrive it,01JH0ZRRSJTRCZ4ZDNZN1NM18J,TRUE,TRUE
01JH11ATVEW6962JTBMGG7AA32,Clicking on something isn't working,01JH116VPDXTYT77ZFKS3VZ75G,NA,FALSE
01JH0ZNXJ2JHBXQBFXPCCY7XRY,that one was hard to be fair,01JH0ZDNTCH13XZDTNSGWAN5YP,FALSE,FALSE
01JH0ZNXJ2JHBXQBFXPCCY7XRY,Small square top left. hole on the right,01JH0ZGCE0SZNDNF9KEBZD782P,TRUE,FALSE
01JH0ZNXJ2JHBXQBFXPCCY7XRY,is there a diamond?,01JH0ZDNTCH13XZDTNSGWAN5YP,FALSE,FALSE
01JH0ZNXJ2JHBXQBFXPCCY7XRY,no,01JH0ZGCE0SZNDNF9KEBZD782P,TRUE,TRUE
01JH0ZNXJ2JHBXQBFXPCCY7XRY,or is it flat,01JH0ZDNTCH13XZDTNSGWAN5YP,FALSE,FALSE
01JH105EYKNWKQHSM64GWEDBKX,A big trapezoid in the right and left a pointed tail going upward,01JH0ZSK9VP35HG27XV96QGK8P,TRUE,FALSE
01JH0ZW9MVE4R69QYVJFB3EAMJ,person cross,01JH0ZS6TEEZTSN6DTAG7QZ8YS,TRUE,FALSE
01JH0ZNXJBH5TF395AC7HW0RCC,my bad lol,01JH0ZDNTCH13XZDTNSGWAN5YP,FALSE,FALSE
01JH0ZNXJBH5TF395AC7HW0RCC,Flat top in the middle. Flat whole right side. Triangle on the left,01JH0ZGCE0SZNDNF9KEBZD782P,TRUE,FALSE
01JH0ZNXJBH5TF395AC7HW0RCC,Flat top is not big,01JH0ZGCE0SZNDNF9KEBZD782P,TRUE,FALSE
01JH0ZNXJBH5TF395AC7HW0RCC,is there a small squarte,01JH0ZDNTCH13XZDTNSGWAN5YP,FALSE,FALSE
01JH0ZNXJBH5TF395AC7HW0RCC,on the right,01JH0ZDNTCH13XZDTNSGWAN5YP,FALSE,FALSE
01JH0ZNXJBH5TF395AC7HW0RCC,or a edge?,01JH0ZDNTCH13XZDTNSGWAN5YP,FALSE,FALSE
01JH0ZNXJWXVM7JTKWH10CQFBG,3 edges at the top left and 1 edge on the right#,01JH0ZDNTCH13XZDTNSGWAN5YP,TRUE,FALSE
01JH0ZNXJWXVM7JTKWH10CQFBG,hole?,01JH0ZGCE0SZNDNF9KEBZD782P,FALSE,FALSE
01JH0ZNXJWXVM7JTKWH10CQFBG,nope,01JH0ZDNTCH13XZDTNSGWAN5YP,TRUE,TRUE
01JH0ZNXJWXVM7JTKWH10CQFBG,3 edges bottom and top,01JH0ZDNTCH13XZDTNSGWAN5YP,TRUE,FALSE
01JH0ZNXJWXVM7JTKWH10CQFBG,diamond?,01JH0ZGCE0SZNDNF9KEBZD782P,FALSE,FALSE
01JH0ZNXJWXVM7JTKWH10CQFBG,no,01JH0ZDNTCH13XZDTNSGWAN5YP,TRUE,TRUE
01JH0ZW9NMFXYEF9J2XPVMWJ9W,it looks like a seal on a table,01JH0ZS6TEEZTSN6DTAG7QZ8YS,TRUE,FALSE
01JH16TBAZMG4F7BC9SDDQ2S84,theres a rectangular shape on the bottom right of this overall shape,01JH16KS8FMSPVZ1AHHPTX9Z7Q,TRUE,FALSE
01JH17BA3MBT4GM7MK3V5E3W2M,biggest but with edges,01JH16R0FXPRTDDKM3EZ4AHETJ,TRUE,FALSE
01JH0Z605TGAXKVKF0JDMTX8KR,Tree,01JH0YWVP8MYRHJX6GYK4YNCSQ,TRUE,FALSE
01JH0Z605TGAXKVKF0KCWJ6WB7,"Same again, big triangle base pointing down",01JH0YYB8YNEDQSFMX34EKSY7X,TRUE,FALSE
01JH10G6V2BZ3MPMEBFVR885EV,flat nose triangle pointing left,01JH0ZRRSJTRCZ4ZDNZN1NM18J,TRUE,FALSE
01JH0Z605MZC5G5G1DD81M11PS,"Tree, arrow pointing up at bottom",01JH0YWVP8MYRHJX6GYK4YNCSQ,TRUE,FALSE
01JH150E08DBW1NH0FAQHY1CQ8,"Castle, 2 eyes, running",01JH14NY2S2NX1EZN2C9RWX3P3,TRUE,FALSE
01JH172E8G1MBTP2A9RBS40E4V,llama walking with leg/tail dragging behind,01JH16T46ECRT2DCA0TCK3A9FY,TRUE,FALSE
01JH0ZHYF87GNH6MWTD0HY89W9,"spiky bottom, irregular top",01JH0YVPJHJA484R92F8Q7QA88,TRUE,FALSE
01JH0ZHYF87GNH6MWTD0HY89W9,not flat at top?,01JH0ZF8TRM7V47TBA0K2KGSW6,FALSE,FALSE
01JH0ZHYF87GNH6MWTD0HY89W9,asymmetrical top,01JH0YVPJHJA484R92F8Q7QA88,TRUE,FALSE
01JH0ZHYF87GNH6MWTD0HY89W9,yes flat at top,01JH0YVPJHJA484R92F8Q7QA88,TRUE,FALSE
01JH17B9WJ431PT80PHTNGWFBJ,a tree,01JH16R0FXPRTDDKM3EZ4AHETJ,TRUE,FALSE
01JH10G6R83FC4BDS1H917QNGF,image with arrow going left,01JH0ZRRSJTRCZ4ZDNZN1NM18J,TRUE,FALSE
01JH0ZW9P8DM4WNT5PPN8G50MV,"flat on boo, triangles on both sides with the hook that's open to the left",01JH0ZFF7ZSP75ZGWGR8492XSG,TRUE,FALSE
01JH0Z605AK08E2R69ZBCR5T6E,Big triangle on bottom facing down,01JH0YWVP8MYRHJX6GYK4YNCSQ,TRUE,FALSE
01JH10G6V9A20115RS1KP91486,with 3 triangles,01JH0ZZQRJ088VTZ4BK5WZ5MYH,TRUE,FALSE
01JH10TG0KJYJ2PMHNGB532AE3,spiky cat balencing object,01JH10D3QMW178B4QXDNK94Q9F,TRUE,FALSE
01JH10G6TJT5N8V8XFGRRJQZ0T,that one is the image with T,01JH0ZZQRJ088VTZ4BK5WZ5MYH,TRUE,FALSE
01JH10G6TJT5N8V8XFGRRJQZ0T,the one you classified as big diamond,01JH0ZZQRJ088VTZ4BK5WZ5MYH,TRUE,FALSE
01JH10TG21JQGN8J3DF6C1X4EB,spiky cat balancing,01JH10KQNGZFF28QS5MVWVGPEK,TRUE,FALSE
01JH0ZNXJFE6BM175TVHGPJ4XN,Triangle left. Flat on right. three shapes in total,01JH0ZGCE0SZNDNF9KEBZD782P,TRUE,FALSE
01JH0ZHYDV1NHXG6JWW7RW2J8K,"tripod bottom, ears on top",01JH0YVPJHJA484R92F8Q7QA88,TRUE,FALSE
01JH105EXJHQR426N5RAVS1H1C,Has a long bit on the left-hand side,01JH0ZVX8S2SBNZZFA5V7NKGW1,TRUE,FALSE
01JH105EXJHQR426N5RAVS1H1C,and a triangular bit in the middle,01JH0ZVX8S2SBNZZFA5V7NKGW1,TRUE,FALSE
01JH0Z605C4H9R3231A2T6VT8Q,Arrow at top pointing up,01JH0YWVP8MYRHJX6GYK4YNCSQ,TRUE,FALSE
01JH0Z6059DT26JPN3B40KAFCD,Diamond bottom right,01JH0YYB8YNEDQSFMX34EKSY7X,TRUE,FALSE
01JH10G6RZRJSMHDNT8QN4EGHP,look for the image with small square in it,01JH0ZZQRJ088VTZ4BK5WZ5MYH,TRUE,FALSE
01JH10TFVG85PWPNJ87WDTNR7S,house with chimely and an arrow,01JH10D3QMW178B4QXDNK94Q9F,TRUE,FALSE
01JH17Y2B2ZPRFE8ECW7DM5SRE,sow me,01JH17A1DH58WY3B9AYQZV979F,NA,FALSE
01JH105EWY4J27K4JPY6F5BFYP,"Right is blocky with straight line edge, left has a bit pointing upwards",01JH0ZVX8S2SBNZZFA5V7NKGW1,TRUE,FALSE
01JH17Y28EVVQ8AXX9YF02HYA9,which one,01JH17A1DH58WY3B9AYQZV979F,NA,FALSE
01JH0ZNXK0GDAS12W81PTJF2NN,triangle on the left and 1 small one on the right,01JH0ZDNTCH13XZDTNSGWAN5YP,TRUE,FALSE
01JH0ZNXK0GDAS12W81PTJF2NN,2 edges top and bottom,01JH0ZDNTCH13XZDTNSGWAN5YP,TRUE,FALSE
01JH0ZNXK0GDAS12W81PTJF2NN,2 or 3 points to the right?,01JH0ZGCE0SZNDNF9KEBZD782P,FALSE,FALSE
01JH0ZNXK0GDAS12W81PTJF2NN,2,01JH0ZDNTCH13XZDTNSGWAN5YP,TRUE,FALSE
01JH0ZNXJ8KJ14HFVA5BK5HX91,Flat top right. triangle on left. 3 points to the right,01JH0ZGCE0SZNDNF9KEBZD782P,TRUE,FALSE
01JH0ZNXJCVHJK83TJDBJQ3YXW,right is flat and left huge tirangle with hole in tghe middle,01JH0ZDNTCH13XZDTNSGWAN5YP,TRUE,FALSE
01JH0ZNXJCVHJK83TJDBJQ3YXW,triangle with hole on the left,01JH0ZDNTCH13XZDTNSGWAN5YP,TRUE,FALSE
01JH0ZNXJCVHJK83TJDBJQ3YXW,right is flat,01JH0ZDNTCH13XZDTNSGWAN5YP,TRUE,FALSE
01JH0ZNXJCVHJK83TJDBJQ3YXW,no diamond,01JH0ZDNTCH13XZDTNSGWAN5YP,TRUE,FALSE
01JH17B9TDV3FTVEPF27STB05Y,the previous one the arrow,01JH16R0FXPRTDDKM3EZ4AHETJ,TRUE,FALSE
01JH17B9YK1X8BV7A3ANQE9ED1,a chines house,01JH16R0FXPRTDDKM3EZ4AHETJ,TRUE,FALSE
01JH0Z6059DT26JPN3C166V26R,Same triangle base,01JH0YWVP8MYRHJX6GYK4YNCSQ,TRUE,FALSE